ISO-10303-21;
HEADER;
FILE_DESCRIPTION((''),'2;1');
FILE_NAME('pogo_16x4.5_standard_stroke', '2026-08-06T11:01:51', (''), (''), 'ImageToStl.com STEP Converter','', '');
FILE_SCHEMA(('AUTOMOTIVE_DESIGN_CC2'));
ENDSEC;
DATA;
#1=PRODUCT_DEFINITION_CONTEXT('',#4,'design');
#2=APPLICATION_PROTOCOL_DEFINITION('INTERNATIONAL STANDARD','automotive_design',1994,#4);
#3=(GEOMETRIC_REPRESENTATION_CONTEXT(3)GLOBAL_UNCERTAINTY_ASSIGNED_CONTEXT((#5))GLOBAL_UNIT_ASSIGNED_CONTEXT((#6,#7,#8))REPRESENTATION_CONTEXT('NONE','WORKSPACE'));
#4=APPLICATION_CONTEXT(' ');
#5=UNCERTAINTY_MEASURE_WITH_UNIT(LENGTH_MEASURE(1.0E-006),#6,'','');
#6=(CONVERSION_BASED_UNIT('METRE',#10)LENGTH_UNIT()NAMED_UNIT(#11));
#7=(NAMED_UNIT(#12)PLANE_ANGLE_UNIT()SI_UNIT($,.RADIAN.));
#8=(NAMED_UNIT(#12)SOLID_ANGLE_UNIT()SI_UNIT($,.STERADIAN.));
#9=AXIS2_PLACEMENT_3D('',#14,#15,#16);
#10=LENGTH_MEASURE_WITH_UNIT(LENGTH_MEASURE(1.0),#17);
#11=DIMENSIONAL_EXPONENTS(1.0,0.0,0.0,0.0,0.0,0.0,0.0);
#12=DIMENSIONAL_EXPONENTS(0.0,0.0,0.0,0.0,0.0,0.0,0.0);
#13=PRODUCT_CONTEXT('',#4,'mechanical');
#14=CARTESIAN_POINT('',(0.0,0.0,0.0));
#15=DIRECTION('',(0.0,0.0,1.0));
#16=DIRECTION('',(1.0,0.0,0.0));
#17=(NAMED_UNIT(#11)LENGTH_UNIT()SI_UNIT(.MILLI.,.METRE.));
#18=PRESENTATION_STYLE_ASSIGNMENT((#19));
#19=SURFACE_STYLE_USAGE(.BOTH.,#20);
#20=SURFACE_SIDE_STYLE('',(#21));
#21=SURFACE_STYLE_FILL_AREA(#22);
#22=FILL_AREA_STYLE('',(#23));
#23=FILL_AREA_STYLE_COLOUR('',#24);
#24=COLOUR_RGB('',0.9,0.9,0.9);
#25=SHAPE_DEFINITION_REPRESENTATION(#26,#27);
#26=PRODUCT_DEFINITION_SHAPE('productshape0','',#30);
#27=MANIFOLD_SURFACE_SHAPE_REPRESENTATION('',(#28,#9),#3);
#28=SHELL_BASED_SURFACE_MODEL('shell0',(#33));
#29=PRODUCT('product0','','',(#13));
#30=PRODUCT_DEFINITION('mesh0','',#31,#2);
#31=PRODUCT_DEFINITION_FORMATION_WITH_SPECIFIED_SOURCE('prodsource0','',#29,.NOT_KNOWN.);
#32=STYLED_ITEM('',(#18),#33);
#33=CLOSED_SHELL('',(#802,#824,#846,#868,#890,#912,#934,#956,#978,#1000,#1022,#1044,#1066,#1088,#1110,#1132,#1154,#1176,#1198,#1220,#1242,#1264,#1286,#1308,#1330,#1352,#1374,#1396,#1418,#1440,#1462,#1484,#1506,#1528,#1550,#1572,#1594,#1616,#1638,#1660,#1682,#1704,#1726,#1748,#1770,#1792,#1814,#1836,#1858,#1880,#1902,#1924,#1946,#1968,#1990,#2012,#2034,#2056,#2078,#2100,#2122,#2144,#2166,#2188,#2210,#2232,#2254,#2276,#2298,#2320,#2342,#2364,#2386,#2408,#2430,#2452,#2474,#2496,#2518,#2540,#2562,#2584,#2606,#2628,#2650,#2672,#2694,#2716,#2738,#2760,#2782,#2804,#2826,#2848,#2870,#2892,#2914,#2936,#2958,#2980,#3002,#3024,#3046,#3068,#3090,#3112,#3134,#3156,#3178,#3200,#3222,#3244,#3266,#3288,#3310,#3332,#3354,#3376,#3398,#3420,#3442,#3464,#3486,#3508,#3530,#3552,#3574,#3596,#3618,#3640,#3662,#3684,#3706,#3728,#3750,#3772,#3794,#3816,#3838,#3860,#3882,#3904,#3926,#3948,#3970,#3992,#4014,#4036,#4058,#4080,#4102,#4124,#4146,#4168,#4190,#4212,#4234,#4256,#4278,#4300,#4322,#4344,#4366,#4388,#4410,#4432,#4454,#4476,#4498,#4520,#4542,#4564,#4586,#4608,#4630,#4652,#4674,#4696,#4718,#4740,#4762,#4784,#4806,#4828,#4850,#4872,#4894,#4916,#4938,#4960,#4982,#5004,#5026,#5048,#5070,#5092,#5114,#5136,#5158,#5180,#5202,#5224,#5246,#5268,#5290,#5312,#5334,#5356,#5378,#5400,#5422,#5444,#5466,#5488,#5510,#5532,#5554,#5576,#5598,#5620,#5642,#5664,#5686,#5708,#5730,#5752,#5774,#5796,#5818,#5840,#5862,#5884,#5906,#5928,#5950,#5972,#5994,#6016,#6038,#6060,#6082,#6104,#6126,#6148,#6170,#6192,#6214,#6236,#6258,#6280,#6302,#6324,#6346,#6368,#6390,#6412,#6434,#6456,#6478,#6500,#6522,#6544,#6566,#6588,#6610,#6632,#6654,#6676,#6698,#6720,#6742,#6764,#6786,#6808,#6830,#6852,#6874,#6896,#6918,#6940,#6962,#6984,#7006,#7028,#7050,#7072,#7094,#7116,#7138,#7160,#7182,#7204,#7226,#7248,#7270,#7292,#7314,#7336,#7358,#7380,#7402,#7424,#7446,#7468,#7490,#7512,#7534,#7556,#7578,#7600,#7622,#7644,#7666,#7688,#7710,#7732,#7754,#7776,#7798,#7820,#7842,#7864,#7886,#7908,#7930,#7952,#7974,#7996,#8018,#8040,#8062,#8084,#8106,#8128,#8150,#8172,#8194,#8216,#8238,#8260,#8282,#8304,#8326,#8348,#8370,#8392,#8414,#8436,#8458,#8480,#8502,#8524,#8546,#8568,#8590,#8612,#8634,#8656,#8678,#8700,#8722,#8744,#8766,#8788,#8810,#8832,#8854,#8876,#8898,#8920,#8942,#8964,#8986,#9008,#9030,#9052,#9074,#9096,#9118,#9140,#9162,#9184,#9206,#9228,#9250,#9272,#9294,#9316,#9338,#9360,#9382,#9404,#9426,#9448,#9470,#9492,#9514,#9536,#9558,#9580,#9602,#9624,#9646,#9668,#9690,#9712,#9734,#9756,#9778,#9800,#9822,#9844,#9866,#9888,#9910,#9932,#9954,#9976,#9998,#10020,#10042,#10064,#10086,#10108,#10130,#10152,#10174,#10196,#10218,#10240,#10262,#10284,#10306,#10328,#10350,#10372,#10394,#10416,#10438,#10460,#10482,#10504,#10526,#10548,#10570,#10592,#10614,#10636,#10658,#10680,#10702,#10724,#10746,#10768,#10790,#10812,#10834,#10856,#10878,#10900,#10922,#10944,#10966,#10988,#11010,#11032,#11054,#11076,#11098,#11120,#11142,#11164,#11186,#11208,#11230,#11252,#11274,#11296,#11318,#11340,#11362,#11384,#11406,#11428,#11450,#11472,#11494,#11516,#11538,#11560,#11582,#11604,#11626,#11648,#11670,#11692,#11714,#11736,#11758,#11780,#11802,#11824,#11846,#11868,#11890,#11912,#11934,#11956,#11978,#12000,#12022,#12044,#12066,#12088,#12110,#12132,#12154,#12176,#12198,#12220,#12242,#12264,#12286,#12308,#12330,#12352,#12374,#12396,#12418,#12440,#12462,#12484,#12506,#12528,#12550,#12572,#12594,#12616,#12638,#12660,#12682,#12704,#12726,#12748,#12770,#12792,#12814,#12836,#12858,#12880,#12902,#12924,#12946,#12968,#12990,#13012,#13034,#13056,#13078,#13100,#13122,#13144,#13166,#13188,#13210,#13232,#13254,#13276,#13298,#13320,#13342,#13364,#13386,#13408,#13430,#13452,#13474,#13496,#13518,#13540,#13562,#13584,#13606,#13628,#13650,#13672,#13694,#13716,#13738,#13760,#13782,#13804,#13826,#13848,#13870,#13892,#13914,#13936,#13958,#13980,#14002,#14024,#14046,#14068,#14090,#14112,#14134,#14156,#14178,#14200,#14222,#14244,#14266,#14288,#14310,#14332,#14354,#14376,#14398,#14420,#14442,#14464,#14486,#14508,#14530,#14552,#14574,#14596,#14618,#14640,#14662,#14684,#14706,#14728,#14750,#14772,#14794,#14816,#14838,#14860,#14882,#14904,#14926,#14948,#14970,#14992,#15014,#15036,#15058,#15080,#15102,#15124,#15146,#15168,#15190,#15212,#15234,#15256,#15278,#15300,#15322,#15344,#15366,#15388,#15410,#15432,#15454,#15476,#15498,#15520,#15542,#15564,#15586,#15608,#15630,#15652,#15674,#15696,#15718,#15740,#15762,#15784,#15806,#15828,#15850,#15872,#15894,#15916,#15938,#15960,#15982,#16004,#16026,#16048,#16070,#16092,#16114,#16136,#16158,#16180,#16202,#16224,#16246,#16268,#16290,#16312,#16334,#16356,#16378,#16400,#16422,#16444,#16466,#16488,#16510,#16532,#16554,#16576,#16598,#16620,#16642,#16664,#16686,#16708,#16730,#16752,#16774,#16796,#16818,#16840,#16862,#16884,#16906,#16928,#16950,#16972,#16994,#17016,#17038,#17060,#17082,#17104,#17126,#17148,#17170,#17192,#17214,#17236,#17258,#17280,#17302,#17324,#17346,#17368,#17390,#17412,#17434,#17456,#17478,#17500,#17522,#17544,#17566,#17588));
#34=CARTESIAN_POINT('',(1.3170000314712524,1.2239999771118164,2.690000057220459));
#35=VERTEX_POINT('',#34);
#36=CARTESIAN_POINT('',(1.2740000486373901,1.2740000486373901,2.690000057220459));
#37=VERTEX_POINT('',#36);
#38=CARTESIAN_POINT('',(1.2740000486373901,1.2740000486373901,3.0999999046325684));
#39=VERTEX_POINT('',#38);
#40=CARTESIAN_POINT('',(0.12300000339746475,0.4580000042915344,0.4099999964237213));
#41=VERTEX_POINT('',#40);
#42=CARTESIAN_POINT('',(0.21400000154972076,0.5130000114440918,0.4099999964237213));
#43=VERTEX_POINT('',#42);
#44=CARTESIAN_POINT('',(0.07000000029802322,0.5649999976158142,0.4099999964237213));
#45=VERTEX_POINT('',#44);
#46=CARTESIAN_POINT('',(0.10499999672174454,0.9200000166893005,0.4099999964237213));
#47=VERTEX_POINT('',#46);
#48=CARTESIAN_POINT('',(0,0.9150000214576721,0.4099999964237213));
#49=VERTEX_POINT('',#48);
#50=CARTESIAN_POINT('',(0.1120000034570694,0.8140000104904175,0.4099999964237213));
#51=VERTEX_POINT('',#50);
#52=CARTESIAN_POINT('',(0.1889999955892563,0.3580000102519989,0.4099999964237213));
#53=VERTEX_POINT('',#52);
#54=CARTESIAN_POINT('',(0.27300000190734863,0.42399999499320984,0.4099999964237213));
#55=VERTEX_POINT('',#54);
#56=CARTESIAN_POINT('',(0.00800000037997961,0.7960000038146973,0.4099999964237213));
#57=VERTEX_POINT('',#56);
#58=CARTESIAN_POINT('',(0.13300000131130219,0.7089999914169312,0.4099999964237213));
#59=VERTEX_POINT('',#58);
#60=CARTESIAN_POINT('',(1.2649999856948853,1.7599999904632568,0));
#61=VERTEX_POINT('',#60);
#62=CARTESIAN_POINT('',(1.034000039100647,0.00800000037997961,0));
#63=VERTEX_POINT('',#62);
#64=CARTESIAN_POINT('',(1.1519999504089355,1.7990000247955322,0));
#65=VERTEX_POINT('',#64);
#66=CARTESIAN_POINT('',(1.3730000257492065,1.7070000171661377,0));
#67=VERTEX_POINT('',#66);
#68=CARTESIAN_POINT('',(1.472000002861023,1.6410000324249268,0));
#69=VERTEX_POINT('',#68);
#70=CARTESIAN_POINT('',(1.562000036239624,1.562000036239624,0));
#71=VERTEX_POINT('',#70);
#72=CARTESIAN_POINT('',(1.6410000324249268,1.472000002861023,0));
#73=VERTEX_POINT('',#72);
#74=CARTESIAN_POINT('',(1.7070000171661377,1.3730000257492065,0));
#75=VERTEX_POINT('',#74);
#76=CARTESIAN_POINT('',(1.7599999904632568,1.2649999856948853,0));
#77=VERTEX_POINT('',#76);
#78=CARTESIAN_POINT('',(1.7990000247955322,1.1519999504089355,0));
#79=VERTEX_POINT('',#78);
#80=CARTESIAN_POINT('',(1.8220000267028809,1.034000039100647,0));
#81=VERTEX_POINT('',#80);
#82=CARTESIAN_POINT('',(0.2680000066757202,0.2680000066757202,0.4099999964237213));
#83=VERTEX_POINT('',#82);
#84=CARTESIAN_POINT('',(0.03099999949336052,0.6779999732971191,0.4099999964237213));
#85=VERTEX_POINT('',#84);
#86=CARTESIAN_POINT('',(0.16699999570846558,0.6079999804496765,0.4099999964237213));
#87=VERTEX_POINT('',#86);
#88=CARTESIAN_POINT('',(1.4160000085830688,0.27300000190734863,1.1100000143051147));
#89=VERTEX_POINT('',#88);
#90=CARTESIAN_POINT('',(1.2949999570846558,0.27000001072883606,1.1100000143051147));
#91=VERTEX_POINT('',#90);
#92=CARTESIAN_POINT('',(1.3279999494552612,0.21400000154972076,1.1100000143051147));
#93=VERTEX_POINT('',#92);
#94=CARTESIAN_POINT('',(1.1139999628067017,0.19599999487400055,1.1100000143051147));
#95=VERTEX_POINT('',#94);
#96=CARTESIAN_POINT('',(1.0180000066757202,0.17599999904632568,1.1100000143051147));
#97=VERTEX_POINT('',#96);
#98=CARTESIAN_POINT('',(1.13100004196167,0.13300000131130219,1.1100000143051147));
#99=VERTEX_POINT('',#98);
#100=CARTESIAN_POINT('',(0.9200000166893005,1.4199999570846558,2.690000057220459));
#101=VERTEX_POINT('',#100);
#102=CARTESIAN_POINT('',(0.9200000166893005,1.6699999570846558,2.690000057220459));
#103=VERTEX_POINT('',#102);
#104=CARTESIAN_POINT('',(0.8550000190734863,1.4160000085830688,2.690000057220459));
#105=VERTEX_POINT('',#104);
#106=CARTESIAN_POINT('',(0.3580000102519989,0.1889999955892563,0.4099999964237213));
#107=VERTEX_POINT('',#106);
#108=CARTESIAN_POINT('',(0.42399999499320984,0.27300000190734863,0.4099999964237213));
#109=VERTEX_POINT('',#108);
#110=CARTESIAN_POINT('',(1.496000051498413,0.3440000116825104,1.1100000143051147));
#111=VERTEX_POINT('',#110);
#112=CARTESIAN_POINT('',(1.3769999742507935,0.32499998807907104,1.1100000143051147));
#113=VERTEX_POINT('',#112);
#114=CARTESIAN_POINT('',(1.2070000171661377,0.22699999809265137,1.1100000143051147));
#115=VERTEX_POINT('',#114);
#116=CARTESIAN_POINT('',(1.2319999933242798,0.16699999570846558,1.1100000143051147));
#117=VERTEX_POINT('',#116);
#118=CARTESIAN_POINT('',(0.4580000042915344,0.12300000339746475,0.4099999964237213));
#119=VERTEX_POINT('',#118);
#120=CARTESIAN_POINT('',(1.2239999771118164,1.3170000314712524,2.690000057220459));
#121=VERTEX_POINT('',#120);
#122=CARTESIAN_POINT('',(0.7910000085830688,1.402999997138977,2.690000057220459));
#123=VERTEX_POINT('',#122);
#124=CARTESIAN_POINT('',(0.7260000109672546,1.6440000534057617,2.690000057220459));
#125=VERTEX_POINT('',#124);
#126=CARTESIAN_POINT('',(0.7289999723434448,1.3819999694824219,2.690000057220459));
#127=VERTEX_POINT('',#126);
#128=CARTESIAN_POINT('',(0.3440000116825104,0.3440000116825104,0.4099999964237213));
#129=VERTEX_POINT('',#128);
#130=CARTESIAN_POINT('',(0.5130000114440918,0.21400000154972076,0.4099999964237213));
#131=VERTEX_POINT('',#130);
#132=CARTESIAN_POINT('',(0.6330000162124634,1.6130000352859497,2.690000057220459));
#133=VERTEX_POINT('',#132);
#134=CARTESIAN_POINT('',(0.6700000166893005,1.3530000448226929,2.690000057220459));
#135=VERTEX_POINT('',#134);
#136=CARTESIAN_POINT('',(0.5450000166893005,1.5700000524520874,2.690000057220459));
#137=VERTEX_POINT('',#136);
#138=CARTESIAN_POINT('',(0.6159999966621399,1.3170000314712524,2.690000057220459));
#139=VERTEX_POINT('',#138);
#140=CARTESIAN_POINT('',(0.46299999952316284,1.5149999856948853,2.690000057220459));
#141=VERTEX_POINT('',#140);
#142=CARTESIAN_POINT('',(0.5659999847412109,1.2740000486373901,2.690000057220459));
#143=VERTEX_POINT('',#142);
#144=CARTESIAN_POINT('',(0.38999998569488525,1.4500000476837158,2.690000057220459));
#145=VERTEX_POINT('',#144);
#146=CARTESIAN_POINT('',(0.32499998807907104,1.3769999742507935,2.690000057220459));
#147=VERTEX_POINT('',#146);
#148=CARTESIAN_POINT('',(0.27000001072883606,1.2949999570846558,2.690000057220459));
#149=VERTEX_POINT('',#148);
#150=CARTESIAN_POINT('',(0.22699999809265137,1.2070000171661377,2.690000057220459));
#151=VERTEX_POINT('',#150);
#152=CARTESIAN_POINT('',(0.4869999885559082,1.1699999570846558,2.690000057220459));
#153=VERTEX_POINT('',#152);
#154=CARTESIAN_POINT('',(0.5230000019073486,1.2239999771118164,2.690000057220459));
#155=VERTEX_POINT('',#154);
#156=CARTESIAN_POINT('',(1.7990000247955322,1.1519999504089355,0.4099999964237213));
#157=VERTEX_POINT('',#156);
#158=CARTESIAN_POINT('',(1.8220000267028809,1.034000039100647,0.4099999964237213));
#159=VERTEX_POINT('',#158);
#160=CARTESIAN_POINT('',(0.9200000166893005,1.4199999570846558,3.0999999046325684));
#161=VERTEX_POINT('',#160);
#162=CARTESIAN_POINT('',(0.9850000143051147,1.4160000085830688,2.690000057220459));
#163=VERTEX_POINT('',#162);
#164=CARTESIAN_POINT('',(1.7599999904632568,1.2649999856948853,0.4099999964237213));
#165=VERTEX_POINT('',#164);
#166=CARTESIAN_POINT('',(0.8550000190734863,1.4160000085830688,3.0999999046325684));
#167=VERTEX_POINT('',#166);
#168=CARTESIAN_POINT('',(1.7070000171661377,1.3730000257492065,0.4099999964237213));
#169=VERTEX_POINT('',#168);
#170=CARTESIAN_POINT('',(1.6410000324249268,1.472000002861023,0.4099999964237213));
#171=VERTEX_POINT('',#170);
#172=CARTESIAN_POINT('',(0.4580000042915344,1.1109999418258667,2.690000057220459));
#173=VERTEX_POINT('',#172);
#174=CARTESIAN_POINT('',(0.19599999487400055,1.1139999628067017,2.690000057220459));
#175=VERTEX_POINT('',#174);
#176=CARTESIAN_POINT('',(1.562000036239624,1.562000036239624,0.4099999964237213));
#177=VERTEX_POINT('',#176);
#178=CARTESIAN_POINT('',(0.7289999723434448,1.3819999694824219,3.0999999046325684));
#179=VERTEX_POINT('',#178);
#180=CARTESIAN_POINT('',(1.472000002861023,1.6410000324249268,0.4099999964237213));
#181=VERTEX_POINT('',#180);
#182=CARTESIAN_POINT('',(1.3730000257492065,1.7070000171661377,0.4099999964237213));
#183=VERTEX_POINT('',#182);
#184=CARTESIAN_POINT('',(0.6700000166893005,1.3530000448226929,3.0999999046325684));
#185=VERTEX_POINT('',#184);
#186=CARTESIAN_POINT('',(1.2649999856948853,1.7599999904632568,0.4099999964237213));
#187=VERTEX_POINT('',#186);
#188=CARTESIAN_POINT('',(1.4500000476837158,0.38999998569488525,2.690000057220459));
#189=VERTEX_POINT('',#188);
#190=CARTESIAN_POINT('',(1.2740000486373901,0.5659999847412109,2.690000057220459));
#191=VERTEX_POINT('',#190);
#192=CARTESIAN_POINT('',(1.3769999742507935,0.32499998807907104,2.690000057220459));
#193=VERTEX_POINT('',#192);
#194=CARTESIAN_POINT('',(1.2239999771118164,0.5230000019073486,2.690000057220459));
#195=VERTEX_POINT('',#194);
#196=CARTESIAN_POINT('',(1.2949999570846558,0.27000001072883606,2.690000057220459));
#197=VERTEX_POINT('',#196);
#198=CARTESIAN_POINT('',(1.1699999570846558,0.4869999885559082,2.690000057220459));
#199=VERTEX_POINT('',#198);
#200=CARTESIAN_POINT('',(1.2070000171661377,0.22699999809265137,2.690000057220459));
#201=VERTEX_POINT('',#200);
#202=CARTESIAN_POINT('',(1.1519999504089355,1.7990000247955322,0.4099999964237213));
#203=VERTEX_POINT('',#202);
#204=CARTESIAN_POINT('',(1.034000039100647,1.8220000267028809,0));
#205=VERTEX_POINT('',#204);
#206=CARTESIAN_POINT('',(1.034000039100647,1.8220000267028809,0.4099999964237213));
#207=VERTEX_POINT('',#206);
#208=CARTESIAN_POINT('',(0.5659999847412109,1.2740000486373901,3.0999999046325684));
#209=VERTEX_POINT('',#208);
#210=CARTESIAN_POINT('',(0.9150000214576721,1.8300000429153442,0.4099999964237213));
#211=VERTEX_POINT('',#210);
#212=CARTESIAN_POINT('',(0.9150000214576721,1.8300000429153442,0));
#213=VERTEX_POINT('',#212);
#214=CARTESIAN_POINT('',(1.5670000314712524,0.42399999499320984,1.1100000143051147));
#215=VERTEX_POINT('',#214);
#216=CARTESIAN_POINT('',(1.5149999856948853,0.46299999952316284,1.1100000143051147));
#217=VERTEX_POINT('',#216);
#218=CARTESIAN_POINT('',(0.7960000038146973,1.8220000267028809,0));
#219=VERTEX_POINT('',#218);
#220=CARTESIAN_POINT('',(0.7960000038146973,1.8220000267028809,0.4099999964237213));
#221=VERTEX_POINT('',#220);
#222=CARTESIAN_POINT('',(1.6699999570846558,0.9200000166893005,2.690000057220459));
#223=VERTEX_POINT('',#222);
#224=CARTESIAN_POINT('',(1.6640000343322754,1.0180000066757202,2.690000057220459));
#225=VERTEX_POINT('',#224);
#226=CARTESIAN_POINT('',(1.4160000085830688,0.9850000143051147,2.690000057220459));
#227=VERTEX_POINT('',#226);
#228=CARTESIAN_POINT('',(1.4199999570846558,0.9200000166893005,2.690000057220459));
#229=VERTEX_POINT('',#228);
#230=CARTESIAN_POINT('',(1.4160000085830688,0.8550000190734863,2.690000057220459));
#231=VERTEX_POINT('',#230);
#232=CARTESIAN_POINT('',(1.3530000448226929,0.6700000166893005,2.690000057220459));
#233=VERTEX_POINT('',#232);
#234=CARTESIAN_POINT('',(1.3170000314712524,0.6159999966621399,2.690000057220459));
#235=VERTEX_POINT('',#234);
#236=CARTESIAN_POINT('',(1.5700000524520874,0.5450000166893005,2.690000057220459));
#237=VERTEX_POINT('',#236);
#238=CARTESIAN_POINT('',(1.5149999856948853,0.46299999952316284,2.690000057220459));
#239=VERTEX_POINT('',#238);
#240=CARTESIAN_POINT('',(1.6130000352859497,0.6330000162124634,2.690000057220459));
#241=VERTEX_POINT('',#240);
#242=CARTESIAN_POINT('',(1.6440000534057617,0.7260000109672546,2.690000057220459));
#243=VERTEX_POINT('',#242);
#244=CARTESIAN_POINT('',(1.3819999694824219,0.7289999723434448,2.690000057220459));
#245=VERTEX_POINT('',#244);
#246=CARTESIAN_POINT('',(1.402999997138977,0.7910000085830688,2.690000057220459));
#247=VERTEX_POINT('',#246);
#248=CARTESIAN_POINT('',(1.6640000343322754,0.8220000267028809,2.690000057220459));
#249=VERTEX_POINT('',#248);
#250=CARTESIAN_POINT('',(1.4500000476837158,0.38999998569488525,1.1100000143051147));
#251=VERTEX_POINT('',#250);
#252=CARTESIAN_POINT('',(1.6260000467300415,0.5130000114440918,1.1100000143051147));
#253=VERTEX_POINT('',#252);
#254=CARTESIAN_POINT('',(1.5700000524520874,0.5450000166893005,1.1100000143051147));
#255=VERTEX_POINT('',#254);
#256=CARTESIAN_POINT('',(0.6779999732971191,1.7990000247955322,0));
#257=VERTEX_POINT('',#256);
#258=CARTESIAN_POINT('',(0.6779999732971191,1.7990000247955322,0.4099999964237213));
#259=VERTEX_POINT('',#258);
#260=CARTESIAN_POINT('',(0.43700000643730164,1.0490000247955322,2.690000057220459));
#261=VERTEX_POINT('',#260);
#262=CARTESIAN_POINT('',(0.43700000643730164,1.0490000247955322,3.0999999046325684));
#263=VERTEX_POINT('',#262);
#264=CARTESIAN_POINT('',(1.0490000247955322,0.43700000643730164,2.690000057220459));
#265=VERTEX_POINT('',#264);
#266=CARTESIAN_POINT('',(1.1139999628067017,0.19599999487400055,2.690000057220459));
#267=VERTEX_POINT('',#266);
#268=CARTESIAN_POINT('',(1.1109999418258667,0.4580000042915344,2.690000057220459));
#269=VERTEX_POINT('',#268);
#270=CARTESIAN_POINT('',(0.5649999976158142,1.7599999904632568,0));
#271=VERTEX_POINT('',#270);
#272=CARTESIAN_POINT('',(0.5649999976158142,1.7599999904632568,0.4099999964237213));
#273=VERTEX_POINT('',#272);
#274=CARTESIAN_POINT('',(1.6729999780654907,0.6079999804496765,1.1100000143051147));
#275=VERTEX_POINT('',#274);
#276=CARTESIAN_POINT('',(1.6130000352859497,0.6330000162124634,1.1100000143051147));
#277=VERTEX_POINT('',#276);
#278=CARTESIAN_POINT('',(0.4580000042915344,1.7070000171661377,0));
#279=VERTEX_POINT('',#278);
#280=CARTESIAN_POINT('',(0.4580000042915344,1.7070000171661377,0.4099999964237213));
#281=VERTEX_POINT('',#280);
#282=CARTESIAN_POINT('',(0.3580000102519989,1.6410000324249268,0));
#283=VERTEX_POINT('',#282);
#284=CARTESIAN_POINT('',(0.3580000102519989,1.6410000324249268,0.4099999964237213));
#285=VERTEX_POINT('',#284);
#286=CARTESIAN_POINT('',(1.7350000143051147,0.9200000166893005,1.1100000143051147));
#287=VERTEX_POINT('',#286);
#288=CARTESIAN_POINT('',(1.7280000448226929,1.0260000228881836,1.1100000143051147));
#289=VERTEX_POINT('',#288);
#290=CARTESIAN_POINT('',(1.6640000343322754,1.0180000066757202,1.1100000143051147));
#291=VERTEX_POINT('',#290);
#292=CARTESIAN_POINT('',(1.6699999570846558,0.9200000166893005,1.1100000143051147));
#293=VERTEX_POINT('',#292);
#294=CARTESIAN_POINT('',(0.2680000066757202,1.562000036239624,0));
#295=VERTEX_POINT('',#294);
#296=CARTESIAN_POINT('',(0.2680000066757202,1.562000036239624,0.4099999964237213));
#297=VERTEX_POINT('',#296);
#298=CARTESIAN_POINT('',(0.19599999487400055,1.1139999628067017,1.1100000143051147));
#299=VERTEX_POINT('',#298);
#300=CARTESIAN_POINT('',(0.1889999955892563,1.472000002861023,0));
#301=VERTEX_POINT('',#300);
#302=CARTESIAN_POINT('',(0.1889999955892563,1.472000002861023,0.4099999964237213));
#303=VERTEX_POINT('',#302);
#304=CARTESIAN_POINT('',(0.17599999904632568,1.0180000066757202,1.1100000143051147));
#305=VERTEX_POINT('',#304);
#306=CARTESIAN_POINT('',(0.12300000339746475,1.3730000257492065,0));
#307=VERTEX_POINT('',#306);
#308=CARTESIAN_POINT('',(0.12300000339746475,1.3730000257492065,0.4099999964237213));
#309=VERTEX_POINT('',#308);
#310=CARTESIAN_POINT('',(0.07000000029802322,1.2649999856948853,0));
#311=VERTEX_POINT('',#310);
#312=CARTESIAN_POINT('',(0.07000000029802322,1.2649999856948853,0.4099999964237213));
#313=VERTEX_POINT('',#312);
#314=CARTESIAN_POINT('',(0.03099999949336052,1.1519999504089355,0));
#315=VERTEX_POINT('',#314);
#316=CARTESIAN_POINT('',(0.00800000037997961,1.034000039100647,0));
#317=VERTEX_POINT('',#316);
#318=CARTESIAN_POINT('',(0.03099999949336052,1.1519999504089355,0.4099999964237213));
#319=VERTEX_POINT('',#318);
#320=CARTESIAN_POINT('',(0.00800000037997961,1.034000039100647,0.4099999964237213));
#321=VERTEX_POINT('',#320);
#322=CARTESIAN_POINT('',(0.7260000109672546,0.19599999487400055,1.1100000143051147));
#323=VERTEX_POINT('',#322);
#324=CARTESIAN_POINT('',(0.7260000109672546,0.19599999487400055,2.690000057220459));
#325=VERTEX_POINT('',#324);
#326=CARTESIAN_POINT('',(0.6330000162124634,0.22699999809265137,2.690000057220459));
#327=VERTEX_POINT('',#326);
#328=CARTESIAN_POINT('',(1.1519999504089355,0.03099999949336052,0));
#329=VERTEX_POINT('',#328);
#330=CARTESIAN_POINT('',(1.1519999504089355,0.03099999949336052,0.4099999964237213));
#331=VERTEX_POINT('',#330);
#332=CARTESIAN_POINT('',(1.034000039100647,0.00800000037997961,0.4099999964237213));
#333=VERTEX_POINT('',#332);
#334=CARTESIAN_POINT('',(1.2649999856948853,0.07000000029802322,0));
#335=VERTEX_POINT('',#334);
#336=CARTESIAN_POINT('',(1.2649999856948853,0.07000000029802322,0.4099999964237213));
#337=VERTEX_POINT('',#336);
#338=CARTESIAN_POINT('',(0.8220000267028809,0.17599999904632568,1.1100000143051147));
#339=VERTEX_POINT('',#338);
#340=CARTESIAN_POINT('',(1.3730000257492065,0.12300000339746475,0));
#341=VERTEX_POINT('',#340);
#342=CARTESIAN_POINT('',(1.3730000257492065,0.12300000339746475,0.4099999964237213));
#343=VERTEX_POINT('',#342);
#344=CARTESIAN_POINT('',(1.472000002861023,0.1889999955892563,0));
#345=VERTEX_POINT('',#344);
#346=CARTESIAN_POINT('',(1.472000002861023,0.1889999955892563,0.4099999964237213));
#347=VERTEX_POINT('',#346);
#348=CARTESIAN_POINT('',(1.562000036239624,0.2680000066757202,0));
#349=VERTEX_POINT('',#348);
#350=CARTESIAN_POINT('',(1.562000036239624,0.2680000066757202,0.4099999964237213));
#351=VERTEX_POINT('',#350);
#352=CARTESIAN_POINT('',(0.42399999499320984,0.8550000190734863,2.690000057220459));
#353=VERTEX_POINT('',#352);
#354=CARTESIAN_POINT('',(0.41999998688697815,0.9200000166893005,2.690000057220459));
#355=VERTEX_POINT('',#354);
#356=CARTESIAN_POINT('',(0.17000000178813934,0.9200000166893005,2.690000057220459));
#357=VERTEX_POINT('',#356);
#358=CARTESIAN_POINT('',(0.17599999904632568,0.8220000267028809,2.690000057220459));
#359=VERTEX_POINT('',#358);
#360=CARTESIAN_POINT('',(0.19599999487400055,0.7260000109672546,2.690000057220459));
#361=VERTEX_POINT('',#360);
#362=CARTESIAN_POINT('',(0.22699999809265137,0.6330000162124634,2.690000057220459));
#363=VERTEX_POINT('',#362);
#364=CARTESIAN_POINT('',(0.4580000042915344,0.7289999723434448,2.690000057220459));
#365=VERTEX_POINT('',#364);
#366=CARTESIAN_POINT('',(0.27000001072883606,0.5450000166893005,2.690000057220459));
#367=VERTEX_POINT('',#366);
#368=CARTESIAN_POINT('',(0.4869999885559082,0.6700000166893005,2.690000057220459));
#369=VERTEX_POINT('',#368);
#370=CARTESIAN_POINT('',(1.6410000324249268,0.3580000102519989,0));
#371=VERTEX_POINT('',#370);
#372=CARTESIAN_POINT('',(1.6410000324249268,0.3580000102519989,0.4099999964237213));
#373=VERTEX_POINT('',#372);
#374=CARTESIAN_POINT('',(1.7070000171661377,0.4580000042915344,0));
#375=VERTEX_POINT('',#374);
#376=CARTESIAN_POINT('',(1.7070000171661377,0.4580000042915344,0.4099999964237213));
#377=VERTEX_POINT('',#376);
#378=CARTESIAN_POINT('',(0.17000000178813934,0.9200000166893005,1.1100000143051147));
#379=VERTEX_POINT('',#378);
#380=CARTESIAN_POINT('',(0.17599999904632568,0.8220000267028809,1.1100000143051147));
#381=VERTEX_POINT('',#380);
#382=CARTESIAN_POINT('',(0.42399999499320984,0.9850000143051147,2.690000057220459));
#383=VERTEX_POINT('',#382);
#384=CARTESIAN_POINT('',(1.7599999904632568,0.5649999976158142,0));
#385=VERTEX_POINT('',#384);
#386=CARTESIAN_POINT('',(1.7599999904632568,0.5649999976158142,0.4099999964237213));
#387=VERTEX_POINT('',#386);
#388=CARTESIAN_POINT('',(0.19599999487400055,0.7260000109672546,1.1100000143051147));
#389=VERTEX_POINT('',#388);
#390=CARTESIAN_POINT('',(1.7990000247955322,0.6779999732971191,0));
#391=VERTEX_POINT('',#390);
#392=CARTESIAN_POINT('',(1.7990000247955322,0.6779999732971191,0.4099999964237213));
#393=VERTEX_POINT('',#392);
#394=CARTESIAN_POINT('',(1.8220000267028809,0.7960000038146973,0));
#395=VERTEX_POINT('',#394);
#396=CARTESIAN_POINT('',(1.8220000267028809,0.7960000038146973,0.4099999964237213));
#397=VERTEX_POINT('',#396);
#398=CARTESIAN_POINT('',(1.6640000343322754,0.8220000267028809,1.1100000143051147));
#399=VERTEX_POINT('',#398);
#400=CARTESIAN_POINT('',(1.8300000429153442,0.9150000214576721,0));
#401=VERTEX_POINT('',#400);
#402=CARTESIAN_POINT('',(1.8300000429153442,0.9150000214576721,0.4099999964237213));
#403=VERTEX_POINT('',#402);
#404=CARTESIAN_POINT('',(0.43700000643730164,0.7910000085830688,2.690000057220459));
#405=VERTEX_POINT('',#404);
#406=CARTESIAN_POINT('',(0.9150000214576721,0,0.4099999964237213));
#407=VERTEX_POINT('',#406);
#408=CARTESIAN_POINT('',(0.9150000214576721,0,0));
#409=VERTEX_POINT('',#408);
#410=CARTESIAN_POINT('',(0.5659999847412109,0.5659999847412109,2.690000057220459));
#411=VERTEX_POINT('',#410);
#412=CARTESIAN_POINT('',(0.5230000019073486,0.6159999966621399,2.690000057220459));
#413=VERTEX_POINT('',#412);
#414=CARTESIAN_POINT('',(0.32499998807907104,0.46299999952316284,2.690000057220459));
#415=VERTEX_POINT('',#414);
#416=CARTESIAN_POINT('',(0,0.9150000214576721,0));
#417=VERTEX_POINT('',#416);
#418=CARTESIAN_POINT('',(0.00800000037997961,0.7960000038146973,0));
#419=VERTEX_POINT('',#418);
#420=CARTESIAN_POINT('',(1.6440000534057617,1.1139999628067017,2.690000057220459));
#421=VERTEX_POINT('',#420);
#422=CARTESIAN_POINT('',(0.03099999949336052,0.6779999732971191,0));
#423=VERTEX_POINT('',#422);
#424=CARTESIAN_POINT('',(0.17599999904632568,1.0180000066757202,2.690000057220459));
#425=VERTEX_POINT('',#424);
#426=CARTESIAN_POINT('',(0.07000000029802322,0.5649999976158142,0));
#427=VERTEX_POINT('',#426);
#428=CARTESIAN_POINT('',(0.12300000339746475,0.4580000042915344,0));
#429=VERTEX_POINT('',#428);
#430=CARTESIAN_POINT('',(0.1889999955892563,0.3580000102519989,0));
#431=VERTEX_POINT('',#430);
#432=CARTESIAN_POINT('',(0.46299999952316284,0.32499998807907104,2.690000057220459));
#433=VERTEX_POINT('',#432);
#434=CARTESIAN_POINT('',(0.38999998569488525,0.38999998569488525,1.1100000143051147));
#435=VERTEX_POINT('',#434);
#436=CARTESIAN_POINT('',(0.46299999952316284,0.32499998807907104,1.1100000143051147));
#437=VERTEX_POINT('',#436);
#438=CARTESIAN_POINT('',(0.2680000066757202,0.2680000066757202,0));
#439=VERTEX_POINT('',#438);
#440=CARTESIAN_POINT('',(0.22699999809265137,0.6330000162124634,1.1100000143051147));
#441=VERTEX_POINT('',#440);
#442=CARTESIAN_POINT('',(0.3580000102519989,0.1889999955892563,0));
#443=VERTEX_POINT('',#442);
#444=CARTESIAN_POINT('',(0.5450000166893005,0.27000001072883606,1.1100000143051147));
#445=VERTEX_POINT('',#444);
#446=CARTESIAN_POINT('',(0.27000001072883606,0.5450000166893005,1.1100000143051147));
#447=VERTEX_POINT('',#446);
#448=CARTESIAN_POINT('',(0.6330000162124634,0.22699999809265137,1.1100000143051147));
#449=VERTEX_POINT('',#448);
#450=CARTESIAN_POINT('',(0.13300000131130219,0.7089999914169312,1.1100000143051147));
#451=VERTEX_POINT('',#450);
#452=CARTESIAN_POINT('',(0.1120000034570694,0.8140000104904175,1.1100000143051147));
#453=VERTEX_POINT('',#452);
#454=CARTESIAN_POINT('',(0.16699999570846558,0.6079999804496765,1.1100000143051147));
#455=VERTEX_POINT('',#454);
#456=CARTESIAN_POINT('',(0.10499999672174454,0.9200000166893005,1.1100000143051147));
#457=VERTEX_POINT('',#456);
#458=CARTESIAN_POINT('',(0.38999998569488525,0.38999998569488525,2.690000057220459));
#459=VERTEX_POINT('',#458);
#460=CARTESIAN_POINT('',(0.9200000166893005,0.17000000178813934,2.690000057220459));
#461=VERTEX_POINT('',#460);
#462=CARTESIAN_POINT('',(0.9200000166893005,0.17000000178813934,1.1100000143051147));
#463=VERTEX_POINT('',#462);
#464=CARTESIAN_POINT('',(1.0180000066757202,0.17599999904632568,2.690000057220459));
#465=VERTEX_POINT('',#464);
#466=CARTESIAN_POINT('',(1.0260000228881836,0.1120000034570694,1.1100000143051147));
#467=VERTEX_POINT('',#466);
#468=CARTESIAN_POINT('',(0.9200000166893005,0.10499999672174454,1.1100000143051147));
#469=VERTEX_POINT('',#468);
#470=CARTESIAN_POINT('',(0.8140000104904175,0.1120000034570694,1.1100000143051147));
#471=VERTEX_POINT('',#470);
#472=CARTESIAN_POINT('',(0.7089999914169312,0.13300000131130219,1.1100000143051147));
#473=VERTEX_POINT('',#472);
#474=CARTESIAN_POINT('',(0.32499998807907104,0.46299999952316284,1.1100000143051147));
#475=VERTEX_POINT('',#474);
#476=CARTESIAN_POINT('',(0.9850000143051147,0.42399999499320984,2.690000057220459));
#477=VERTEX_POINT('',#476);
#478=CARTESIAN_POINT('',(0.9200000166893005,0.41999998688697815,2.690000057220459));
#479=VERTEX_POINT('',#478);
#480=CARTESIAN_POINT('',(0.8550000190734863,0.42399999499320984,2.690000057220459));
#481=VERTEX_POINT('',#480);
#482=CARTESIAN_POINT('',(0.8220000267028809,0.17599999904632568,2.690000057220459));
#483=VERTEX_POINT('',#482);
#484=CARTESIAN_POINT('',(0.5450000166893005,0.27000001072883606,2.690000057220459));
#485=VERTEX_POINT('',#484);
#486=CARTESIAN_POINT('',(0.6700000166893005,0.4869999885559082,2.690000057220459));
#487=VERTEX_POINT('',#486);
#488=CARTESIAN_POINT('',(0.7289999723434448,0.4580000042915344,2.690000057220459));
#489=VERTEX_POINT('',#488);
#490=CARTESIAN_POINT('',(1.6729999780654907,0.6079999804496765,0.4099999964237213));
#491=VERTEX_POINT('',#490);
#492=CARTESIAN_POINT('',(1.7070000171661377,0.7089999914169312,0.4099999964237213));
#493=VERTEX_POINT('',#492);
#494=CARTESIAN_POINT('',(1.7070000171661377,0.7089999914169312,1.1100000143051147));
#495=VERTEX_POINT('',#494);
#496=CARTESIAN_POINT('',(1.6729999780654907,1.2319999933242798,1.1100000143051147));
#497=VERTEX_POINT('',#496);
#498=CARTESIAN_POINT('',(1.6130000352859497,1.2070000171661377,1.1100000143051147));
#499=VERTEX_POINT('',#498);
#500=CARTESIAN_POINT('',(1.7070000171661377,1.13100004196167,1.1100000143051147));
#501=VERTEX_POINT('',#500);
#502=CARTESIAN_POINT('',(1.7280000448226929,0.8140000104904175,0.4099999964237213));
#503=VERTEX_POINT('',#502);
#504=CARTESIAN_POINT('',(1.7280000448226929,0.8140000104904175,1.1100000143051147));
#505=VERTEX_POINT('',#504);
#506=CARTESIAN_POINT('',(1.7350000143051147,0.9200000166893005,0.4099999964237213));
#507=VERTEX_POINT('',#506);
#508=CARTESIAN_POINT('',(1.0260000228881836,1.7280000448226929,1.1100000143051147));
#509=VERTEX_POINT('',#508);
#510=CARTESIAN_POINT('',(1.0180000066757202,1.6640000343322754,1.1100000143051147));
#511=VERTEX_POINT('',#510);
#512=CARTESIAN_POINT('',(1.13100004196167,1.7070000171661377,1.1100000143051147));
#513=VERTEX_POINT('',#512);
#514=CARTESIAN_POINT('',(0.5649999976158142,0.07000000029802322,0));
#515=VERTEX_POINT('',#514);
#516=CARTESIAN_POINT('',(0.6779999732971191,0.03099999949336052,0));
#517=VERTEX_POINT('',#516);
#518=CARTESIAN_POINT('',(0.4580000042915344,0.12300000339746475,0));
#519=VERTEX_POINT('',#518);
#520=CARTESIAN_POINT('',(0.7960000038146973,0.00800000037997961,0));
#521=VERTEX_POINT('',#520);
#522=CARTESIAN_POINT('',(0.9200000166893005,0.10499999672174454,0.4099999964237213));
#523=VERTEX_POINT('',#522);
#524=CARTESIAN_POINT('',(0.6159999966621399,0.5230000019073486,2.690000057220459));
#525=VERTEX_POINT('',#524);
#526=CARTESIAN_POINT('',(1.6260000467300415,1.3279999494552612,1.1100000143051147));
#527=VERTEX_POINT('',#526);
#528=CARTESIAN_POINT('',(1.5700000524520874,1.2949999570846558,1.1100000143051147));
#529=VERTEX_POINT('',#528);
#530=CARTESIAN_POINT('',(0.7910000085830688,0.43700000643730164,2.690000057220459));
#531=VERTEX_POINT('',#530);
#532=CARTESIAN_POINT('',(1.0490000247955322,1.402999997138977,3.0999999046325684));
#533=VERTEX_POINT('',#532);
#534=CARTESIAN_POINT('',(0.4580000042915344,1.1109999418258667,3.0999999046325684));
#535=VERTEX_POINT('',#534);
#536=CARTESIAN_POINT('',(1.1109999418258667,1.3819999694824219,3.0999999046325684));
#537=VERTEX_POINT('',#536);
#538=CARTESIAN_POINT('',(1.3819999694824219,1.1109999418258667,3.0999999046325684));
#539=VERTEX_POINT('',#538);
#540=CARTESIAN_POINT('',(1.3530000448226929,1.1699999570846558,3.0999999046325684));
#541=VERTEX_POINT('',#540);
#542=CARTESIAN_POINT('',(1.3170000314712524,1.2239999771118164,3.0999999046325684));
#543=VERTEX_POINT('',#542);
#544=CARTESIAN_POINT('',(1.2239999771118164,1.3170000314712524,3.0999999046325684));
#545=VERTEX_POINT('',#544);
#546=CARTESIAN_POINT('',(1.1699999570846558,1.3530000448226929,3.0999999046325684));
#547=VERTEX_POINT('',#546);
#548=CARTESIAN_POINT('',(1.5670000314712524,1.4160000085830688,1.1100000143051147));
#549=VERTEX_POINT('',#548);
#550=CARTESIAN_POINT('',(1.6440000534057617,1.1139999628067017,1.1100000143051147));
#551=VERTEX_POINT('',#550);
#552=CARTESIAN_POINT('',(1.4500000476837158,1.4500000476837158,1.1100000143051147));
#553=VERTEX_POINT('',#552);
#554=CARTESIAN_POINT('',(1.5149999856948853,1.3769999742507935,1.1100000143051147));
#555=VERTEX_POINT('',#554);
#556=CARTESIAN_POINT('',(1.496000051498413,1.496000051498413,1.1100000143051147));
#557=VERTEX_POINT('',#556);
#558=CARTESIAN_POINT('',(0.21400000154972076,0.5130000114440918,1.1100000143051147));
#559=VERTEX_POINT('',#558);
#560=CARTESIAN_POINT('',(1.4160000085830688,1.5670000314712524,1.1100000143051147));
#561=VERTEX_POINT('',#560);
#562=CARTESIAN_POINT('',(1.3769999742507935,1.5149999856948853,1.1100000143051147));
#563=VERTEX_POINT('',#562);
#564=CARTESIAN_POINT('',(0.7910000085830688,1.402999997138977,3.0999999046325684));
#565=VERTEX_POINT('',#564);
#566=CARTESIAN_POINT('',(0.6159999966621399,1.3170000314712524,3.0999999046325684));
#567=VERTEX_POINT('',#566);
#568=CARTESIAN_POINT('',(0.5230000019073486,1.2239999771118164,3.0999999046325684));
#569=VERTEX_POINT('',#568);
#570=CARTESIAN_POINT('',(0.4869999885559082,1.1699999570846558,3.0999999046325684));
#571=VERTEX_POINT('',#570);
#572=CARTESIAN_POINT('',(0.9850000143051147,1.4160000085830688,3.0999999046325684));
#573=VERTEX_POINT('',#572);
#574=CARTESIAN_POINT('',(0.27300000190734863,0.42399999499320984,1.1100000143051147));
#575=VERTEX_POINT('',#574);
#576=CARTESIAN_POINT('',(1.3279999494552612,1.6260000467300415,1.1100000143051147));
#577=VERTEX_POINT('',#576);
#578=CARTESIAN_POINT('',(1.2949999570846558,1.5700000524520874,1.1100000143051147));
#579=VERTEX_POINT('',#578);
#580=CARTESIAN_POINT('',(0.3440000116825104,0.3440000116825104,1.1100000143051147));
#581=VERTEX_POINT('',#580);
#582=CARTESIAN_POINT('',(1.2070000171661377,1.6130000352859497,1.1100000143051147));
#583=VERTEX_POINT('',#582);
#584=CARTESIAN_POINT('',(1.2319999933242798,1.6729999780654907,1.1100000143051147));
#585=VERTEX_POINT('',#584);
#586=CARTESIAN_POINT('',(0.42399999499320984,0.27300000190734863,1.1100000143051147));
#587=VERTEX_POINT('',#586);
#588=CARTESIAN_POINT('',(1.5149999856948853,1.3769999742507935,2.690000057220459));
#589=VERTEX_POINT('',#588);
#590=CARTESIAN_POINT('',(1.5700000524520874,1.2949999570846558,2.690000057220459));
#591=VERTEX_POINT('',#590);
#592=CARTESIAN_POINT('',(0.5130000114440918,0.21400000154972076,1.1100000143051147));
#593=VERTEX_POINT('',#592);
#594=CARTESIAN_POINT('',(1.4500000476837158,1.4500000476837158,2.690000057220459));
#595=VERTEX_POINT('',#594);
#596=CARTESIAN_POINT('',(0.6079999804496765,0.16699999570846558,0.4099999964237213));
#597=VERTEX_POINT('',#596);
#598=CARTESIAN_POINT('',(0.6079999804496765,0.16699999570846558,1.1100000143051147));
#599=VERTEX_POINT('',#598);
#600=CARTESIAN_POINT('',(0.7089999914169312,0.13300000131130219,0.4099999964237213));
#601=VERTEX_POINT('',#600);
#602=CARTESIAN_POINT('',(0.5649999976158142,0.07000000029802322,0.4099999964237213));
#603=VERTEX_POINT('',#602);
#604=CARTESIAN_POINT('',(0.6779999732971191,0.03099999949336052,0.4099999964237213));
#605=VERTEX_POINT('',#604);
#606=CARTESIAN_POINT('',(0.8140000104904175,0.1120000034570694,0.4099999964237213));
#607=VERTEX_POINT('',#606);
#608=CARTESIAN_POINT('',(0.7960000038146973,0.00800000037997961,0.4099999964237213));
#609=VERTEX_POINT('',#608);
#610=CARTESIAN_POINT('',(1.7070000171661377,1.13100004196167,0.4099999964237213));
#611=VERTEX_POINT('',#610);
#612=CARTESIAN_POINT('',(1.6729999780654907,1.2319999933242798,0.4099999964237213));
#613=VERTEX_POINT('',#612);
#614=CARTESIAN_POINT('',(1.1139999628067017,1.6440000534057617,1.1100000143051147));
#615=VERTEX_POINT('',#614);
#616=CARTESIAN_POINT('',(1.6260000467300415,1.3279999494552612,0.4099999964237213));
#617=VERTEX_POINT('',#616);
#618=CARTESIAN_POINT('',(1.7280000448226929,1.0260000228881836,0.4099999964237213));
#619=VERTEX_POINT('',#618);
#620=CARTESIAN_POINT('',(1.0180000066757202,1.6640000343322754,2.690000057220459));
#621=VERTEX_POINT('',#620);
#622=CARTESIAN_POINT('',(0.9200000166893005,1.6699999570846558,1.1100000143051147));
#623=VERTEX_POINT('',#622);
#624=CARTESIAN_POINT('',(1.6130000352859497,1.2070000171661377,2.690000057220459));
#625=VERTEX_POINT('',#624);
#626=CARTESIAN_POINT('',(0.1120000034570694,1.0260000228881836,1.1100000143051147));
#627=VERTEX_POINT('',#626);
#628=CARTESIAN_POINT('',(0.13300000131130219,1.13100004196167,1.1100000143051147));
#629=VERTEX_POINT('',#628);
#630=CARTESIAN_POINT('',(1.5670000314712524,1.4160000085830688,0.4099999964237213));
#631=VERTEX_POINT('',#630);
#632=CARTESIAN_POINT('',(0.8220000267028809,1.6640000343322754,2.690000057220459));
#633=VERTEX_POINT('',#632);
#634=CARTESIAN_POINT('',(1.4160000085830688,1.5670000314712524,0.4099999964237213));
#635=VERTEX_POINT('',#634);
#636=CARTESIAN_POINT('',(0.7089999914169312,1.7070000171661377,1.1100000143051147));
#637=VERTEX_POINT('',#636);
#638=CARTESIAN_POINT('',(0.8220000267028809,1.6640000343322754,1.1100000143051147));
#639=VERTEX_POINT('',#638);
#640=CARTESIAN_POINT('',(0.8140000104904175,1.7280000448226929,1.1100000143051147));
#641=VERTEX_POINT('',#640);
#642=CARTESIAN_POINT('',(0.6079999804496765,1.6729999780654907,1.1100000143051147));
#643=VERTEX_POINT('',#642);
#644=CARTESIAN_POINT('',(0.6330000162124634,1.6130000352859497,1.1100000143051147));
#645=VERTEX_POINT('',#644);
#646=CARTESIAN_POINT('',(0.9200000166893005,1.7350000143051147,1.1100000143051147));
#647=VERTEX_POINT('',#646);
#648=CARTESIAN_POINT('',(1.3769999742507935,1.5149999856948853,2.690000057220459));
#649=VERTEX_POINT('',#648);
#650=CARTESIAN_POINT('',(1.3279999494552612,1.6260000467300415,0.4099999964237213));
#651=VERTEX_POINT('',#650);
#652=CARTESIAN_POINT('',(1.2949999570846558,1.5700000524520874,2.690000057220459));
#653=VERTEX_POINT('',#652);
#654=CARTESIAN_POINT('',(0.46299999952316284,1.5149999856948853,1.1100000143051147));
#655=VERTEX_POINT('',#654);
#656=CARTESIAN_POINT('',(1.496000051498413,1.496000051498413,0.4099999964237213));
#657=VERTEX_POINT('',#656);
#658=CARTESIAN_POINT('',(1.2319999933242798,1.6729999780654907,0.4099999964237213));
#659=VERTEX_POINT('',#658);
#660=CARTESIAN_POINT('',(0.38999998569488525,1.4500000476837158,1.1100000143051147));
#661=VERTEX_POINT('',#660);
#662=CARTESIAN_POINT('',(1.13100004196167,1.7070000171661377,0.4099999964237213));
#663=VERTEX_POINT('',#662);
#664=CARTESIAN_POINT('',(0.5130000114440918,1.6260000467300415,1.1100000143051147));
#665=VERTEX_POINT('',#664);
#666=CARTESIAN_POINT('',(0.5450000166893005,1.5700000524520874,1.1100000143051147));
#667=VERTEX_POINT('',#666);
#668=CARTESIAN_POINT('',(0.7260000109672546,1.6440000534057617,1.1100000143051147));
#669=VERTEX_POINT('',#668);
#670=CARTESIAN_POINT('',(1.402999997138977,1.0490000247955322,3.0999999046325684));
#671=VERTEX_POINT('',#670);
#672=CARTESIAN_POINT('',(1.4160000085830688,0.9850000143051147,3.0999999046325684));
#673=VERTEX_POINT('',#672);
#674=CARTESIAN_POINT('',(0.42399999499320984,0.9850000143051147,3.0999999046325684));
#675=VERTEX_POINT('',#674);
#676=CARTESIAN_POINT('',(1.0490000247955322,0.43700000643730164,3.0999999046325684));
#677=VERTEX_POINT('',#676);
#678=CARTESIAN_POINT('',(1.1109999418258667,0.4580000042915344,3.0999999046325684));
#679=VERTEX_POINT('',#678);
#680=CARTESIAN_POINT('',(1.4199999570846558,0.9200000166893005,3.0999999046325684));
#681=VERTEX_POINT('',#680);
#682=CARTESIAN_POINT('',(1.1699999570846558,0.4869999885559082,3.0999999046325684));
#683=VERTEX_POINT('',#682);
#684=CARTESIAN_POINT('',(1.2239999771118164,0.5230000019073486,3.0999999046325684));
#685=VERTEX_POINT('',#684);
#686=CARTESIAN_POINT('',(1.2740000486373901,0.5659999847412109,3.0999999046325684));
#687=VERTEX_POINT('',#686);
#688=CARTESIAN_POINT('',(1.3170000314712524,0.6159999966621399,3.0999999046325684));
#689=VERTEX_POINT('',#688);
#690=CARTESIAN_POINT('',(1.3530000448226929,0.6700000166893005,3.0999999046325684));
#691=VERTEX_POINT('',#690);
#692=CARTESIAN_POINT('',(1.3819999694824219,0.7289999723434448,3.0999999046325684));
#693=VERTEX_POINT('',#692);
#694=CARTESIAN_POINT('',(1.402999997138977,0.7910000085830688,3.0999999046325684));
#695=VERTEX_POINT('',#694);
#696=CARTESIAN_POINT('',(1.4160000085830688,0.8550000190734863,3.0999999046325684));
#697=VERTEX_POINT('',#696);
#698=CARTESIAN_POINT('',(0.42399999499320984,1.5670000314712524,1.1100000143051147));
#699=VERTEX_POINT('',#698);
#700=CARTESIAN_POINT('',(0.3440000116825104,1.496000051498413,1.1100000143051147));
#701=VERTEX_POINT('',#700);
#702=CARTESIAN_POINT('',(1.2070000171661377,1.6130000352859497,2.690000057220459));
#703=VERTEX_POINT('',#702);
#704=CARTESIAN_POINT('',(0.9200000166893005,1.7350000143051147,0.4099999964237213));
#705=VERTEX_POINT('',#704);
#706=CARTESIAN_POINT('',(1.0260000228881836,1.7280000448226929,0.4099999964237213));
#707=VERTEX_POINT('',#706);
#708=CARTESIAN_POINT('',(1.1139999628067017,1.6440000534057617,2.690000057220459));
#709=VERTEX_POINT('',#708);
#710=CARTESIAN_POINT('',(0.27300000190734863,1.4160000085830688,1.1100000143051147));
#711=VERTEX_POINT('',#710);
#712=CARTESIAN_POINT('',(0.32499998807907104,1.3769999742507935,1.1100000143051147));
#713=VERTEX_POINT('',#712);
#714=CARTESIAN_POINT('',(0.21400000154972076,1.3279999494552612,1.1100000143051147));
#715=VERTEX_POINT('',#714);
#716=CARTESIAN_POINT('',(0.27000001072883606,1.2949999570846558,1.1100000143051147));
#717=VERTEX_POINT('',#716);
#718=CARTESIAN_POINT('',(0.1120000034570694,1.0260000228881836,0.4099999964237213));
#719=VERTEX_POINT('',#718);
#720=CARTESIAN_POINT('',(0.21400000154972076,1.3279999494552612,0.4099999964237213));
#721=VERTEX_POINT('',#720);
#722=CARTESIAN_POINT('',(0.16699999570846558,1.2319999933242798,0.4099999964237213));
#723=VERTEX_POINT('',#722);
#724=CARTESIAN_POINT('',(0.13300000131130219,1.13100004196167,0.4099999964237213));
#725=VERTEX_POINT('',#724);
#726=CARTESIAN_POINT('',(0.22699999809265137,1.2070000171661377,1.1100000143051147));
#727=VERTEX_POINT('',#726);
#728=CARTESIAN_POINT('',(0.16699999570846558,1.2319999933242798,1.1100000143051147));
#729=VERTEX_POINT('',#728);
#730=CARTESIAN_POINT('',(0.6079999804496765,1.6729999780654907,0.4099999964237213));
#731=VERTEX_POINT('',#730);
#732=CARTESIAN_POINT('',(0.7089999914169312,1.7070000171661377,0.4099999964237213));
#733=VERTEX_POINT('',#732);
#734=CARTESIAN_POINT('',(0.5130000114440918,1.6260000467300415,0.4099999964237213));
#735=VERTEX_POINT('',#734);
#736=CARTESIAN_POINT('',(0.8140000104904175,1.7280000448226929,0.4099999964237213));
#737=VERTEX_POINT('',#736);
#738=CARTESIAN_POINT('',(0.42399999499320984,1.5670000314712524,0.4099999964237213));
#739=VERTEX_POINT('',#738);
#740=CARTESIAN_POINT('',(0.3440000116825104,1.496000051498413,0.4099999964237213));
#741=VERTEX_POINT('',#740);
#742=CARTESIAN_POINT('',(0.27300000190734863,1.4160000085830688,0.4099999964237213));
#743=VERTEX_POINT('',#742);
#744=CARTESIAN_POINT('',(1.6440000534057617,0.7260000109672546,1.1100000143051147));
#745=VERTEX_POINT('',#744);
#746=CARTESIAN_POINT('',(0.42399999499320984,0.8550000190734863,3.0999999046325684));
#747=VERTEX_POINT('',#746);
#748=CARTESIAN_POINT('',(0.4580000042915344,0.7289999723434448,3.0999999046325684));
#749=VERTEX_POINT('',#748);
#750=CARTESIAN_POINT('',(1.13100004196167,0.13300000131130219,0.4099999964237213));
#751=VERTEX_POINT('',#750);
#752=CARTESIAN_POINT('',(1.2319999933242798,0.16699999570846558,0.4099999964237213));
#753=VERTEX_POINT('',#752);
#754=CARTESIAN_POINT('',(0.5659999847412109,0.5659999847412109,3.0999999046325684));
#755=VERTEX_POINT('',#754);
#756=CARTESIAN_POINT('',(0.43700000643730164,0.7910000085830688,3.0999999046325684));
#757=VERTEX_POINT('',#756);
#758=CARTESIAN_POINT('',(0.4869999885559082,0.6700000166893005,3.0999999046325684));
#759=VERTEX_POINT('',#758);
#760=CARTESIAN_POINT('',(0.5230000019073486,0.6159999966621399,3.0999999046325684));
#761=VERTEX_POINT('',#760);
#762=CARTESIAN_POINT('',(0.6159999966621399,0.5230000019073486,3.0999999046325684));
#763=VERTEX_POINT('',#762);
#764=CARTESIAN_POINT('',(0.6700000166893005,0.4869999885559082,3.0999999046325684));
#765=VERTEX_POINT('',#764);
#766=CARTESIAN_POINT('',(0.41999998688697815,0.9200000166893005,3.0999999046325684));
#767=VERTEX_POINT('',#766);
#768=CARTESIAN_POINT('',(0.9850000143051147,0.42399999499320984,3.0999999046325684));
#769=VERTEX_POINT('',#768);
#770=CARTESIAN_POINT('',(0.9200000166893005,0.41999998688697815,3.0999999046325684));
#771=VERTEX_POINT('',#770);
#772=CARTESIAN_POINT('',(0.8550000190734863,0.42399999499320984,3.0999999046325684));
#773=VERTEX_POINT('',#772);
#774=CARTESIAN_POINT('',(0.7289999723434448,0.4580000042915344,3.0999999046325684));
#775=VERTEX_POINT('',#774);
#776=CARTESIAN_POINT('',(0.7910000085830688,0.43700000643730164,3.0999999046325684));
#777=VERTEX_POINT('',#776);
#778=CARTESIAN_POINT('',(1.3530000448226929,1.1699999570846558,2.690000057220459));
#779=VERTEX_POINT('',#778);
#780=CARTESIAN_POINT('',(1.1699999570846558,1.3530000448226929,2.690000057220459));
#781=VERTEX_POINT('',#780);
#782=CARTESIAN_POINT('',(1.1109999418258667,1.3819999694824219,2.690000057220459));
#783=VERTEX_POINT('',#782);
#784=CARTESIAN_POINT('',(1.0490000247955322,1.402999997138977,2.690000057220459));
#785=VERTEX_POINT('',#784);
#786=CARTESIAN_POINT('',(1.3819999694824219,1.1109999418258667,2.690000057220459));
#787=VERTEX_POINT('',#786);
#788=CARTESIAN_POINT('',(1.402999997138977,1.0490000247955322,2.690000057220459));
#789=VERTEX_POINT('',#788);
#790=CARTESIAN_POINT('',(1.0260000228881836,0.1120000034570694,0.4099999964237213));
#791=VERTEX_POINT('',#790);
#792=CARTESIAN_POINT('',(1.3279999494552612,0.21400000154972076,0.4099999964237213));
#793=VERTEX_POINT('',#792);
#794=CARTESIAN_POINT('',(1.4160000085830688,0.27300000190734863,0.4099999964237213));
#795=VERTEX_POINT('',#794);
#796=CARTESIAN_POINT('',(1.496000051498413,0.3440000116825104,0.4099999964237213));
#797=VERTEX_POINT('',#796);
#798=CARTESIAN_POINT('',(1.5670000314712524,0.42399999499320984,0.4099999964237213));
#799=VERTEX_POINT('',#798);
#800=CARTESIAN_POINT('',(1.6260000467300415,0.5130000114440918,0.4099999964237213));
#801=VERTEX_POINT('',#800);
#802=FACE_SURFACE('',(#807),#803,.T.);
#803=PLANE('',#804);
#804=AXIS2_PLACEMENT_3D('',#34,#805,#806);
#805=DIRECTION('',(0.7581857861158979,0.6520385830085653,0));
#806=DIRECTION('',(-0.6520385830085654,0.758185786115898,0));
#807=FACE_BOUND('',#808,.T.);
#808=EDGE_LOOP('',(#809,#810,#811));
#809=ORIENTED_EDGE('',*,*,#812,.T.);
#810=ORIENTED_EDGE('',*,*,#813,.T.);
#811=ORIENTED_EDGE('',*,*,#814,.T.);
#812=EDGE_CURVE('',#35,#37,#815,.F.);
#813=EDGE_CURVE('',#37,#39,#816,.T.);
#814=EDGE_CURVE('',#39,#35,#817,.T.);
#815=LINE('',#34,#818);
#816=LINE('',#36,#819);
#817=LINE('',#38,#820);
#818=VECTOR('',#821,1.0);
#819=VECTOR('',#822,1.0);
#820=VECTOR('',#823,1.0);
#821=DIRECTION('',(-0.6520385830085654,0.758185786115898,0));
#822=DIRECTION('',(0,0,1));
#823=DIRECTION('',(0.1035471362774403,-0.12040386713976066,-0.9873099307444102));
#824=FACE_SURFACE('',(#829),#825,.T.);
#825=PLANE('',#826);
#826=AXIS2_PLACEMENT_3D('',#40,#827,#828);
#827=DIRECTION('',(0,-0,1));
#828=DIRECTION('',(0.8558287747656494,0.5172592273542611,0));
#829=FACE_BOUND('',#830,.T.);
#830=EDGE_LOOP('',(#831,#832,#833));
#831=ORIENTED_EDGE('',*,*,#834,.T.);
#832=ORIENTED_EDGE('',*,*,#835,.T.);
#833=ORIENTED_EDGE('',*,*,#836,.T.);
#834=EDGE_CURVE('',#41,#43,#837,.F.);
#835=EDGE_CURVE('',#43,#45,#838,.T.);
#836=EDGE_CURVE('',#45,#41,#839,.T.);
#837=LINE('',#40,#840);
#838=LINE('',#42,#841);
#839=LINE('',#44,#842);
#840=VECTOR('',#843,1.0);
#841=VECTOR('',#844,1.0);
#842=VECTOR('',#845,1.0);
#843=DIRECTION('',(0.8558287747656494,0.5172592273542611,0));
#844=DIRECTION('',(-0.9405539294882529,0.33964438126400204,0));
#845=DIRECTION('',(0.4438606109106697,-0.8960958420180327,0));
#846=FACE_SURFACE('',(#851),#847,.T.);
#847=PLANE('',#848);
#848=AXIS2_PLACEMENT_3D('',#46,#849,#850);
#849=DIRECTION('',(0,0,1));
#850=DIRECTION('',(-0.9988681398090719,-0.04756510563810928,0));
#851=FACE_BOUND('',#852,.T.);
#852=EDGE_LOOP('',(#853,#854,#855));
#853=ORIENTED_EDGE('',*,*,#856,.T.);
#854=ORIENTED_EDGE('',*,*,#857,.T.);
#855=ORIENTED_EDGE('',*,*,#858,.T.);
#856=EDGE_CURVE('',#47,#49,#859,.F.);
#857=EDGE_CURVE('',#49,#51,#860,.T.);
#858=EDGE_CURVE('',#51,#47,#861,.T.);
#859=LINE('',#46,#862);
#860=LINE('',#48,#863);
#861=LINE('',#50,#864);
#862=VECTOR('',#865,1.0);
#863=VECTOR('',#866,1.0);
#864=VECTOR('',#867,1.0);
#865=DIRECTION('',(-0.9988681398090719,-0.04756510563810928,0));
#866=DIRECTION('',(0.742634356199948,-0.6696971054077274,0));
#867=DIRECTION('',(-0.06589426969639137,0.9978266108002829,0));
#868=FACE_SURFACE('',(#873),#869,.T.);
#869=PLANE('',#870);
#870=AXIS2_PLACEMENT_3D('',#52,#871,#872);
#871=DIRECTION('',(0,-0,1));
#872=DIRECTION('',(0.786318430788197,0.6178214348845363,0));
#873=FACE_BOUND('',#874,.T.);
#874=EDGE_LOOP('',(#875,#876,#877));
#875=ORIENTED_EDGE('',*,*,#878,.T.);
#876=ORIENTED_EDGE('',*,*,#879,.T.);
#877=ORIENTED_EDGE('',*,*,#880,.T.);
#878=EDGE_CURVE('',#53,#55,#881,.F.);
#879=EDGE_CURVE('',#55,#41,#882,.T.);
#880=EDGE_CURVE('',#41,#53,#883,.T.);
#881=LINE('',#52,#884);
#882=LINE('',#54,#885);
#883=LINE('',#40,#886);
#884=VECTOR('',#887,1.0);
#885=VECTOR('',#888,1.0);
#886=VECTOR('',#889,1.0);
#887=DIRECTION('',(0.786318430788197,0.6178214348845363,0));
#888=DIRECTION('',(-0.9752604157995814,0.22105909023251588,0));
#889=DIRECTION('',(0.5508421858068525,-0.8346094214274897,0));
#890=FACE_SURFACE('',(#895),#891,.T.);
#891=PLANE('',#892);
#892=AXIS2_PLACEMENT_3D('',#50,#893,#894);
#893=DIRECTION('',(0,0,1));
#894=DIRECTION('',(-0.9853504960747687,-0.17054149021633253,0));
#895=FACE_BOUND('',#896,.T.);
#896=EDGE_LOOP('',(#897,#898,#899));
#897=ORIENTED_EDGE('',*,*,#900,.T.);
#898=ORIENTED_EDGE('',*,*,#901,.T.);
#899=ORIENTED_EDGE('',*,*,#902,.T.);
#900=EDGE_CURVE('',#51,#57,#903,.F.);
#901=EDGE_CURVE('',#57,#59,#904,.T.);
#902=EDGE_CURVE('',#59,#51,#905,.T.);
#903=LINE('',#50,#906);
#904=LINE('',#56,#907);
#905=LINE('',#58,#908);
#906=VECTOR('',#909,1.0);
#907=VECTOR('',#910,1.0);
#908=VECTOR('',#911,1.0);
#909=DIRECTION('',(-0.9853504960747687,-0.17054149021633253,0));
#910=DIRECTION('',(0.8207713102888605,-0.5712569091106972,0));
#911=DIRECTION('',(-0.19611608161514998,0.9805806863955254,0));
#912=FACE_SURFACE('',(#917),#913,.T.);
#913=PLANE('',#914);
#914=AXIS2_PLACEMENT_3D('',#60,#915,#916);
#915=DIRECTION('',(-0,0,-1));
#916=DIRECTION('',(-0.13071796508188885,-0.9914195951285459,0));
#917=FACE_BOUND('',#918,.T.);
#918=EDGE_LOOP('',(#919,#920,#921));
#919=ORIENTED_EDGE('',*,*,#922,.T.);
#920=ORIENTED_EDGE('',*,*,#923,.T.);
#921=ORIENTED_EDGE('',*,*,#924,.T.);
#922=EDGE_CURVE('',#61,#63,#925,.F.);
#923=EDGE_CURVE('',#63,#65,#926,.T.);
#924=EDGE_CURVE('',#65,#61,#927,.T.);
#925=LINE('',#60,#928);
#926=LINE('',#62,#929);
#927=LINE('',#64,#930);
#928=VECTOR('',#931,1.0);
#929=VECTOR('',#932,1.0);
#930=VECTOR('',#933,1.0);
#931=DIRECTION('',(-0.13071796508188885,-0.9914195951285459,0));
#932=DIRECTION('',(0.06574239646330061,0.9978366285656497,0));
#933=DIRECTION('',(0.9452839908552895,-0.32624864234613626,0));
#934=FACE_SURFACE('',(#939),#935,.T.);
#935=PLANE('',#936);
#936=AXIS2_PLACEMENT_3D('',#66,#937,#938);
#937=DIRECTION('',(-0,0,-1));
#938=DIRECTION('',(-0.1956721027860313,-0.9806693776147458,0));
#939=FACE_BOUND('',#940,.T.);
#940=EDGE_LOOP('',(#941,#942,#943));
#941=ORIENTED_EDGE('',*,*,#944,.T.);
#942=ORIENTED_EDGE('',*,*,#945,.T.);
#943=ORIENTED_EDGE('',*,*,#946,.T.);
#944=EDGE_CURVE('',#67,#63,#947,.F.);
#945=EDGE_CURVE('',#63,#61,#948,.T.);
#946=EDGE_CURVE('',#61,#67,#949,.T.);
#947=LINE('',#66,#950);
#948=LINE('',#62,#951);
#949=LINE('',#60,#952);
#950=VECTOR('',#953,1.0);
#951=VECTOR('',#954,1.0);
#952=VECTOR('',#955,1.0);
#953=DIRECTION('',(-0.1956721027860313,-0.9806693776147458,0));
#954=DIRECTION('',(0.13071796508188885,0.9914195951285459,0));
#955=DIRECTION('',(0.8977275394271507,-0.4405510923310413,0));
#956=FACE_SURFACE('',(#961),#957,.T.);
#957=PLANE('',#958);
#958=AXIS2_PLACEMENT_3D('',#68,#959,#960);
#959=DIRECTION('',(-0,0,-1));
#960=DIRECTION('',(-0.25906125429283117,-0.9658608939822675,0));
#961=FACE_BOUND('',#962,.T.);
#962=EDGE_LOOP('',(#963,#964,#965));
#963=ORIENTED_EDGE('',*,*,#966,.T.);
#964=ORIENTED_EDGE('',*,*,#967,.T.);
#965=ORIENTED_EDGE('',*,*,#968,.T.);
#966=EDGE_CURVE('',#69,#63,#969,.F.);
#967=EDGE_CURVE('',#63,#67,#970,.T.);
#968=EDGE_CURVE('',#67,#69,#971,.T.);
#969=LINE('',#68,#972);
#970=LINE('',#62,#973);
#971=LINE('',#66,#974);
#972=VECTOR('',#975,1.0);
#973=VECTOR('',#976,1.0);
#974=VECTOR('',#977,1.0);
#975=DIRECTION('',(-0.25906125429283117,-0.9658608939822675,0));
#976=DIRECTION('',(0.1956721027860313,0.9806693776147458,0));
#977=DIRECTION('',(0.8320502943378437,-0.5547001962252291,0));
#978=FACE_SURFACE('',(#983),#979,.T.);
#979=PLANE('',#980);
#980=AXIS2_PLACEMENT_3D('',#70,#981,#982);
#981=DIRECTION('',(-0,0,-1));
#982=DIRECTION('',(-0.3217061018413717,-0.9468395767172119,0));
#983=FACE_BOUND('',#984,.T.);
#984=EDGE_LOOP('',(#985,#986,#987));
#985=ORIENTED_EDGE('',*,*,#988,.T.);
#986=ORIENTED_EDGE('',*,*,#989,.T.);
#987=ORIENTED_EDGE('',*,*,#990,.T.);
#988=EDGE_CURVE('',#71,#63,#991,.F.);
#989=EDGE_CURVE('',#63,#69,#992,.T.);
#990=EDGE_CURVE('',#69,#71,#993,.T.);
#991=LINE('',#70,#994);
#992=LINE('',#62,#995);
#993=LINE('',#68,#996);
#994=VECTOR('',#997,1.0);
#995=VECTOR('',#998,1.0);
#996=VECTOR('',#999,1.0);
#997=DIRECTION('',(-0.3217061018413717,-0.9468395767172119,0));
#998=DIRECTION('',(0.25906125429283117,0.9658608939822675,0));
#999=DIRECTION('',(0.7515413330109846,-0.6596860046841014,0));
#1000=FACE_SURFACE('',(#1005),#1001,.T.);
#1001=PLANE('',#1002);
#1002=AXIS2_PLACEMENT_3D('',#72,#1003,#1004);
#1003=DIRECTION('',(-0,0,-1));
#1004=DIRECTION('',(-0.3830018865442897,-0.9237475601610621,0));
#1005=FACE_BOUND('',#1006,.T.);
#1006=EDGE_LOOP('',(#1007,#1008,#1009));
#1007=ORIENTED_EDGE('',*,*,#1010,.T.);
#1008=ORIENTED_EDGE('',*,*,#1011,.T.);
#1009=ORIENTED_EDGE('',*,*,#1012,.T.);
#1010=EDGE_CURVE('',#73,#63,#1013,.F.);
#1011=EDGE_CURVE('',#63,#71,#1014,.T.);
#1012=EDGE_CURVE('',#71,#73,#1015,.T.);
#1013=LINE('',#72,#1016);
#1014=LINE('',#62,#1017);
#1015=LINE('',#70,#1018);
#1016=VECTOR('',#1019,1.0);
#1017=VECTOR('',#1020,1.0);
#1018=VECTOR('',#1021,1.0);
#1019=DIRECTION('',(-0.3830018865442897,-0.9237475601610621,0));
#1020=DIRECTION('',(0.3217061018413717,0.9468395767172119,0));
#1021=DIRECTION('',(0.6596860046841014,-0.7515413330109846,0));
#1022=FACE_SURFACE('',(#1027),#1023,.T.);
#1023=PLANE('',#1024);
#1024=AXIS2_PLACEMENT_3D('',#74,#1025,#1026);
#1025=DIRECTION('',(-0,0,-1));
#1026=DIRECTION('',(-0.4422128214759563,-0.8969101518671052,0));
#1027=FACE_BOUND('',#1028,.T.);
#1028=EDGE_LOOP('',(#1029,#1030,#1031));
#1029=ORIENTED_EDGE('',*,*,#1032,.T.);
#1030=ORIENTED_EDGE('',*,*,#1033,.T.);
#1031=ORIENTED_EDGE('',*,*,#1034,.T.);
#1032=EDGE_CURVE('',#75,#63,#1035,.F.);
#1033=EDGE_CURVE('',#63,#73,#1036,.T.);
#1034=EDGE_CURVE('',#73,#75,#1037,.T.);
#1035=LINE('',#74,#1038);
#1036=LINE('',#62,#1039);
#1037=LINE('',#72,#1040);
#1038=VECTOR('',#1041,1.0);
#1039=VECTOR('',#1042,1.0);
#1040=VECTOR('',#1043,1.0);
#1041=DIRECTION('',(-0.4422128214759563,-0.8969101518671052,0));
#1042=DIRECTION('',(0.3830018865442897,0.9237475601610621,0));
#1043=DIRECTION('',(0.5547001962252291,-0.8320502943378437,0));
#1044=FACE_SURFACE('',(#1049),#1045,.T.);
#1045=PLANE('',#1046);
#1046=AXIS2_PLACEMENT_3D('',#76,#1047,#1048);
#1047=DIRECTION('',(-0,0,-1));
#1048=DIRECTION('',(-0.5001398422361673,-0.8659446507762386,0));
#1049=FACE_BOUND('',#1050,.T.);
#1050=EDGE_LOOP('',(#1051,#1052,#1053));
#1051=ORIENTED_EDGE('',*,*,#1054,.T.);
#1052=ORIENTED_EDGE('',*,*,#1055,.T.);
#1053=ORIENTED_EDGE('',*,*,#1056,.T.);
#1054=EDGE_CURVE('',#77,#63,#1057,.F.);
#1055=EDGE_CURVE('',#63,#75,#1058,.T.);
#1056=EDGE_CURVE('',#75,#77,#1059,.T.);
#1057=LINE('',#76,#1060);
#1058=LINE('',#62,#1061);
#1059=LINE('',#74,#1062);
#1060=VECTOR('',#1063,1.0);
#1061=VECTOR('',#1064,1.0);
#1062=VECTOR('',#1065,1.0);
#1063=DIRECTION('',(-0.5001398422361673,-0.8659446507762386,0));
#1064=DIRECTION('',(0.4422128214759563,0.8969101518671052,0));
#1065=DIRECTION('',(0.4405510923310413,-0.8977275394271507,0));
#1066=FACE_SURFACE('',(#1071),#1067,.T.);
#1067=PLANE('',#1068);
#1068=AXIS2_PLACEMENT_3D('',#78,#1069,#1070);
#1069=DIRECTION('',(-0,0,-1));
#1070=DIRECTION('',(-0.5558734439149411,-0.8312669332712224,0));
#1071=FACE_BOUND('',#1072,.T.);
#1072=EDGE_LOOP('',(#1073,#1074,#1075));
#1073=ORIENTED_EDGE('',*,*,#1076,.T.);
#1074=ORIENTED_EDGE('',*,*,#1077,.T.);
#1075=ORIENTED_EDGE('',*,*,#1078,.T.);
#1076=EDGE_CURVE('',#79,#63,#1079,.F.);
#1077=EDGE_CURVE('',#63,#77,#1080,.T.);
#1078=EDGE_CURVE('',#77,#79,#1081,.T.);
#1079=LINE('',#78,#1082);
#1080=LINE('',#62,#1083);
#1081=LINE('',#76,#1084);
#1082=VECTOR('',#1085,1.0);
#1083=VECTOR('',#1086,1.0);
#1084=VECTOR('',#1087,1.0);
#1085=DIRECTION('',(-0.5558734439149411,-0.8312669332712224,0));
#1086=DIRECTION('',(0.5001398422361673,0.8659446507762386,0));
#1087=DIRECTION('',(0.32624864234613626,-0.9452839908552895,0));
#1088=FACE_SURFACE('',(#1093),#1089,.T.);
#1089=PLANE('',#1090);
#1090=AXIS2_PLACEMENT_3D('',#80,#1091,#1092);
#1091=DIRECTION('',(-0,0,-1));
#1092=DIRECTION('',(-0.6091128678790964,-0.7930835480478097,0));
#1093=FACE_BOUND('',#1094,.T.);
#1094=EDGE_LOOP('',(#1095,#1096,#1097));
#1095=ORIENTED_EDGE('',*,*,#1098,.T.);
#1096=ORIENTED_EDGE('',*,*,#1099,.T.);
#1097=ORIENTED_EDGE('',*,*,#1100,.T.);
#1098=EDGE_CURVE('',#81,#63,#1101,.F.);
#1099=EDGE_CURVE('',#63,#79,#1102,.T.);
#1100=EDGE_CURVE('',#79,#81,#1103,.T.);
#1101=LINE('',#80,#1104);
#1102=LINE('',#62,#1105);
#1103=LINE('',#78,#1106);
#1104=VECTOR('',#1107,1.0);
#1105=VECTOR('',#1108,1.0);
#1106=VECTOR('',#1109,1.0);
#1107=DIRECTION('',(-0.6091128678790964,-0.7930835480478097,0));
#1108=DIRECTION('',(0.5558734439149411,0.8312669332712224,0));
#1109=DIRECTION('',(0.19131507125508856,-0.9815286768661731,0));
#1110=FACE_SURFACE('',(#1115),#1111,.T.);
#1111=PLANE('',#1112);
#1112=AXIS2_PLACEMENT_3D('',#82,#1113,#1114);
#1113=DIRECTION('',(0,-0,1));
#1114=DIRECTION('',(0.03203480370607529,0.9994867539650104,0));
#1115=FACE_BOUND('',#1116,.T.);
#1116=EDGE_LOOP('',(#1117,#1118,#1119));
#1117=ORIENTED_EDGE('',*,*,#1120,.T.);
#1118=ORIENTED_EDGE('',*,*,#1121,.T.);
#1119=ORIENTED_EDGE('',*,*,#1122,.T.);
#1120=EDGE_CURVE('',#83,#55,#1123,.F.);
#1121=EDGE_CURVE('',#55,#53,#1124,.T.);
#1122=EDGE_CURVE('',#53,#83,#1125,.T.);
#1123=LINE('',#82,#1126);
#1124=LINE('',#54,#1127);
#1125=LINE('',#52,#1128);
#1126=VECTOR('',#1129,1.0);
#1127=VECTOR('',#1130,1.0);
#1128=VECTOR('',#1131,1.0);
#1129=DIRECTION('',(0.03203480370607529,0.9994867539650104,0));
#1130=DIRECTION('',(-0.786318430788197,-0.6178214348845363,0));
#1131=DIRECTION('',(0.6596861983464108,-0.7515411630185401,0));
#1132=FACE_SURFACE('',(#1137),#1133,.T.);
#1133=PLANE('',#1134);
#1134=AXIS2_PLACEMENT_3D('',#58,#1135,#1136);
#1135=DIRECTION('',(0,0,1));
#1136=DIRECTION('',(-0.9567873636343249,-0.29078848118465433,0));
#1137=FACE_BOUND('',#1138,.T.);
#1138=EDGE_LOOP('',(#1139,#1140,#1141));
#1139=ORIENTED_EDGE('',*,*,#1142,.T.);
#1140=ORIENTED_EDGE('',*,*,#1143,.T.);
#1141=ORIENTED_EDGE('',*,*,#1144,.T.);
#1142=EDGE_CURVE('',#59,#85,#1145,.F.);
#1143=EDGE_CURVE('',#85,#87,#1146,.T.);
#1144=EDGE_CURVE('',#87,#59,#1147,.T.);
#1145=LINE('',#58,#1148);
#1146=LINE('',#84,#1149);
#1147=LINE('',#86,#1150);
#1148=VECTOR('',#1151,1.0);
#1149=VECTOR('',#1152,1.0);
#1150=VECTOR('',#1153,1.0);
#1151=DIRECTION('',(-0.9567873636343249,-0.29078848118465433,0));
#1152=DIRECTION('',(0.8891358242332528,-0.45764340491812433,0));
#1153=DIRECTION('',(-0.3190413670348494,0.9477407905754266,0));
#1154=FACE_SURFACE('',(#1159),#1155,.T.);
#1155=PLANE('',#1156);
#1156=AXIS2_PLACEMENT_3D('',#88,#1157,#1158);
#1157=DIRECTION('',(0,0,1));
#1158=DIRECTION('',(-0.9996927876414266,-0.024785688163002605,0));
#1159=FACE_BOUND('',#1160,.T.);
#1160=EDGE_LOOP('',(#1161,#1162,#1163));
#1161=ORIENTED_EDGE('',*,*,#1164,.T.);
#1162=ORIENTED_EDGE('',*,*,#1165,.T.);
#1163=ORIENTED_EDGE('',*,*,#1166,.T.);
#1164=EDGE_CURVE('',#89,#91,#1167,.F.);
#1165=EDGE_CURVE('',#91,#93,#1168,.T.);
#1166=EDGE_CURVE('',#93,#89,#1169,.T.);
#1167=LINE('',#88,#1170);
#1168=LINE('',#90,#1171);
#1169=LINE('',#92,#1172);
#1170=VECTOR('',#1173,1.0);
#1171=VECTOR('',#1174,1.0);
#1172=VECTOR('',#1175,1.0);
#1173=DIRECTION('',(-0.9996927876414266,-0.024785688163002605,0));
#1174=DIRECTION('',(0.5076921588027824,-0.8615385492769143,0));
#1175=DIRECTION('',(0.8305955251084763,0.5568761744497375,0));
#1176=FACE_SURFACE('',(#1181),#1177,.T.);
#1177=PLANE('',#1178);
#1178=AXIS2_PLACEMENT_3D('',#94,#1179,#1180);
#1179=DIRECTION('',(0,0,1));
#1180=DIRECTION('',(-0.9789804096239381,-0.20395430265759665,0));
#1181=FACE_BOUND('',#1182,.T.);
#1182=EDGE_LOOP('',(#1183,#1184,#1185));
#1183=ORIENTED_EDGE('',*,*,#1186,.T.);
#1184=ORIENTED_EDGE('',*,*,#1187,.T.);
#1185=ORIENTED_EDGE('',*,*,#1188,.T.);
#1186=EDGE_CURVE('',#95,#97,#1189,.F.);
#1187=EDGE_CURVE('',#97,#99,#1190,.T.);
#1188=EDGE_CURVE('',#99,#95,#1191,.T.);
#1189=LINE('',#94,#1192);
#1190=LINE('',#96,#1193);
#1191=LINE('',#98,#1194);
#1192=VECTOR('',#1195,1.0);
#1193=VECTOR('',#1196,1.0);
#1194=VECTOR('',#1197,1.0);
#1195=DIRECTION('',(-0.9789804096239381,-0.20395430265759665,0));
#1196=DIRECTION('',(0.9346187399163255,-0.355651249115225,0));
#1197=DIRECTION('',(-0.26052416887849994,0.9654673259257234,0));
#1198=FACE_SURFACE('',(#1203),#1199,.T.);
#1199=PLANE('',#1200);
#1200=AXIS2_PLACEMENT_3D('',#100,#1201,#1202);
#1201=DIRECTION('',(0,-0,1));
#1202=DIRECTION('',(0,1,0));
#1203=FACE_BOUND('',#1204,.T.);
#1204=EDGE_LOOP('',(#1205,#1206,#1207));
#1205=ORIENTED_EDGE('',*,*,#1208,.T.);
#1206=ORIENTED_EDGE('',*,*,#1209,.T.);
#1207=ORIENTED_EDGE('',*,*,#1210,.T.);
#1208=EDGE_CURVE('',#101,#103,#1211,.F.);
#1209=EDGE_CURVE('',#103,#105,#1212,.T.);
#1210=EDGE_CURVE('',#105,#101,#1213,.T.);
#1211=LINE('',#100,#1214);
#1212=LINE('',#102,#1215);
#1213=LINE('',#104,#1216);
#1214=VECTOR('',#1217,1.0);
#1215=VECTOR('',#1218,1.0);
#1216=VECTOR('',#1219,1.0);
#1217=DIRECTION('',(0,1,0));
#1218=DIRECTION('',(-0.24791653963781135,-0.9687813940069315,0));
#1219=DIRECTION('',(0.9981119182646854,0.06142148335875533,0));
#1220=FACE_SURFACE('',(#1225),#1221,.T.);
#1221=PLANE('',#1222);
#1222=AXIS2_PLACEMENT_3D('',#106,#1223,#1224);
#1223=DIRECTION('',(0,-0,1));
#1224=DIRECTION('',(0.6178214348845363,0.786318430788197,0));
#1225=FACE_BOUND('',#1226,.T.);
#1226=EDGE_LOOP('',(#1227,#1228,#1229));
#1227=ORIENTED_EDGE('',*,*,#1230,.T.);
#1228=ORIENTED_EDGE('',*,*,#1231,.T.);
#1229=ORIENTED_EDGE('',*,*,#1232,.T.);
#1230=EDGE_CURVE('',#107,#109,#1233,.F.);
#1231=EDGE_CURVE('',#109,#83,#1234,.T.);
#1232=EDGE_CURVE('',#83,#107,#1235,.T.);
#1233=LINE('',#106,#1236);
#1234=LINE('',#108,#1237);
#1235=LINE('',#82,#1238);
#1236=VECTOR('',#1239,1.0);
#1237=VECTOR('',#1240,1.0);
#1238=VECTOR('',#1241,1.0);
#1239=DIRECTION('',(0.6178214348845363,0.786318430788197,0));
#1240=DIRECTION('',(-0.9994867539650104,-0.03203480370607529,0));
#1241=DIRECTION('',(0.7515411630185401,-0.6596861983464108,0));
#1242=FACE_SURFACE('',(#1247),#1243,.T.);
#1243=PLANE('',#1244);
#1244=AXIS2_PLACEMENT_3D('',#86,#1245,#1246);
#1245=DIRECTION('',(0,0,1));
#1246=DIRECTION('',(-0.9141998321264682,-0.40526370049627886,0));
#1247=FACE_BOUND('',#1248,.T.);
#1248=EDGE_LOOP('',(#1249,#1250,#1251));
#1249=ORIENTED_EDGE('',*,*,#1252,.T.);
#1250=ORIENTED_EDGE('',*,*,#1253,.T.);
#1251=ORIENTED_EDGE('',*,*,#1254,.T.);
#1252=EDGE_CURVE('',#87,#45,#1255,.F.);
#1253=EDGE_CURVE('',#45,#43,#1256,.T.);
#1254=EDGE_CURVE('',#43,#87,#1257,.T.);
#1255=LINE('',#86,#1258);
#1256=LINE('',#44,#1259);
#1257=LINE('',#42,#1260);
#1258=VECTOR('',#1261,1.0);
#1259=VECTOR('',#1262,1.0);
#1260=VECTOR('',#1263,1.0);
#1261=DIRECTION('',(-0.9141998321264682,-0.40526370049627886,0));
#1262=DIRECTION('',(0.9405539294882529,-0.33964438126400204,0));
#1263=DIRECTION('',(-0.4434358542906828,0.89630611017079,0));
#1264=FACE_SURFACE('',(#1269),#1265,.T.);
#1265=PLANE('',#1266);
#1266=AXIS2_PLACEMENT_3D('',#110,#1267,#1268);
#1267=DIRECTION('',(0,0,1));
#1268=DIRECTION('',(-0.9874923475004742,-0.15766693891873107,0));
#1269=FACE_BOUND('',#1270,.T.);
#1270=EDGE_LOOP('',(#1271,#1272,#1273));
#1271=ORIENTED_EDGE('',*,*,#1274,.T.);
#1272=ORIENTED_EDGE('',*,*,#1275,.T.);
#1273=ORIENTED_EDGE('',*,*,#1276,.T.);
#1274=EDGE_CURVE('',#111,#113,#1277,.F.);
#1275=EDGE_CURVE('',#113,#89,#1278,.T.);
#1276=EDGE_CURVE('',#89,#111,#1279,.T.);
#1277=LINE('',#110,#1280);
#1278=LINE('',#112,#1281);
#1279=LINE('',#88,#1282);
#1280=VECTOR('',#1283,1.0);
#1281=VECTOR('',#1284,1.0);
#1282=VECTOR('',#1285,1.0);
#1283=DIRECTION('',(-0.9874923475004742,-0.15766693891873107,0));
#1284=DIRECTION('',(0.6000004401572214,-0.7999996698818947,0));
#1285=DIRECTION('',(0.74792503510481,0.6637832039630626,0));
#1286=FACE_SURFACE('',(#1291),#1287,.T.);
#1287=PLANE('',#1288);
#1288=AXIS2_PLACEMENT_3D('',#114,#1289,#1290);
#1289=DIRECTION('',(-0,0,1));
#1290=DIRECTION('',(0.3846150590551358,-0.9230770587269593,0));
#1291=FACE_BOUND('',#1292,.T.);
#1292=EDGE_LOOP('',(#1293,#1294,#1295));
#1293=ORIENTED_EDGE('',*,*,#1296,.T.);
#1294=ORIENTED_EDGE('',*,*,#1297,.T.);
#1295=ORIENTED_EDGE('',*,*,#1298,.T.);
#1296=EDGE_CURVE('',#115,#117,#1299,.F.);
#1297=EDGE_CURVE('',#117,#91,#1300,.T.);
#1298=EDGE_CURVE('',#91,#115,#1301,.T.);
#1299=LINE('',#114,#1302);
#1300=LINE('',#116,#1303);
#1301=LINE('',#90,#1304);
#1302=VECTOR('',#1305,1.0);
#1303=VECTOR('',#1306,1.0);
#1304=VECTOR('',#1307,1.0);
#1305=DIRECTION('',(0.3846150590551358,-0.9230770587269593,0));
#1306=DIRECTION('',(0.5217847098948972,0.8530772043138287,0));
#1307=DIRECTION('',(-0.8984736982273256,-0.439027349482595,0));
#1308=FACE_SURFACE('',(#1313),#1309,.T.);
#1309=PLANE('',#1310);
#1310=AXIS2_PLACEMENT_3D('',#118,#1311,#1312);
#1311=DIRECTION('',(0,0,1));
#1312=DIRECTION('',(-0.22105909023251588,0.9752604157995814,0));
#1313=FACE_BOUND('',#1314,.T.);
#1314=EDGE_LOOP('',(#1315,#1316,#1317));
#1315=ORIENTED_EDGE('',*,*,#1318,.T.);
#1316=ORIENTED_EDGE('',*,*,#1319,.T.);
#1317=ORIENTED_EDGE('',*,*,#1320,.T.);
#1318=EDGE_CURVE('',#119,#109,#1321,.F.);
#1319=EDGE_CURVE('',#109,#107,#1322,.T.);
#1320=EDGE_CURVE('',#107,#119,#1323,.T.);
#1321=LINE('',#118,#1324);
#1322=LINE('',#108,#1325);
#1323=LINE('',#106,#1326);
#1324=VECTOR('',#1327,1.0);
#1325=VECTOR('',#1328,1.0);
#1326=VECTOR('',#1329,1.0);
#1327=DIRECTION('',(-0.22105909023251588,0.9752604157995814,0));
#1328=DIRECTION('',(-0.6178214348845363,-0.786318430788197,0));
#1329=DIRECTION('',(0.8346094214274897,-0.5508421858068525,0));
#1330=FACE_SURFACE('',(#1335),#1331,.T.);
#1331=PLANE('',#1332);
#1332=AXIS2_PLACEMENT_3D('',#42,#1333,#1334);
#1333=DIRECTION('',(0,0,1));
#1334=DIRECTION('',(-0.8558287747656494,-0.5172592273542611,0));
#1335=FACE_BOUND('',#1336,.T.);
#1336=EDGE_LOOP('',(#1337,#1338,#1339));
#1337=ORIENTED_EDGE('',*,*,#1340,.T.);
#1338=ORIENTED_EDGE('',*,*,#1341,.T.);
#1339=ORIENTED_EDGE('',*,*,#1342,.T.);
#1340=EDGE_CURVE('',#43,#41,#1343,.F.);
#1341=EDGE_CURVE('',#41,#55,#1344,.T.);
#1342=EDGE_CURVE('',#55,#43,#1345,.T.);
#1343=LINE('',#42,#1346);
#1344=LINE('',#40,#1347);
#1345=LINE('',#54,#1348);
#1346=VECTOR('',#1349,1.0);
#1347=VECTOR('',#1350,1.0);
#1348=VECTOR('',#1351,1.0);
#1349=DIRECTION('',(-0.8558287747656494,-0.5172592273542611,0));
#1350=DIRECTION('',(0.9752604157995814,-0.22105909023251588,0));
#1351=DIRECTION('',(-0.5525370941621554,0.8334883080012829,0));
#1352=FACE_SURFACE('',(#1357),#1353,.T.);
#1353=PLANE('',#1354);
#1354=AXIS2_PLACEMENT_3D('',#36,#1355,#1356);
#1355=DIRECTION('',(0.6520385830085653,0.7581857861158979,-0));
#1356=DIRECTION('',(-0.758185786115898,0.6520385830085654,0));
#1357=FACE_BOUND('',#1358,.T.);
#1358=EDGE_LOOP('',(#1359,#1360,#1361));
#1359=ORIENTED_EDGE('',*,*,#1362,.T.);
#1360=ORIENTED_EDGE('',*,*,#1363,.T.);
#1361=ORIENTED_EDGE('',*,*,#1364,.T.);
#1362=EDGE_CURVE('',#37,#121,#1365,.F.);
#1363=EDGE_CURVE('',#121,#39,#1366,.T.);
#1364=EDGE_CURVE('',#39,#37,#1367,.T.);
#1365=LINE('',#36,#1368);
#1366=LINE('',#120,#1369);
#1367=LINE('',#38,#1370);
#1368=VECTOR('',#1371,1.0);
#1369=VECTOR('',#1372,1.0);
#1370=VECTOR('',#1373,1.0);
#1371=DIRECTION('',(-0.758185786115898,0.6520385830085654,0));
#1372=DIRECTION('',(0.12040386713976066,-0.1035471362774403,0.9873099307444102));
#1373=DIRECTION('',(0,0,-1));
#1374=FACE_SURFACE('',(#1379),#1375,.T.);
#1375=PLANE('',#1376);
#1376=AXIS2_PLACEMENT_3D('',#122,#1377,#1378);
#1377=DIRECTION('',(0,0,1));
#1378=DIRECTION('',(-0.2604043962527114,0.9654996377069547,0));
#1379=FACE_BOUND('',#1380,.T.);
#1380=EDGE_LOOP('',(#1381,#1382,#1383));
#1381=ORIENTED_EDGE('',*,*,#1384,.T.);
#1382=ORIENTED_EDGE('',*,*,#1385,.T.);
#1383=ORIENTED_EDGE('',*,*,#1386,.T.);
#1384=EDGE_CURVE('',#123,#125,#1387,.F.);
#1385=EDGE_CURVE('',#125,#127,#1388,.T.);
#1386=EDGE_CURVE('',#127,#123,#1389,.T.);
#1387=LINE('',#122,#1390);
#1388=LINE('',#124,#1391);
#1389=LINE('',#126,#1392);
#1390=VECTOR('',#1393,1.0);
#1391=VECTOR('',#1394,1.0);
#1392=VECTOR('',#1395,1.0);
#1393=DIRECTION('',(-0.2604043962527114,0.9654996377069547,0));
#1394=DIRECTION('',(0.01144948005919134,-0.9999344525549533,0));
#1395=DIRECTION('',(0.9471445042286701,0.3208072444777805,0));
#1396=FACE_SURFACE('',(#1401),#1397,.T.);
#1397=PLANE('',#1398);
#1398=AXIS2_PLACEMENT_3D('',#54,#1399,#1400);
#1399=DIRECTION('',(0,0,1));
#1400=DIRECTION('',(-0.03203480370607529,-0.9994867539650104,0));
#1401=FACE_BOUND('',#1402,.T.);
#1402=EDGE_LOOP('',(#1403,#1404,#1405));
#1403=ORIENTED_EDGE('',*,*,#1406,.T.);
#1404=ORIENTED_EDGE('',*,*,#1407,.T.);
#1405=ORIENTED_EDGE('',*,*,#1408,.T.);
#1406=EDGE_CURVE('',#55,#83,#1409,.F.);
#1407=EDGE_CURVE('',#83,#129,#1410,.T.);
#1408=EDGE_CURVE('',#129,#55,#1411,.T.);
#1409=LINE('',#54,#1412);
#1410=LINE('',#82,#1413);
#1411=LINE('',#128,#1414);
#1412=VECTOR('',#1415,1.0);
#1413=VECTOR('',#1416,1.0);
#1414=VECTOR('',#1417,1.0);
#1415=DIRECTION('',(-0.03203480370607529,-0.9994867539650104,0));
#1416=DIRECTION('',(0.7071067811865476,0.7071067811865476,0));
#1417=DIRECTION('',(-0.6637834806141578,0.7479247895769695,0));
#1418=FACE_SURFACE('',(#1423),#1419,.T.);
#1419=PLANE('',#1420);
#1420=AXIS2_PLACEMENT_3D('',#128,#1421,#1422);
#1421=DIRECTION('',(0,0,1));
#1422=DIRECTION('',(-0.7071067811865476,-0.7071067811865476,0));
#1423=FACE_BOUND('',#1424,.T.);
#1424=EDGE_LOOP('',(#1425,#1426,#1427));
#1425=ORIENTED_EDGE('',*,*,#1428,.T.);
#1426=ORIENTED_EDGE('',*,*,#1429,.T.);
#1427=ORIENTED_EDGE('',*,*,#1430,.T.);
#1428=EDGE_CURVE('',#129,#83,#1431,.F.);
#1429=EDGE_CURVE('',#83,#109,#1432,.T.);
#1430=EDGE_CURVE('',#109,#129,#1433,.T.);
#1431=LINE('',#128,#1434);
#1432=LINE('',#82,#1435);
#1433=LINE('',#108,#1436);
#1434=VECTOR('',#1437,1.0);
#1435=VECTOR('',#1438,1.0);
#1436=VECTOR('',#1439,1.0);
#1437=DIRECTION('',(-0.7071067811865476,-0.7071067811865476,0));
#1438=DIRECTION('',(0.9994867539650104,0.03203480370607529,0));
#1439=DIRECTION('',(-0.7479247895769695,0.6637834806141578,0));
#1440=FACE_SURFACE('',(#1445),#1441,.T.);
#1441=PLANE('',#1442);
#1442=AXIS2_PLACEMENT_3D('',#108,#1443,#1444);
#1443=DIRECTION('',(0,0,1));
#1444=DIRECTION('',(0.22105909023251588,-0.9752604157995814,0));
#1445=FACE_BOUND('',#1446,.T.);
#1446=EDGE_LOOP('',(#1447,#1448,#1449));
#1447=ORIENTED_EDGE('',*,*,#1450,.T.);
#1448=ORIENTED_EDGE('',*,*,#1451,.T.);
#1449=ORIENTED_EDGE('',*,*,#1452,.T.);
#1450=EDGE_CURVE('',#109,#119,#1453,.F.);
#1451=EDGE_CURVE('',#119,#131,#1454,.T.);
#1452=EDGE_CURVE('',#131,#109,#1455,.T.);
#1453=LINE('',#108,#1456);
#1454=LINE('',#118,#1457);
#1455=LINE('',#130,#1458);
#1456=VECTOR('',#1459,1.0);
#1457=VECTOR('',#1460,1.0);
#1458=VECTOR('',#1461,1.0);
#1459=DIRECTION('',(0.22105909023251588,-0.9752604157995814,0));
#1460=DIRECTION('',(0.5172592273542611,0.8558287747656494,0));
#1461=DIRECTION('',(-0.8334883080012829,0.5525370941621554,0));
#1462=FACE_SURFACE('',(#1467),#1463,.T.);
#1463=PLANE('',#1464);
#1464=AXIS2_PLACEMENT_3D('',#126,#1465,#1466);
#1465=DIRECTION('',(0,0,1));
#1466=DIRECTION('',(-0.38376343158145365,0.923431442274318,0));
#1467=FACE_BOUND('',#1468,.T.);
#1468=EDGE_LOOP('',(#1469,#1470,#1471));
#1469=ORIENTED_EDGE('',*,*,#1472,.T.);
#1470=ORIENTED_EDGE('',*,*,#1473,.T.);
#1471=ORIENTED_EDGE('',*,*,#1474,.T.);
#1472=EDGE_CURVE('',#127,#133,#1475,.F.);
#1473=EDGE_CURVE('',#133,#135,#1476,.T.);
#1474=EDGE_CURVE('',#135,#127,#1477,.T.);
#1475=LINE('',#126,#1478);
#1476=LINE('',#132,#1479);
#1477=LINE('',#134,#1480);
#1478=VECTOR('',#1481,1.0);
#1479=VECTOR('',#1482,1.0);
#1480=VECTOR('',#1483,1.0);
#1481=DIRECTION('',(-0.38376343158145365,0.923431442274318,0));
#1482=DIRECTION('',(0.1408882519200339,-0.9900255049598051,0));
#1483=DIRECTION('',(0.8974490173980141,0.44111819410600034,0));
#1484=FACE_SURFACE('',(#1489),#1485,.T.);
#1485=PLANE('',#1486);
#1486=AXIS2_PLACEMENT_3D('',#134,#1487,#1488);
#1487=DIRECTION('',(0,0,1));
#1488=DIRECTION('',(-0.4991461787776195,0.8665177968234125,0));
#1489=FACE_BOUND('',#1490,.T.);
#1490=EDGE_LOOP('',(#1491,#1492,#1493));
#1491=ORIENTED_EDGE('',*,*,#1494,.T.);
#1492=ORIENTED_EDGE('',*,*,#1495,.T.);
#1493=ORIENTED_EDGE('',*,*,#1496,.T.);
#1494=EDGE_CURVE('',#135,#137,#1497,.F.);
#1495=EDGE_CURVE('',#137,#139,#1498,.T.);
#1496=EDGE_CURVE('',#139,#135,#1499,.T.);
#1497=LINE('',#134,#1500);
#1498=LINE('',#136,#1501);
#1499=LINE('',#138,#1502);
#1500=VECTOR('',#1503,1.0);
#1501=VECTOR('',#1504,1.0);
#1502=VECTOR('',#1505,1.0);
#1503=DIRECTION('',(-0.4991461787776195,0.8665177968234125,0));
#1504=DIRECTION('',(0.2701944103560099,-0.9628057855104362,0));
#1505=DIRECTION('',(0.8320502943378436,0.554700196225229,0));
#1506=FACE_SURFACE('',(#1511),#1507,.T.);
#1507=PLANE('',#1508);
#1508=AXIS2_PLACEMENT_3D('',#138,#1509,#1510);
#1509=DIRECTION('',(0,0,1));
#1510=DIRECTION('',(-0.6114475824285325,0.7912849385286584,0));
#1511=FACE_BOUND('',#1512,.T.);
#1512=EDGE_LOOP('',(#1513,#1514,#1515));
#1513=ORIENTED_EDGE('',*,*,#1516,.T.);
#1514=ORIENTED_EDGE('',*,*,#1517,.T.);
#1515=ORIENTED_EDGE('',*,*,#1518,.T.);
#1516=EDGE_CURVE('',#139,#141,#1519,.F.);
#1517=EDGE_CURVE('',#141,#143,#1520,.T.);
#1518=EDGE_CURVE('',#143,#139,#1521,.T.);
#1519=LINE('',#138,#1522);
#1520=LINE('',#140,#1523);
#1521=LINE('',#142,#1524);
#1522=VECTOR('',#1525,1.0);
#1523=VECTOR('',#1526,1.0);
#1524=VECTOR('',#1527,1.0);
#1525=DIRECTION('',(-0.6114475824285325,0.7912849385286584,0));
#1526=DIRECTION('',(0.39299815338563937,-0.9195392604100585,0));
#1527=DIRECTION('',(0.7581854018497268,0.6520390298302459,0));
#1528=FACE_SURFACE('',(#1533),#1529,.T.);
#1529=PLANE('',#1530);
#1530=AXIS2_PLACEMENT_3D('',#144,#1531,#1532);
#1531=DIRECTION('',(0,0,1));
#1532=DIRECTION('',(-0.6649982242549564,-0.7468449382152597,0));
#1533=FACE_BOUND('',#1534,.T.);
#1534=EDGE_LOOP('',(#1535,#1536,#1537));
#1535=ORIENTED_EDGE('',*,*,#1538,.T.);
#1536=ORIENTED_EDGE('',*,*,#1539,.T.);
#1537=ORIENTED_EDGE('',*,*,#1540,.T.);
#1538=EDGE_CURVE('',#145,#147,#1541,.F.);
#1539=EDGE_CURVE('',#147,#143,#1542,.T.);
#1540=EDGE_CURVE('',#143,#145,#1543,.T.);
#1541=LINE('',#144,#1544);
#1542=LINE('',#146,#1545);
#1543=LINE('',#142,#1546);
#1544=VECTOR('',#1547,1.0);
#1545=VECTOR('',#1548,1.0);
#1546=VECTOR('',#1549,1.0);
#1547=DIRECTION('',(-0.6649982242549564,-0.7468449382152597,0));
#1548=DIRECTION('',(0.9195393777201705,-0.392997878902675,0));
#1549=DIRECTION('',(-0.7071067811865475,0.7071067811865475,0));
#1550=FACE_SURFACE('',(#1555),#1551,.T.);
#1551=PLANE('',#1552);
#1552=AXIS2_PLACEMENT_3D('',#148,#1553,#1554);
#1553=DIRECTION('',(0,0,1));
#1554=DIRECTION('',(-0.439027349482595,-0.8984736982273256,0));
#1555=FACE_BOUND('',#1556,.T.);
#1556=EDGE_LOOP('',(#1557,#1558,#1559));
#1557=ORIENTED_EDGE('',*,*,#1560,.T.);
#1558=ORIENTED_EDGE('',*,*,#1561,.T.);
#1559=ORIENTED_EDGE('',*,*,#1562,.T.);
#1560=EDGE_CURVE('',#149,#151,#1563,.F.);
#1561=EDGE_CURVE('',#151,#153,#1564,.T.);
#1562=EDGE_CURVE('',#153,#149,#1565,.T.);
#1563=LINE('',#148,#1566);
#1564=LINE('',#150,#1567);
#1565=LINE('',#152,#1568);
#1566=VECTOR('',#1569,1.0);
#1567=VECTOR('',#1570,1.0);
#1568=VECTOR('',#1571,1.0);
#1569=DIRECTION('',(-0.439027349482595,-0.8984736982273256,0));
#1570=DIRECTION('',(0.9900254733024486,-0.14088847437694377,0));
#1571=DIRECTION('',(-0.8665177671735,0.4991462302498657,0));
#1572=FACE_SURFACE('',(#1577),#1573,.T.);
#1573=PLANE('',#1574);
#1574=AXIS2_PLACEMENT_3D('',#154,#1575,#1576);
#1575=DIRECTION('',(0,0,1));
#1576=DIRECTION('',(-0.9628057772306136,0.27019443986017566,0));
#1577=FACE_BOUND('',#1578,.T.);
#1578=EDGE_LOOP('',(#1579,#1580,#1581));
#1579=ORIENTED_EDGE('',*,*,#1582,.T.);
#1580=ORIENTED_EDGE('',*,*,#1583,.T.);
#1581=ORIENTED_EDGE('',*,*,#1584,.T.);
#1582=EDGE_CURVE('',#155,#149,#1585,.F.);
#1583=EDGE_CURVE('',#149,#153,#1586,.T.);
#1584=EDGE_CURVE('',#153,#155,#1587,.T.);
#1585=LINE('',#154,#1588);
#1586=LINE('',#148,#1589);
#1587=LINE('',#152,#1590);
#1588=VECTOR('',#1591,1.0);
#1589=VECTOR('',#1592,1.0);
#1590=VECTOR('',#1593,1.0);
#1591=DIRECTION('',(-0.9628057772306136,0.27019443986017566,0));
#1592=DIRECTION('',(0.8665177671735,-0.4991462302498657,0));
#1593=DIRECTION('',(0.554700196225229,0.8320502943378436,0));
#1594=FACE_SURFACE('',(#1599),#1595,.T.);
#1595=PLANE('',#1596);
#1596=AXIS2_PLACEMENT_3D('',#80,#1597,#1598);
#1597=DIRECTION('',(0.9815286768661731,0.19131507125508856,0));
#1598=DIRECTION('',(-0.19131507125508856,0.9815286768661731,0));
#1599=FACE_BOUND('',#1600,.T.);
#1600=EDGE_LOOP('',(#1601,#1602,#1603));
#1601=ORIENTED_EDGE('',*,*,#1604,.T.);
#1602=ORIENTED_EDGE('',*,*,#1605,.T.);
#1603=ORIENTED_EDGE('',*,*,#1606,.T.);
#1604=EDGE_CURVE('',#81,#79,#1607,.F.);
#1605=EDGE_CURVE('',#79,#157,#1608,.T.);
#1606=EDGE_CURVE('',#157,#81,#1609,.T.);
#1607=LINE('',#80,#1610);
#1608=LINE('',#78,#1611);
#1609=LINE('',#156,#1612);
#1610=VECTOR('',#1613,1.0);
#1611=VECTOR('',#1614,1.0);
#1612=VECTOR('',#1615,1.0);
#1613=DIRECTION('',(-0.19131507125508856,0.9815286768661731,0));
#1614=DIRECTION('',(0,0,1));
#1615=DIRECTION('',(0.05383111967490823,-0.27617681828258966,-0.959598132343874));
#1616=FACE_SURFACE('',(#1621),#1617,.T.);
#1617=PLANE('',#1618);
#1618=AXIS2_PLACEMENT_3D('',#80,#1619,#1620);
#1619=DIRECTION('',(0.9815286768661731,0.19131507125508856,-0));
#1620=DIRECTION('',(-0.05383111967490823,0.27617681828258966,0.959598132343874));
#1621=FACE_BOUND('',#1622,.T.);
#1622=EDGE_LOOP('',(#1623,#1624,#1625));
#1623=ORIENTED_EDGE('',*,*,#1626,.T.);
#1624=ORIENTED_EDGE('',*,*,#1627,.T.);
#1625=ORIENTED_EDGE('',*,*,#1628,.T.);
#1626=EDGE_CURVE('',#81,#157,#1629,.F.);
#1627=EDGE_CURVE('',#157,#159,#1630,.T.);
#1628=EDGE_CURVE('',#159,#81,#1631,.T.);
#1629=LINE('',#80,#1632);
#1630=LINE('',#156,#1633);
#1631=LINE('',#158,#1634);
#1632=VECTOR('',#1635,1.0);
#1633=VECTOR('',#1636,1.0);
#1634=VECTOR('',#1637,1.0);
#1635=DIRECTION('',(-0.05383111967490823,0.27617681828258966,0.959598132343874));
#1636=DIRECTION('',(0.19131507125508856,-0.9815286768661731,0));
#1637=DIRECTION('',(0,0,-1));
#1638=FACE_SURFACE('',(#1643),#1639,.T.);
#1639=PLANE('',#1640);
#1640=AXIS2_PLACEMENT_3D('',#160,#1641,#1642);
#1641=DIRECTION('',(0.06142148335875534,0.9981119182646855,0));
#1642=DIRECTION('',(0.15657383716221,-0.009635189358719645,-0.9876192569215747));
#1643=FACE_BOUND('',#1644,.T.);
#1644=EDGE_LOOP('',(#1645,#1646,#1647));
#1645=ORIENTED_EDGE('',*,*,#1648,.T.);
#1646=ORIENTED_EDGE('',*,*,#1649,.T.);
#1647=ORIENTED_EDGE('',*,*,#1650,.T.);
#1648=EDGE_CURVE('',#161,#163,#1651,.F.);
#1649=EDGE_CURVE('',#163,#101,#1652,.T.);
#1650=EDGE_CURVE('',#101,#161,#1653,.T.);
#1651=LINE('',#160,#1654);
#1652=LINE('',#162,#1655);
#1653=LINE('',#100,#1656);
#1654=VECTOR('',#1657,1.0);
#1655=VECTOR('',#1658,1.0);
#1656=VECTOR('',#1659,1.0);
#1657=DIRECTION('',(0.15657383716221,-0.009635189358719645,-0.9876192569215747));
#1658=DIRECTION('',(-0.9981119182646854,0.06142148335875533,0));
#1659=DIRECTION('',(0,0,1));
#1660=FACE_SURFACE('',(#1665),#1661,.T.);
#1661=PLANE('',#1662);
#1662=AXIS2_PLACEMENT_3D('',#78,#1663,#1664);
#1663=DIRECTION('',(0.9452839908552895,0.32624864234613626,0));
#1664=DIRECTION('',(-0.32624864234613626,0.9452839908552895,0));
#1665=FACE_BOUND('',#1666,.T.);
#1666=EDGE_LOOP('',(#1667,#1668,#1669));
#1667=ORIENTED_EDGE('',*,*,#1670,.T.);
#1668=ORIENTED_EDGE('',*,*,#1671,.T.);
#1669=ORIENTED_EDGE('',*,*,#1672,.T.);
#1670=EDGE_CURVE('',#79,#77,#1673,.F.);
#1671=EDGE_CURVE('',#77,#165,#1674,.T.);
#1672=EDGE_CURVE('',#165,#79,#1675,.T.);
#1673=LINE('',#78,#1676);
#1674=LINE('',#76,#1677);
#1675=LINE('',#164,#1678);
#1676=VECTOR('',#1679,1.0);
#1677=VECTOR('',#1680,1.0);
#1678=VECTOR('',#1681,1.0);
#1679=DIRECTION('',(-0.32624864234613626,0.9452839908552895,0));
#1680=DIRECTION('',(0,0,1));
#1681=DIRECTION('',(0.09131969839995253,-0.26459282198521256,-0.9600267450639296));
#1682=FACE_SURFACE('',(#1687),#1683,.T.);
#1683=PLANE('',#1684);
#1684=AXIS2_PLACEMENT_3D('',#78,#1685,#1686);
#1685=DIRECTION('',(0.9452839908552895,0.32624864234613626,-0));
#1686=DIRECTION('',(-0.09131969839995253,0.26459282198521256,0.9600267450639296));
#1687=FACE_BOUND('',#1688,.T.);
#1688=EDGE_LOOP('',(#1689,#1690,#1691));
#1689=ORIENTED_EDGE('',*,*,#1692,.T.);
#1690=ORIENTED_EDGE('',*,*,#1693,.T.);
#1691=ORIENTED_EDGE('',*,*,#1694,.T.);
#1692=EDGE_CURVE('',#79,#165,#1695,.F.);
#1693=EDGE_CURVE('',#165,#157,#1696,.T.);
#1694=EDGE_CURVE('',#157,#79,#1697,.T.);
#1695=LINE('',#78,#1698);
#1696=LINE('',#164,#1699);
#1697=LINE('',#156,#1700);
#1698=VECTOR('',#1701,1.0);
#1699=VECTOR('',#1702,1.0);
#1700=VECTOR('',#1703,1.0);
#1701=DIRECTION('',(-0.09131969839995253,0.26459282198521256,0.9600267450639296));
#1702=DIRECTION('',(0.32624864234613626,-0.9452839908552895,0));
#1703=DIRECTION('',(0,0,-1));
#1704=FACE_SURFACE('',(#1709),#1705,.T.);
#1705=PLANE('',#1706);
#1706=AXIS2_PLACEMENT_3D('',#104,#1707,#1708);
#1707=DIRECTION('',(-0.06142148335875534,0.9981119182646855,0));
#1708=DIRECTION('',(0,0,1));
#1709=FACE_BOUND('',#1710,.T.);
#1710=EDGE_LOOP('',(#1711,#1712,#1713));
#1711=ORIENTED_EDGE('',*,*,#1714,.T.);
#1712=ORIENTED_EDGE('',*,*,#1715,.T.);
#1713=ORIENTED_EDGE('',*,*,#1716,.T.);
#1714=EDGE_CURVE('',#105,#167,#1717,.F.);
#1715=EDGE_CURVE('',#167,#101,#1718,.T.);
#1716=EDGE_CURVE('',#101,#105,#1719,.T.);
#1717=LINE('',#104,#1720);
#1718=LINE('',#166,#1721);
#1719=LINE('',#100,#1722);
#1720=VECTOR('',#1723,1.0);
#1721=VECTOR('',#1724,1.0);
#1722=VECTOR('',#1725,1.0);
#1723=DIRECTION('',(0,0,1));
#1724=DIRECTION('',(0.15657383716221,0.009635189358719645,-0.9876192569215747));
#1725=DIRECTION('',(-0.9981119182646854,-0.06142148335875533,0));
#1726=FACE_SURFACE('',(#1731),#1727,.T.);
#1727=PLANE('',#1728);
#1728=AXIS2_PLACEMENT_3D('',#160,#1729,#1730);
#1729=DIRECTION('',(-0.06142148335875534,0.9981119182646855,0));
#1730=DIRECTION('',(0,0,-1));
#1731=FACE_BOUND('',#1732,.T.);
#1732=EDGE_LOOP('',(#1733,#1734,#1735));
#1733=ORIENTED_EDGE('',*,*,#1736,.T.);
#1734=ORIENTED_EDGE('',*,*,#1737,.T.);
#1735=ORIENTED_EDGE('',*,*,#1738,.T.);
#1736=EDGE_CURVE('',#161,#101,#1739,.F.);
#1737=EDGE_CURVE('',#101,#167,#1740,.T.);
#1738=EDGE_CURVE('',#167,#161,#1741,.T.);
#1739=LINE('',#160,#1742);
#1740=LINE('',#100,#1743);
#1741=LINE('',#166,#1744);
#1742=VECTOR('',#1745,1.0);
#1743=VECTOR('',#1746,1.0);
#1744=VECTOR('',#1747,1.0);
#1745=DIRECTION('',(0,0,-1));
#1746=DIRECTION('',(-0.15657383716221,-0.009635189358719645,0.9876192569215747));
#1747=DIRECTION('',(0.9981119182646854,0.06142148335875533,0));
#1748=FACE_SURFACE('',(#1753),#1749,.T.);
#1749=PLANE('',#1750);
#1750=AXIS2_PLACEMENT_3D('',#76,#1751,#1752);
#1751=DIRECTION('',(0.8977275394271508,0.44055109233104134,0));
#1752=DIRECTION('',(-0.4405510923310413,0.8977275394271507,0));
#1753=FACE_BOUND('',#1754,.T.);
#1754=EDGE_LOOP('',(#1755,#1756,#1757));
#1755=ORIENTED_EDGE('',*,*,#1758,.T.);
#1756=ORIENTED_EDGE('',*,*,#1759,.T.);
#1757=ORIENTED_EDGE('',*,*,#1760,.T.);
#1758=EDGE_CURVE('',#77,#75,#1761,.F.);
#1759=EDGE_CURVE('',#75,#169,#1762,.T.);
#1760=EDGE_CURVE('',#169,#77,#1763,.T.);
#1761=LINE('',#76,#1764);
#1762=LINE('',#74,#1765);
#1763=LINE('',#168,#1766);
#1764=VECTOR('',#1767,1.0);
#1765=VECTOR('',#1768,1.0);
#1766=VECTOR('',#1769,1.0);
#1767=DIRECTION('',(-0.4405510923310413,0.8977275394271507,0));
#1768=DIRECTION('',(0,0,1));
#1769=DIRECTION('',(0.12403874727053624,-0.2527584230732794,-0.9595455011311684));
#1770=FACE_SURFACE('',(#1775),#1771,.T.);
#1771=PLANE('',#1772);
#1772=AXIS2_PLACEMENT_3D('',#76,#1773,#1774);
#1773=DIRECTION('',(0.8977275394271508,0.44055109233104134,-0));
#1774=DIRECTION('',(-0.12403874727053624,0.2527584230732794,0.9595455011311684));
#1775=FACE_BOUND('',#1776,.T.);
#1776=EDGE_LOOP('',(#1777,#1778,#1779));
#1777=ORIENTED_EDGE('',*,*,#1780,.T.);
#1778=ORIENTED_EDGE('',*,*,#1781,.T.);
#1779=ORIENTED_EDGE('',*,*,#1782,.T.);
#1780=EDGE_CURVE('',#77,#169,#1783,.F.);
#1781=EDGE_CURVE('',#169,#165,#1784,.T.);
#1782=EDGE_CURVE('',#165,#77,#1785,.T.);
#1783=LINE('',#76,#1786);
#1784=LINE('',#168,#1787);
#1785=LINE('',#164,#1788);
#1786=VECTOR('',#1789,1.0);
#1787=VECTOR('',#1790,1.0);
#1788=VECTOR('',#1791,1.0);
#1789=DIRECTION('',(-0.12403874727053624,0.2527584230732794,0.9595455011311684));
#1790=DIRECTION('',(0.4405510923310413,-0.8977275394271507,0));
#1791=DIRECTION('',(0,0,-1));
#1792=FACE_SURFACE('',(#1797),#1793,.T.);
#1793=PLANE('',#1794);
#1794=AXIS2_PLACEMENT_3D('',#74,#1795,#1796);
#1795=DIRECTION('',(0.8320502943378437,0.5547001962252291,0));
#1796=DIRECTION('',(-0.5547001962252291,0.8320502943378437,0));
#1797=FACE_BOUND('',#1798,.T.);
#1798=EDGE_LOOP('',(#1799,#1800,#1801));
#1799=ORIENTED_EDGE('',*,*,#1802,.T.);
#1800=ORIENTED_EDGE('',*,*,#1803,.T.);
#1801=ORIENTED_EDGE('',*,*,#1804,.T.);
#1802=EDGE_CURVE('',#75,#73,#1805,.F.);
#1803=EDGE_CURVE('',#73,#171,#1806,.T.);
#1804=EDGE_CURVE('',#171,#75,#1807,.T.);
#1805=LINE('',#74,#1808);
#1806=LINE('',#72,#1809);
#1807=LINE('',#170,#1810);
#1808=VECTOR('',#1811,1.0);
#1809=VECTOR('',#1812,1.0);
#1810=VECTOR('',#1813,1.0);
#1811=DIRECTION('',(-0.5547001962252291,0.8320502943378437,0));
#1812=DIRECTION('',(0,0,1));
#1813=DIRECTION('',(0.15459724052416418,-0.23189586078624624,-0.9603770108517382));
#1814=FACE_SURFACE('',(#1819),#1815,.T.);
#1815=PLANE('',#1816);
#1816=AXIS2_PLACEMENT_3D('',#74,#1817,#1818);
#1817=DIRECTION('',(0.8320502943378437,0.5547001962252291,-0));
#1818=DIRECTION('',(-0.15459724052416418,0.23189586078624624,0.9603770108517382));
#1819=FACE_BOUND('',#1820,.T.);
#1820=EDGE_LOOP('',(#1821,#1822,#1823));
#1821=ORIENTED_EDGE('',*,*,#1824,.T.);
#1822=ORIENTED_EDGE('',*,*,#1825,.T.);
#1823=ORIENTED_EDGE('',*,*,#1826,.T.);
#1824=EDGE_CURVE('',#75,#171,#1827,.F.);
#1825=EDGE_CURVE('',#171,#169,#1828,.T.);
#1826=EDGE_CURVE('',#169,#75,#1829,.T.);
#1827=LINE('',#74,#1830);
#1828=LINE('',#170,#1831);
#1829=LINE('',#168,#1832);
#1830=VECTOR('',#1833,1.0);
#1831=VECTOR('',#1834,1.0);
#1832=VECTOR('',#1835,1.0);
#1833=DIRECTION('',(-0.15459724052416418,0.23189586078624624,0.9603770108517382));
#1834=DIRECTION('',(0.5547001962252291,-0.8320502943378437,0));
#1835=DIRECTION('',(0,0,-1));
#1836=FACE_SURFACE('',(#1841),#1837,.T.);
#1837=PLANE('',#1838);
#1838=AXIS2_PLACEMENT_3D('',#104,#1839,#1840);
#1839=DIRECTION('',(-0.1990600612462219,0.9799872917628323,0));
#1840=DIRECTION('',(-0.9799872917628322,-0.19906006124622186,0));
#1841=FACE_BOUND('',#1842,.T.);
#1842=EDGE_LOOP('',(#1843,#1844,#1845));
#1843=ORIENTED_EDGE('',*,*,#1846,.T.);
#1844=ORIENTED_EDGE('',*,*,#1847,.T.);
#1845=ORIENTED_EDGE('',*,*,#1848,.T.);
#1846=EDGE_CURVE('',#105,#123,#1849,.F.);
#1847=EDGE_CURVE('',#123,#167,#1850,.T.);
#1848=EDGE_CURVE('',#167,#105,#1851,.T.);
#1849=LINE('',#104,#1852);
#1850=LINE('',#122,#1853);
#1851=LINE('',#166,#1854);
#1852=VECTOR('',#1855,1.0);
#1853=VECTOR('',#1856,1.0);
#1854=VECTOR('',#1857,1.0);
#1855=DIRECTION('',(-0.9799872917628322,-0.19906006124622186,0));
#1856=DIRECTION('',(0.15415430546052958,0.031312615729070244,0.9875504899518734));
#1857=DIRECTION('',(0,0,-1));
#1858=FACE_SURFACE('',(#1863),#1859,.T.);
#1859=PLANE('',#1860);
#1860=AXIS2_PLACEMENT_3D('',#172,#1861,#1862);
#1861=DIRECTION('',(0,-0,1));
#1862=DIRECTION('',(0.44111856540794603,0.8974488348939095,0));
#1863=FACE_BOUND('',#1864,.T.);
#1864=EDGE_LOOP('',(#1865,#1866,#1867));
#1865=ORIENTED_EDGE('',*,*,#1868,.T.);
#1866=ORIENTED_EDGE('',*,*,#1869,.T.);
#1867=ORIENTED_EDGE('',*,*,#1870,.T.);
#1868=EDGE_CURVE('',#173,#153,#1871,.F.);
#1869=EDGE_CURVE('',#153,#151,#1872,.T.);
#1870=EDGE_CURVE('',#151,#173,#1873,.T.);
#1871=LINE('',#172,#1874);
#1872=LINE('',#152,#1875);
#1873=LINE('',#150,#1876);
#1874=VECTOR('',#1877,1.0);
#1875=VECTOR('',#1878,1.0);
#1876=VECTOR('',#1879,1.0);
#1877=DIRECTION('',(0.44111856540794603,0.8974488348939095,0));
#1878=DIRECTION('',(-0.9900254733024486,0.14088847437694377,0));
#1879=DIRECTION('',(0.9234312383056956,-0.38376392238094736,0));
#1880=FACE_SURFACE('',(#1885),#1881,.T.);
#1881=PLANE('',#1882);
#1882=AXIS2_PLACEMENT_3D('',#150,#1883,#1884);
#1883=DIRECTION('',(0,0,1));
#1884=DIRECTION('',(-0.3162276292122363,-0.9486833436520368,0));
#1885=FACE_BOUND('',#1886,.T.);
#1886=EDGE_LOOP('',(#1887,#1888,#1889));
#1887=ORIENTED_EDGE('',*,*,#1890,.T.);
#1888=ORIENTED_EDGE('',*,*,#1891,.T.);
#1889=ORIENTED_EDGE('',*,*,#1892,.T.);
#1890=EDGE_CURVE('',#151,#175,#1893,.F.);
#1891=EDGE_CURVE('',#175,#173,#1894,.T.);
#1892=EDGE_CURVE('',#173,#151,#1895,.T.);
#1893=LINE('',#150,#1896);
#1894=LINE('',#174,#1897);
#1895=LINE('',#172,#1898);
#1896=VECTOR('',#1899,1.0);
#1897=VECTOR('',#1900,1.0);
#1898=VECTOR('',#1901,1.0);
#1899=DIRECTION('',(-0.3162276292122363,-0.9486833436520368,0));
#1900=DIRECTION('',(0.9999344499132509,-0.01144971076859305,0));
#1901=DIRECTION('',(-0.9234312383056956,0.38376392238094736,0));
#1902=FACE_SURFACE('',(#1907),#1903,.T.);
#1903=PLANE('',#1904);
#1904=AXIS2_PLACEMENT_3D('',#72,#1905,#1906);
#1905=DIRECTION('',(0.7515413330109847,0.6596860046841015,0));
#1906=DIRECTION('',(-0.6596860046841014,0.7515413330109846,0));
#1907=FACE_BOUND('',#1908,.T.);
#1908=EDGE_LOOP('',(#1909,#1910,#1911));
#1909=ORIENTED_EDGE('',*,*,#1912,.T.);
#1910=ORIENTED_EDGE('',*,*,#1913,.T.);
#1911=ORIENTED_EDGE('',*,*,#1914,.T.);
#1912=EDGE_CURVE('',#73,#71,#1915,.F.);
#1913=EDGE_CURVE('',#71,#177,#1916,.T.);
#1914=EDGE_CURVE('',#177,#73,#1917,.T.);
#1915=LINE('',#72,#1918);
#1916=LINE('',#70,#1919);
#1917=LINE('',#176,#1920);
#1918=VECTOR('',#1921,1.0);
#1919=VECTOR('',#1922,1.0);
#1920=VECTOR('',#1923,1.0);
#1921=DIRECTION('',(-0.6596860046841014,0.7515413330109846,0));
#1922=DIRECTION('',(0,0,1));
#1923=DIRECTION('',(0.18495490162350495,-0.2107082040941688,-0.9598925653909659));
#1924=FACE_SURFACE('',(#1929),#1925,.T.);
#1925=PLANE('',#1926);
#1926=AXIS2_PLACEMENT_3D('',#72,#1927,#1928);
#1927=DIRECTION('',(0.7515413330109847,0.6596860046841015,-0));
#1928=DIRECTION('',(-0.18495490162350495,0.2107082040941688,0.9598925653909659));
#1929=FACE_BOUND('',#1930,.T.);
#1930=EDGE_LOOP('',(#1931,#1932,#1933));
#1931=ORIENTED_EDGE('',*,*,#1934,.T.);
#1932=ORIENTED_EDGE('',*,*,#1935,.T.);
#1933=ORIENTED_EDGE('',*,*,#1936,.T.);
#1934=EDGE_CURVE('',#73,#177,#1937,.F.);
#1935=EDGE_CURVE('',#177,#171,#1938,.T.);
#1936=EDGE_CURVE('',#171,#73,#1939,.T.);
#1937=LINE('',#72,#1940);
#1938=LINE('',#176,#1941);
#1939=LINE('',#170,#1942);
#1940=VECTOR('',#1943,1.0);
#1941=VECTOR('',#1944,1.0);
#1942=VECTOR('',#1945,1.0);
#1943=DIRECTION('',(-0.18495490162350495,0.2107082040941688,0.9598925653909659));
#1944=DIRECTION('',(0.6596860046841014,-0.7515413330109846,0));
#1945=DIRECTION('',(0,0,-1));
#1946=FACE_SURFACE('',(#1951),#1947,.T.);
#1947=PLANE('',#1948);
#1948=AXIS2_PLACEMENT_3D('',#178,#1949,#1950);
#1949=DIRECTION('',(-0.32080724447778053,0.9471445042286702,0));
#1950=DIRECTION('',(0.14932838123373404,0.05057900488472434,-0.9874931892539733));
#1951=FACE_BOUND('',#1952,.T.);
#1952=EDGE_LOOP('',(#1953,#1954,#1955));
#1953=ORIENTED_EDGE('',*,*,#1956,.T.);
#1954=ORIENTED_EDGE('',*,*,#1957,.T.);
#1955=ORIENTED_EDGE('',*,*,#1958,.T.);
#1956=EDGE_CURVE('',#179,#123,#1959,.F.);
#1957=EDGE_CURVE('',#123,#127,#1960,.T.);
#1958=EDGE_CURVE('',#127,#179,#1961,.T.);
#1959=LINE('',#178,#1962);
#1960=LINE('',#122,#1963);
#1961=LINE('',#126,#1964);
#1962=VECTOR('',#1965,1.0);
#1963=VECTOR('',#1966,1.0);
#1964=VECTOR('',#1967,1.0);
#1965=DIRECTION('',(0.14932838123373404,0.05057900488472434,-0.9874931892539733));
#1966=DIRECTION('',(-0.9471445042286701,-0.3208072444777805,0));
#1967=DIRECTION('',(0,0,1));
#1968=FACE_SURFACE('',(#1973),#1969,.T.);
#1969=PLANE('',#1970);
#1970=AXIS2_PLACEMENT_3D('',#70,#1971,#1972);
#1971=DIRECTION('',(0.6596860046841015,0.7515413330109847,0));
#1972=DIRECTION('',(-0.7515413330109846,0.6596860046841014,0));
#1973=FACE_BOUND('',#1974,.T.);
#1974=EDGE_LOOP('',(#1975,#1976,#1977));
#1975=ORIENTED_EDGE('',*,*,#1978,.T.);
#1976=ORIENTED_EDGE('',*,*,#1979,.T.);
#1977=ORIENTED_EDGE('',*,*,#1980,.T.);
#1978=EDGE_CURVE('',#71,#69,#1981,.F.);
#1979=EDGE_CURVE('',#69,#181,#1982,.T.);
#1980=EDGE_CURVE('',#181,#71,#1983,.T.);
#1981=LINE('',#70,#1984);
#1982=LINE('',#68,#1985);
#1983=LINE('',#180,#1986);
#1984=VECTOR('',#1987,1.0);
#1985=VECTOR('',#1988,1.0);
#1986=VECTOR('',#1989,1.0);
#1987=DIRECTION('',(-0.7515413330109846,0.6596860046841014,0));
#1988=DIRECTION('',(0,0,1));
#1989=DIRECTION('',(0.2107082040941688,-0.18495490162350495,-0.9598925653909659));
#1990=FACE_SURFACE('',(#1995),#1991,.T.);
#1991=PLANE('',#1992);
#1992=AXIS2_PLACEMENT_3D('',#70,#1993,#1994);
#1993=DIRECTION('',(0.6596860046841015,0.7515413330109847,-0));
#1994=DIRECTION('',(-0.2107082040941688,0.18495490162350495,0.9598925653909659));
#1995=FACE_BOUND('',#1996,.T.);
#1996=EDGE_LOOP('',(#1997,#1998,#1999));
#1997=ORIENTED_EDGE('',*,*,#2000,.T.);
#1998=ORIENTED_EDGE('',*,*,#2001,.T.);
#1999=ORIENTED_EDGE('',*,*,#2002,.T.);
#2000=EDGE_CURVE('',#71,#181,#2003,.F.);
#2001=EDGE_CURVE('',#181,#177,#2004,.T.);
#2002=EDGE_CURVE('',#177,#71,#2005,.T.);
#2003=LINE('',#70,#2006);
#2004=LINE('',#180,#2007);
#2005=LINE('',#176,#2008);
#2006=VECTOR('',#2009,1.0);
#2007=VECTOR('',#2010,1.0);
#2008=VECTOR('',#2011,1.0);
#2009=DIRECTION('',(-0.2107082040941688,0.18495490162350495,0.9598925653909659));
#2010=DIRECTION('',(0.7515413330109846,-0.6596860046841014,0));
#2011=DIRECTION('',(0,0,-1));
#2012=FACE_SURFACE('',(#2017),#2013,.T.);
#2013=PLANE('',#2014);
#2014=AXIS2_PLACEMENT_3D('',#68,#2015,#2016);
#2015=DIRECTION('',(0.5547001962252291,0.8320502943378437,0));
#2016=DIRECTION('',(-0.8320502943378437,0.5547001962252291,0));
#2017=FACE_BOUND('',#2018,.T.);
#2018=EDGE_LOOP('',(#2019,#2020,#2021));
#2019=ORIENTED_EDGE('',*,*,#2022,.T.);
#2020=ORIENTED_EDGE('',*,*,#2023,.T.);
#2021=ORIENTED_EDGE('',*,*,#2024,.T.);
#2022=EDGE_CURVE('',#69,#67,#2025,.F.);
#2023=EDGE_CURVE('',#67,#183,#2026,.T.);
#2024=EDGE_CURVE('',#183,#69,#2027,.T.);
#2025=LINE('',#68,#2028);
#2026=LINE('',#66,#2029);
#2027=LINE('',#182,#2030);
#2028=VECTOR('',#2031,1.0);
#2029=VECTOR('',#2032,1.0);
#2030=VECTOR('',#2033,1.0);
#2031=DIRECTION('',(-0.8320502943378437,0.5547001962252291,0));
#2032=DIRECTION('',(0,0,1));
#2033=DIRECTION('',(0.23189586078624624,-0.15459724052416418,-0.9603770108517382));
#2034=FACE_SURFACE('',(#2039),#2035,.T.);
#2035=PLANE('',#2036);
#2036=AXIS2_PLACEMENT_3D('',#68,#2037,#2038);
#2037=DIRECTION('',(0.5547001962252291,0.8320502943378437,-0));
#2038=DIRECTION('',(-0.23189586078624624,0.15459724052416418,0.9603770108517382));
#2039=FACE_BOUND('',#2040,.T.);
#2040=EDGE_LOOP('',(#2041,#2042,#2043));
#2041=ORIENTED_EDGE('',*,*,#2044,.T.);
#2042=ORIENTED_EDGE('',*,*,#2045,.T.);
#2043=ORIENTED_EDGE('',*,*,#2046,.T.);
#2044=EDGE_CURVE('',#69,#183,#2047,.F.);
#2045=EDGE_CURVE('',#183,#181,#2048,.T.);
#2046=EDGE_CURVE('',#181,#69,#2049,.T.);
#2047=LINE('',#68,#2050);
#2048=LINE('',#182,#2051);
#2049=LINE('',#180,#2052);
#2050=VECTOR('',#2053,1.0);
#2051=VECTOR('',#2054,1.0);
#2052=VECTOR('',#2055,1.0);
#2053=DIRECTION('',(-0.23189586078624624,0.15459724052416418,0.9603770108517382));
#2054=DIRECTION('',(0.8320502943378437,-0.5547001962252291,0));
#2055=DIRECTION('',(0,0,-1));
#2056=FACE_SURFACE('',(#2061),#2057,.T.);
#2057=PLANE('',#2058);
#2058=AXIS2_PLACEMENT_3D('',#126,#2059,#2060);
#2059=DIRECTION('',(-0.44111819410600034,0.8974490173980141,0));
#2060=DIRECTION('',(-0.8974490173980141,-0.44111819410600034,0));
#2061=FACE_BOUND('',#2062,.T.);
#2062=EDGE_LOOP('',(#2063,#2064,#2065));
#2063=ORIENTED_EDGE('',*,*,#2066,.T.);
#2064=ORIENTED_EDGE('',*,*,#2067,.T.);
#2065=ORIENTED_EDGE('',*,*,#2068,.T.);
#2066=EDGE_CURVE('',#127,#135,#2069,.F.);
#2067=EDGE_CURVE('',#135,#185,#2070,.T.);
#2068=EDGE_CURVE('',#185,#127,#2071,.T.);
#2069=LINE('',#126,#2072);
#2070=LINE('',#134,#2073);
#2071=LINE('',#184,#2074);
#2072=VECTOR('',#2075,1.0);
#2073=VECTOR('',#2076,1.0);
#2074=VECTOR('',#2077,1.0);
#2075=DIRECTION('',(-0.8974490173980141,-0.44111819410600034,0));
#2076=DIRECTION('',(0,0,1));
#2077=DIRECTION('',(0.142087383103724,0.06983943224060056,-0.9873872742075654));
#2078=FACE_SURFACE('',(#2083),#2079,.T.);
#2079=PLANE('',#2080);
#2080=AXIS2_PLACEMENT_3D('',#126,#2081,#2082);
#2081=DIRECTION('',(-0.44111819410600034,0.8974490173980141,0));
#2082=DIRECTION('',(-0.142087383103724,-0.06983943224060056,0.9873872742075654));
#2083=FACE_BOUND('',#2084,.T.);
#2084=EDGE_LOOP('',(#2085,#2086,#2087));
#2085=ORIENTED_EDGE('',*,*,#2088,.T.);
#2086=ORIENTED_EDGE('',*,*,#2089,.T.);
#2087=ORIENTED_EDGE('',*,*,#2090,.T.);
#2088=EDGE_CURVE('',#127,#185,#2091,.F.);
#2089=EDGE_CURVE('',#185,#179,#2092,.T.);
#2090=EDGE_CURVE('',#179,#127,#2093,.T.);
#2091=LINE('',#126,#2094);
#2092=LINE('',#184,#2095);
#2093=LINE('',#178,#2096);
#2094=VECTOR('',#2097,1.0);
#2095=VECTOR('',#2098,1.0);
#2096=VECTOR('',#2099,1.0);
#2097=DIRECTION('',(-0.142087383103724,-0.06983943224060056,0.9873872742075654));
#2098=DIRECTION('',(0.8974490173980141,0.44111819410600034,0));
#2099=DIRECTION('',(0,0,-1));
#2100=FACE_SURFACE('',(#2105),#2101,.T.);
#2101=PLANE('',#2102);
#2102=AXIS2_PLACEMENT_3D('',#186,#2103,#2104);
#2103=DIRECTION('',(0.44055109233104134,0.8977275394271508,0));
#2104=DIRECTION('',(0.8977275394271507,-0.4405510923310413,0));
#2105=FACE_BOUND('',#2106,.T.);
#2106=EDGE_LOOP('',(#2107,#2108,#2109));
#2107=ORIENTED_EDGE('',*,*,#2110,.T.);
#2108=ORIENTED_EDGE('',*,*,#2111,.T.);
#2109=ORIENTED_EDGE('',*,*,#2112,.T.);
#2110=EDGE_CURVE('',#187,#183,#2113,.F.);
#2111=EDGE_CURVE('',#183,#61,#2114,.T.);
#2112=EDGE_CURVE('',#61,#187,#2115,.T.);
#2113=LINE('',#186,#2116);
#2114=LINE('',#182,#2117);
#2115=LINE('',#60,#2118);
#2116=VECTOR('',#2119,1.0);
#2117=VECTOR('',#2120,1.0);
#2118=VECTOR('',#2121,1.0);
#2119=DIRECTION('',(0.8977275394271507,-0.4405510923310413,0));
#2120=DIRECTION('',(-0.2527584230732794,0.12403874727053624,-0.9595455011311684));
#2121=DIRECTION('',(0,0,1));
#2122=FACE_SURFACE('',(#2127),#2123,.T.);
#2123=PLANE('',#2124);
#2124=AXIS2_PLACEMENT_3D('',#66,#2125,#2126);
#2125=DIRECTION('',(0.44055109233104134,0.8977275394271508,-0));
#2126=DIRECTION('',(-0.8977275394271507,0.4405510923310413,0));
#2127=FACE_BOUND('',#2128,.T.);
#2128=EDGE_LOOP('',(#2129,#2130,#2131));
#2129=ORIENTED_EDGE('',*,*,#2132,.T.);
#2130=ORIENTED_EDGE('',*,*,#2133,.T.);
#2131=ORIENTED_EDGE('',*,*,#2134,.T.);
#2132=EDGE_CURVE('',#67,#61,#2135,.F.);
#2133=EDGE_CURVE('',#61,#183,#2136,.T.);
#2134=EDGE_CURVE('',#183,#67,#2137,.T.);
#2135=LINE('',#66,#2138);
#2136=LINE('',#60,#2139);
#2137=LINE('',#182,#2140);
#2138=VECTOR('',#2141,1.0);
#2139=VECTOR('',#2142,1.0);
#2140=VECTOR('',#2143,1.0);
#2141=DIRECTION('',(-0.8977275394271507,0.4405510923310413,0));
#2142=DIRECTION('',(0.2527584230732794,-0.12403874727053624,0.9595455011311684));
#2143=DIRECTION('',(0,0,-1));
#2144=FACE_SURFACE('',(#2149),#2145,.T.);
#2145=PLANE('',#2146);
#2146=AXIS2_PLACEMENT_3D('',#134,#2147,#2148);
#2147=DIRECTION('',(-0.5547001962252291,0.8320502943378436,0));
#2148=DIRECTION('',(-0.8320502943378436,-0.554700196225229,0));
#2149=FACE_BOUND('',#2150,.T.);
#2150=EDGE_LOOP('',(#2151,#2152,#2153));
#2151=ORIENTED_EDGE('',*,*,#2154,.T.);
#2152=ORIENTED_EDGE('',*,*,#2155,.T.);
#2153=ORIENTED_EDGE('',*,*,#2156,.T.);
#2154=EDGE_CURVE('',#135,#139,#2157,.F.);
#2155=EDGE_CURVE('',#139,#185,#2158,.T.);
#2156=EDGE_CURVE('',#185,#135,#2159,.T.);
#2157=LINE('',#134,#2160);
#2158=LINE('',#138,#2161);
#2159=LINE('',#184,#2162);
#2160=VECTOR('',#2163,1.0);
#2161=VECTOR('',#2164,1.0);
#2162=VECTOR('',#2165,1.0);
#2163=DIRECTION('',(-0.8320502943378436,-0.554700196225229,0));
#2164=DIRECTION('',(0.13008772328626497,0.08672514885750998,0.9877023503089576));
#2165=DIRECTION('',(0,0,-1));
#2166=FACE_SURFACE('',(#2171),#2167,.T.);
#2167=PLANE('',#2168);
#2168=AXIS2_PLACEMENT_3D('',#188,#2169,#2170);
#2169=DIRECTION('',(0,0,1));
#2170=DIRECTION('',(-0.7071067811865475,0.7071067811865475,0));
#2171=FACE_BOUND('',#2172,.T.);
#2172=EDGE_LOOP('',(#2173,#2174,#2175));
#2173=ORIENTED_EDGE('',*,*,#2176,.T.);
#2174=ORIENTED_EDGE('',*,*,#2177,.T.);
#2175=ORIENTED_EDGE('',*,*,#2178,.T.);
#2176=EDGE_CURVE('',#189,#191,#2179,.F.);
#2177=EDGE_CURVE('',#191,#193,#2180,.T.);
#2178=EDGE_CURVE('',#193,#189,#2181,.T.);
#2179=LINE('',#188,#2182);
#2180=LINE('',#190,#2183);
#2181=LINE('',#192,#2184);
#2182=VECTOR('',#2185,1.0);
#2183=VECTOR('',#2186,1.0);
#2184=VECTOR('',#2187,1.0);
#2185=DIRECTION('',(-0.7071067811865475,0.7071067811865475,0));
#2186=DIRECTION('',(0.392997878902675,-0.9195393777201705,0));
#2187=DIRECTION('',(0.7468449382152597,0.6649982242549564,0));
#2188=FACE_SURFACE('',(#2193),#2189,.T.);
#2189=PLANE('',#2190);
#2190=AXIS2_PLACEMENT_3D('',#192,#2191,#2192);
#2191=DIRECTION('',(0,0,1));
#2192=DIRECTION('',(-0.6114474671787836,0.7912850275852881,0));
#2193=FACE_BOUND('',#2194,.T.);
#2194=EDGE_LOOP('',(#2195,#2196,#2197));
#2195=ORIENTED_EDGE('',*,*,#2198,.T.);
#2196=ORIENTED_EDGE('',*,*,#2199,.T.);
#2197=ORIENTED_EDGE('',*,*,#2200,.T.);
#2198=EDGE_CURVE('',#193,#195,#2201,.F.);
#2199=EDGE_CURVE('',#195,#197,#2202,.T.);
#2200=EDGE_CURVE('',#197,#193,#2203,.T.);
#2201=LINE('',#192,#2204);
#2202=LINE('',#194,#2205);
#2203=LINE('',#196,#2206);
#2204=VECTOR('',#2207,1.0);
#2205=VECTOR('',#2208,1.0);
#2206=VECTOR('',#2209,1.0);
#2207=DIRECTION('',(-0.6114474671787836,0.7912850275852881,0));
#2208=DIRECTION('',(0.27019443986017566,-0.9628057772306136,0));
#2209=DIRECTION('',(0.8304890313400773,0.557034979892484,0));
#2210=FACE_SURFACE('',(#2215),#2211,.T.);
#2211=PLANE('',#2212);
#2212=AXIS2_PLACEMENT_3D('',#196,#2213,#2214);
#2213=DIRECTION('',(0,0,1));
#2214=DIRECTION('',(-0.4991462302498657,0.8665177671735,0));
#2215=FACE_BOUND('',#2216,.T.);
#2216=EDGE_LOOP('',(#2217,#2218,#2219));
#2217=ORIENTED_EDGE('',*,*,#2220,.T.);
#2218=ORIENTED_EDGE('',*,*,#2221,.T.);
#2219=ORIENTED_EDGE('',*,*,#2222,.T.);
#2220=EDGE_CURVE('',#197,#199,#2223,.F.);
#2221=EDGE_CURVE('',#199,#201,#2224,.T.);
#2222=EDGE_CURVE('',#201,#197,#2225,.T.);
#2223=LINE('',#196,#2226);
#2224=LINE('',#198,#2227);
#2225=LINE('',#200,#2228);
#2226=VECTOR('',#2229,1.0);
#2227=VECTOR('',#2230,1.0);
#2228=VECTOR('',#2231,1.0);
#2229=DIRECTION('',(-0.4991462302498657,0.8665177671735,0));
#2230=DIRECTION('',(0.14088847437694377,-0.9900254733024486,0));
#2231=DIRECTION('',(0.8984736982273256,0.439027349482595,0));
#2232=FACE_SURFACE('',(#2237),#2233,.T.);
#2233=PLANE('',#2234);
#2234=AXIS2_PLACEMENT_3D('',#60,#2235,#2236);
#2235=DIRECTION('',(0.32624864234613626,0.9452839908552895,0));
#2236=DIRECTION('',(-0.9452839908552895,0.32624864234613626,0));
#2237=FACE_BOUND('',#2238,.T.);
#2238=EDGE_LOOP('',(#2239,#2240,#2241));
#2239=ORIENTED_EDGE('',*,*,#2242,.T.);
#2240=ORIENTED_EDGE('',*,*,#2243,.T.);
#2241=ORIENTED_EDGE('',*,*,#2244,.T.);
#2242=EDGE_CURVE('',#61,#65,#2245,.F.);
#2243=EDGE_CURVE('',#65,#203,#2246,.T.);
#2244=EDGE_CURVE('',#203,#61,#2247,.T.);
#2245=LINE('',#60,#2248);
#2246=LINE('',#64,#2249);
#2247=LINE('',#202,#2250);
#2248=VECTOR('',#2251,1.0);
#2249=VECTOR('',#2252,1.0);
#2250=VECTOR('',#2253,1.0);
#2251=DIRECTION('',(-0.9452839908552895,0.32624864234613626,0));
#2252=DIRECTION('',(0,0,1));
#2253=DIRECTION('',(0.26459282198521256,-0.09131969839995253,-0.9600267450639296));
#2254=FACE_SURFACE('',(#2259),#2255,.T.);
#2255=PLANE('',#2256);
#2256=AXIS2_PLACEMENT_3D('',#60,#2257,#2258);
#2257=DIRECTION('',(0.32624864234613626,0.9452839908552895,-0));
#2258=DIRECTION('',(-0.26459282198521256,0.09131969839995253,0.9600267450639296));
#2259=FACE_BOUND('',#2260,.T.);
#2260=EDGE_LOOP('',(#2261,#2262,#2263));
#2261=ORIENTED_EDGE('',*,*,#2264,.T.);
#2262=ORIENTED_EDGE('',*,*,#2265,.T.);
#2263=ORIENTED_EDGE('',*,*,#2266,.T.);
#2264=EDGE_CURVE('',#61,#203,#2267,.F.);
#2265=EDGE_CURVE('',#203,#187,#2268,.T.);
#2266=EDGE_CURVE('',#187,#61,#2269,.T.);
#2267=LINE('',#60,#2270);
#2268=LINE('',#202,#2271);
#2269=LINE('',#186,#2272);
#2270=VECTOR('',#2273,1.0);
#2271=VECTOR('',#2274,1.0);
#2272=VECTOR('',#2275,1.0);
#2273=DIRECTION('',(-0.26459282198521256,0.09131969839995253,0.9600267450639296));
#2274=DIRECTION('',(0.9452839908552895,-0.32624864234613626,0));
#2275=DIRECTION('',(0,0,-1));
#2276=FACE_SURFACE('',(#2281),#2277,.T.);
#2277=PLANE('',#2278);
#2278=AXIS2_PLACEMENT_3D('',#64,#2279,#2280);
#2279=DIRECTION('',(0.19131507125508856,0.9815286768661731,0));
#2280=DIRECTION('',(-0.9815286768661731,0.19131507125508856,0));
#2281=FACE_BOUND('',#2282,.T.);
#2282=EDGE_LOOP('',(#2283,#2284,#2285));
#2283=ORIENTED_EDGE('',*,*,#2286,.T.);
#2284=ORIENTED_EDGE('',*,*,#2287,.T.);
#2285=ORIENTED_EDGE('',*,*,#2288,.T.);
#2286=EDGE_CURVE('',#65,#205,#2289,.F.);
#2287=EDGE_CURVE('',#205,#207,#2290,.T.);
#2288=EDGE_CURVE('',#207,#65,#2291,.T.);
#2289=LINE('',#64,#2292);
#2290=LINE('',#204,#2293);
#2291=LINE('',#206,#2294);
#2292=VECTOR('',#2295,1.0);
#2293=VECTOR('',#2296,1.0);
#2294=VECTOR('',#2297,1.0);
#2295=DIRECTION('',(-0.9815286768661731,0.19131507125508856,0));
#2296=DIRECTION('',(0,0,1));
#2297=DIRECTION('',(0.27617681828258966,-0.05383111967490823,-0.959598132343874));
#2298=FACE_SURFACE('',(#2303),#2299,.T.);
#2299=PLANE('',#2300);
#2300=AXIS2_PLACEMENT_3D('',#64,#2301,#2302);
#2301=DIRECTION('',(0.19131507125508856,0.9815286768661731,-0));
#2302=DIRECTION('',(-0.27617681828258966,0.05383111967490823,0.959598132343874));
#2303=FACE_BOUND('',#2304,.T.);
#2304=EDGE_LOOP('',(#2305,#2306,#2307));
#2305=ORIENTED_EDGE('',*,*,#2308,.T.);
#2306=ORIENTED_EDGE('',*,*,#2309,.T.);
#2307=ORIENTED_EDGE('',*,*,#2310,.T.);
#2308=EDGE_CURVE('',#65,#207,#2311,.F.);
#2309=EDGE_CURVE('',#207,#203,#2312,.T.);
#2310=EDGE_CURVE('',#203,#65,#2313,.T.);
#2311=LINE('',#64,#2314);
#2312=LINE('',#206,#2315);
#2313=LINE('',#202,#2316);
#2314=VECTOR('',#2317,1.0);
#2315=VECTOR('',#2318,1.0);
#2316=VECTOR('',#2319,1.0);
#2317=DIRECTION('',(-0.27617681828258966,0.05383111967490823,0.959598132343874));
#2318=DIRECTION('',(0.9815286768661731,-0.19131507125508856,0));
#2319=DIRECTION('',(0,0,-1));
#2320=FACE_SURFACE('',(#2325),#2321,.T.);
#2321=PLANE('',#2322);
#2322=AXIS2_PLACEMENT_3D('',#138,#2323,#2324);
#2323=DIRECTION('',(-0.6520390298302459,0.7581854018497268,0));
#2324=DIRECTION('',(-0.7581854018497268,-0.6520390298302459,0));
#2325=FACE_BOUND('',#2326,.T.);
#2326=EDGE_LOOP('',(#2327,#2328,#2329));
#2327=ORIENTED_EDGE('',*,*,#2330,.T.);
#2328=ORIENTED_EDGE('',*,*,#2331,.T.);
#2329=ORIENTED_EDGE('',*,*,#2332,.T.);
#2330=EDGE_CURVE('',#139,#143,#2333,.F.);
#2331=EDGE_CURVE('',#143,#209,#2334,.T.);
#2332=EDGE_CURVE('',#209,#139,#2335,.T.);
#2333=LINE('',#138,#2336);
#2334=LINE('',#142,#2337);
#2335=LINE('',#208,#2338);
#2336=VECTOR('',#2339,1.0);
#2337=VECTOR('',#2340,1.0);
#2338=VECTOR('',#2341,1.0);
#2339=DIRECTION('',(-0.7581854018497268,-0.6520390298302459,0));
#2340=DIRECTION('',(0,0,1));
#2341=DIRECTION('',(0.12040372568816984,0.10354713806692585,-0.9873099478069474));
#2342=FACE_SURFACE('',(#2347),#2343,.T.);
#2343=PLANE('',#2344);
#2344=AXIS2_PLACEMENT_3D('',#210,#2345,#2346);
#2345=DIRECTION('',(0.06707561472492925,0.9977478949660946,0));
#2346=DIRECTION('',(0.9977478949660946,-0.06707561472492926,0));
#2347=FACE_BOUND('',#2348,.T.);
#2348=EDGE_LOOP('',(#2349,#2350,#2351));
#2349=ORIENTED_EDGE('',*,*,#2352,.T.);
#2350=ORIENTED_EDGE('',*,*,#2353,.T.);
#2351=ORIENTED_EDGE('',*,*,#2354,.T.);
#2352=EDGE_CURVE('',#211,#207,#2355,.F.);
#2353=EDGE_CURVE('',#207,#213,#2356,.T.);
#2354=EDGE_CURVE('',#213,#211,#2357,.T.);
#2355=LINE('',#210,#2358);
#2356=LINE('',#206,#2359);
#2357=LINE('',#212,#2360);
#2358=VECTOR('',#2361,1.0);
#2359=VECTOR('',#2362,1.0);
#2360=VECTOR('',#2363,1.0);
#2361=DIRECTION('',(0.9977478949660946,-0.06707561472492926,0));
#2362=DIRECTION('',(-0.27869162177834367,0.01873560640296327,-0.9601978738797904));
#2363=DIRECTION('',(0,0,1));
#2364=FACE_SURFACE('',(#2369),#2365,.T.);
#2365=PLANE('',#2366);
#2366=AXIS2_PLACEMENT_3D('',#204,#2367,#2368);
#2367=DIRECTION('',(0.06707561472492925,0.9977478949660946,-0));
#2368=DIRECTION('',(-0.9977478949660946,0.06707561472492926,0));
#2369=FACE_BOUND('',#2370,.T.);
#2370=EDGE_LOOP('',(#2371,#2372,#2373));
#2371=ORIENTED_EDGE('',*,*,#2374,.T.);
#2372=ORIENTED_EDGE('',*,*,#2375,.T.);
#2373=ORIENTED_EDGE('',*,*,#2376,.T.);
#2374=EDGE_CURVE('',#205,#213,#2377,.F.);
#2375=EDGE_CURVE('',#213,#207,#2378,.T.);
#2376=EDGE_CURVE('',#207,#205,#2379,.T.);
#2377=LINE('',#204,#2380);
#2378=LINE('',#212,#2381);
#2379=LINE('',#206,#2382);
#2380=VECTOR('',#2383,1.0);
#2381=VECTOR('',#2384,1.0);
#2382=VECTOR('',#2385,1.0);
#2383=DIRECTION('',(-0.9977478949660946,0.06707561472492926,0));
#2384=DIRECTION('',(0.27869162177834367,-0.01873560640296327,0.9601978738797904));
#2385=DIRECTION('',(0,0,-1));
#2386=FACE_SURFACE('',(#2391),#2387,.T.);
#2387=PLANE('',#2388);
#2388=AXIS2_PLACEMENT_3D('',#142,#2389,#2390);
#2389=DIRECTION('',(-0.7581857861158979,0.6520385830085653,0));
#2390=DIRECTION('',(-0.6520385830085654,-0.758185786115898,0));
#2391=FACE_BOUND('',#2392,.T.);
#2392=EDGE_LOOP('',(#2393,#2394,#2395));
#2393=ORIENTED_EDGE('',*,*,#2396,.T.);
#2394=ORIENTED_EDGE('',*,*,#2397,.T.);
#2395=ORIENTED_EDGE('',*,*,#2398,.T.);
#2396=EDGE_CURVE('',#143,#155,#2399,.F.);
#2397=EDGE_CURVE('',#155,#209,#2400,.T.);
#2398=EDGE_CURVE('',#209,#143,#2401,.T.);
#2399=LINE('',#142,#2402);
#2400=LINE('',#154,#2403);
#2401=LINE('',#208,#2404);
#2402=VECTOR('',#2405,1.0);
#2403=VECTOR('',#2406,1.0);
#2404=VECTOR('',#2407,1.0);
#2405=DIRECTION('',(-0.6520385830085654,-0.758185786115898,0));
#2406=DIRECTION('',(0.1035471362774403,0.12040386713976066,0.9873099307444102));
#2407=DIRECTION('',(0,0,-1));
#2408=FACE_SURFACE('',(#2413),#2409,.T.);
#2409=PLANE('',#2410);
#2410=AXIS2_PLACEMENT_3D('',#214,#2411,#2412);
#2411=DIRECTION('',(0,0,1));
#2412=DIRECTION('',(-0.8000002200785015,0.5999997065618861,0));
#2413=FACE_BOUND('',#2414,.T.);
#2414=EDGE_LOOP('',(#2415,#2416,#2417));
#2415=ORIENTED_EDGE('',*,*,#2418,.T.);
#2416=ORIENTED_EDGE('',*,*,#2419,.T.);
#2417=ORIENTED_EDGE('',*,*,#2420,.T.);
#2418=EDGE_CURVE('',#215,#217,#2421,.F.);
#2419=EDGE_CURVE('',#217,#111,#2422,.T.);
#2420=EDGE_CURVE('',#111,#215,#2423,.T.);
#2421=LINE('',#214,#2424);
#2422=LINE('',#216,#2425);
#2423=LINE('',#110,#2426);
#2424=VECTOR('',#2427,1.0);
#2425=VECTOR('',#2428,1.0);
#2426=VECTOR('',#2429,1.0);
#2427=DIRECTION('',(-0.8000002200785015,0.5999997065618861,0));
#2428=DIRECTION('',(-0.15766633095353777,-0.9874924445704126,0));
#2429=DIRECTION('',(0.6637833247543572,0.7479249279025614,0));
#2430=FACE_SURFACE('',(#2435),#2431,.T.);
#2431=PLANE('',#2432);
#2432=AXIS2_PLACEMENT_3D('',#90,#2433,#2434);
#2433=DIRECTION('',(0,0,1));
#2434=DIRECTION('',(0.9996927876414266,0.024785688163002605,0));
#2435=FACE_BOUND('',#2436,.T.);
#2436=EDGE_LOOP('',(#2437,#2438,#2439));
#2437=ORIENTED_EDGE('',*,*,#2440,.T.);
#2438=ORIENTED_EDGE('',*,*,#2441,.T.);
#2439=ORIENTED_EDGE('',*,*,#2442,.T.);
#2440=EDGE_CURVE('',#91,#89,#2443,.F.);
#2441=EDGE_CURVE('',#89,#113,#2444,.T.);
#2442=EDGE_CURVE('',#113,#91,#2445,.T.);
#2443=LINE('',#90,#2446);
#2444=LINE('',#88,#2447);
#2445=LINE('',#112,#2448);
#2446=VECTOR('',#2449,1.0);
#2447=VECTOR('',#2450,1.0);
#2448=VECTOR('',#2451,1.0);
#2449=DIRECTION('',(0.9996927876414266,0.024785688163002605,0));
#2450=DIRECTION('',(-0.6000004401572214,0.7999996698818947,0));
#2451=DIRECTION('',(-0.8304890313400773,-0.557034979892484,0));
#2452=FACE_SURFACE('',(#2457),#2453,.T.);
#2453=PLANE('',#2454);
#2454=AXIS2_PLACEMENT_3D('',#212,#2455,#2456);
#2455=DIRECTION('',(-0.06707561472492925,0.9977478949660946,0));
#2456=DIRECTION('',(-0.9977478949660946,-0.06707561472492926,0));
#2457=FACE_BOUND('',#2458,.T.);
#2458=EDGE_LOOP('',(#2459,#2460,#2461));
#2459=ORIENTED_EDGE('',*,*,#2462,.T.);
#2460=ORIENTED_EDGE('',*,*,#2463,.T.);
#2461=ORIENTED_EDGE('',*,*,#2464,.T.);
#2462=EDGE_CURVE('',#213,#219,#2465,.F.);
#2463=EDGE_CURVE('',#219,#221,#2466,.T.);
#2464=EDGE_CURVE('',#221,#213,#2467,.T.);
#2465=LINE('',#212,#2468);
#2466=LINE('',#218,#2469);
#2467=LINE('',#220,#2470);
#2468=VECTOR('',#2471,1.0);
#2469=VECTOR('',#2472,1.0);
#2470=VECTOR('',#2473,1.0);
#2471=DIRECTION('',(-0.9977478949660946,-0.06707561472492926,0));
#2472=DIRECTION('',(0,0,1));
#2473=DIRECTION('',(0.27869162177834367,0.01873560640296327,-0.9601978738797904));
#2474=FACE_SURFACE('',(#2479),#2475,.T.);
#2475=PLANE('',#2476);
#2476=AXIS2_PLACEMENT_3D('',#212,#2477,#2478);
#2477=DIRECTION('',(-0.06707561472492925,0.9977478949660946,0));
#2478=DIRECTION('',(-0.27869162177834367,-0.01873560640296327,0.9601978738797904));
#2479=FACE_BOUND('',#2480,.T.);
#2480=EDGE_LOOP('',(#2481,#2482,#2483));
#2481=ORIENTED_EDGE('',*,*,#2484,.T.);
#2482=ORIENTED_EDGE('',*,*,#2485,.T.);
#2483=ORIENTED_EDGE('',*,*,#2486,.T.);
#2484=EDGE_CURVE('',#213,#221,#2487,.F.);
#2485=EDGE_CURVE('',#221,#211,#2488,.T.);
#2486=EDGE_CURVE('',#211,#213,#2489,.T.);
#2487=LINE('',#212,#2490);
#2488=LINE('',#220,#2491);
#2489=LINE('',#210,#2492);
#2490=VECTOR('',#2493,1.0);
#2491=VECTOR('',#2494,1.0);
#2492=VECTOR('',#2495,1.0);
#2493=DIRECTION('',(-0.27869162177834367,-0.01873560640296327,0.9601978738797904));
#2494=DIRECTION('',(0.9977478949660946,0.06707561472492926,0));
#2495=DIRECTION('',(0,0,-1));
#2496=FACE_SURFACE('',(#2501),#2497,.T.);
#2497=PLANE('',#2498);
#2498=AXIS2_PLACEMENT_3D('',#222,#2499,#2500);
#2499=DIRECTION('',(0,0,1));
#2500=DIRECTION('',(-0.06110928567055518,0.9981310811736275,0));
#2501=FACE_BOUND('',#2502,.T.);
#2502=EDGE_LOOP('',(#2503,#2504,#2505));
#2503=ORIENTED_EDGE('',*,*,#2506,.T.);
#2504=ORIENTED_EDGE('',*,*,#2507,.T.);
#2505=ORIENTED_EDGE('',*,*,#2508,.T.);
#2506=EDGE_CURVE('',#223,#225,#2509,.F.);
#2507=EDGE_CURVE('',#225,#227,#2510,.T.);
#2508=EDGE_CURVE('',#227,#223,#2511,.T.);
#2509=LINE('',#222,#2512);
#2510=LINE('',#224,#2513);
#2511=LINE('',#226,#2514);
#2512=VECTOR('',#2515,1.0);
#2513=VECTOR('',#2516,1.0);
#2514=VECTOR('',#2517,1.0);
#2515=DIRECTION('',(-0.06110928567055518,0.9981310811736275,0));
#2516=DIRECTION('',(-0.9912627804193638,-0.13190185804329027,0));
#2517=DIRECTION('',(0.9687813940069315,-0.24791653963781135,0));
#2518=FACE_SURFACE('',(#2523),#2519,.T.);
#2519=PLANE('',#2520);
#2520=AXIS2_PLACEMENT_3D('',#228,#2521,#2522);
#2521=DIRECTION('',(-0,0,1));
#2522=DIRECTION('',(-0.06142148335875533,-0.9981119182646854,0));
#2523=FACE_BOUND('',#2524,.T.);
#2524=EDGE_LOOP('',(#2525,#2526,#2527));
#2525=ORIENTED_EDGE('',*,*,#2528,.T.);
#2526=ORIENTED_EDGE('',*,*,#2529,.T.);
#2527=ORIENTED_EDGE('',*,*,#2530,.T.);
#2528=EDGE_CURVE('',#229,#231,#2531,.F.);
#2529=EDGE_CURVE('',#231,#223,#2532,.T.);
#2530=EDGE_CURVE('',#223,#229,#2533,.T.);
#2531=LINE('',#228,#2534);
#2532=LINE('',#230,#2535);
#2533=LINE('',#222,#2536);
#2534=VECTOR('',#2537,1.0);
#2535=VECTOR('',#2538,1.0);
#2536=VECTOR('',#2539,1.0);
#2537=DIRECTION('',(-0.06142148335875533,-0.9981119182646854,0));
#2538=DIRECTION('',(0.9687813940069315,0.24791653963781135,0));
#2539=DIRECTION('',(-1,0,0));
#2540=FACE_SURFACE('',(#2545),#2541,.T.);
#2541=PLANE('',#2542);
#2542=AXIS2_PLACEMENT_3D('',#232,#2543,#2544);
#2543=DIRECTION('',(0,0,1));
#2544=DIRECTION('',(-0.554700196225229,-0.8320502943378436,0));
#2545=FACE_BOUND('',#2546,.T.);
#2546=EDGE_LOOP('',(#2547,#2548,#2549));
#2547=ORIENTED_EDGE('',*,*,#2550,.T.);
#2548=ORIENTED_EDGE('',*,*,#2551,.T.);
#2549=ORIENTED_EDGE('',*,*,#2552,.T.);
#2550=EDGE_CURVE('',#233,#235,#2553,.F.);
#2551=EDGE_CURVE('',#235,#237,#2554,.T.);
#2552=EDGE_CURVE('',#237,#233,#2555,.T.);
#2553=LINE('',#232,#2556);
#2554=LINE('',#234,#2557);
#2555=LINE('',#236,#2558);
#2556=VECTOR('',#2559,1.0);
#2557=VECTOR('',#2560,1.0);
#2558=VECTOR('',#2561,1.0);
#2559=DIRECTION('',(-0.554700196225229,-0.8320502943378436,0));
#2560=DIRECTION('',(0.9628057855104362,-0.2701944103560099,0));
#2561=DIRECTION('',(-0.8665177968234125,0.4991461787776195,0));
#2562=FACE_SURFACE('',(#2567),#2563,.T.);
#2563=PLANE('',#2564);
#2564=AXIS2_PLACEMENT_3D('',#238,#2565,#2566);
#2565=DIRECTION('',(0,-0,1));
#2566=DIRECTION('',(0.5570356044303771,0.8304886124426296,0));
#2567=FACE_BOUND('',#2568,.T.);
#2568=EDGE_LOOP('',(#2569,#2570,#2571));
#2569=ORIENTED_EDGE('',*,*,#2572,.T.);
#2570=ORIENTED_EDGE('',*,*,#2573,.T.);
#2571=ORIENTED_EDGE('',*,*,#2574,.T.);
#2572=EDGE_CURVE('',#239,#237,#2575,.F.);
#2573=EDGE_CURVE('',#237,#235,#2576,.T.);
#2574=EDGE_CURVE('',#235,#239,#2577,.T.);
#2575=LINE('',#238,#2578);
#2576=LINE('',#236,#2579);
#2577=LINE('',#234,#2580);
#2578=VECTOR('',#2581,1.0);
#2579=VECTOR('',#2582,1.0);
#2580=VECTOR('',#2583,1.0);
#2581=DIRECTION('',(0.5570356044303771,0.8304886124426296,0));
#2582=DIRECTION('',(-0.9628057855104362,0.2701944103560099,0));
#2583=DIRECTION('',(0.7912849385286584,-0.6114475824285325,0));
#2584=FACE_SURFACE('',(#2589),#2585,.T.);
#2585=PLANE('',#2586);
#2586=AXIS2_PLACEMENT_3D('',#234,#2587,#2588);
#2587=DIRECTION('',(0,0,1));
#2588=DIRECTION('',(-0.6520390298302459,-0.7581854018497268,0));
#2589=FACE_BOUND('',#2590,.T.);
#2590=EDGE_LOOP('',(#2591,#2592,#2593));
#2591=ORIENTED_EDGE('',*,*,#2594,.T.);
#2592=ORIENTED_EDGE('',*,*,#2595,.T.);
#2593=ORIENTED_EDGE('',*,*,#2596,.T.);
#2594=EDGE_CURVE('',#235,#191,#2597,.F.);
#2595=EDGE_CURVE('',#191,#239,#2598,.T.);
#2596=EDGE_CURVE('',#239,#235,#2599,.T.);
#2597=LINE('',#234,#2600);
#2598=LINE('',#190,#2601);
#2599=LINE('',#238,#2602);
#2600=VECTOR('',#2603,1.0);
#2601=VECTOR('',#2604,1.0);
#2602=VECTOR('',#2605,1.0);
#2603=DIRECTION('',(-0.6520390298302459,-0.7581854018497268,0));
#2604=DIRECTION('',(0.9195392604100585,-0.39299815338563937,0));
#2605=DIRECTION('',(-0.7912849385286584,0.6114475824285325,0));
#2606=FACE_SURFACE('',(#2611),#2607,.T.);
#2607=PLANE('',#2608);
#2608=AXIS2_PLACEMENT_3D('',#236,#2609,#2610);
#2609=DIRECTION('',(0,-0,1));
#2610=DIRECTION('',(0.4390268638022807,0.8984739355484574,0));
#2611=FACE_BOUND('',#2612,.T.);
#2612=EDGE_LOOP('',(#2613,#2614,#2615));
#2613=ORIENTED_EDGE('',*,*,#2616,.T.);
#2614=ORIENTED_EDGE('',*,*,#2617,.T.);
#2615=ORIENTED_EDGE('',*,*,#2618,.T.);
#2616=EDGE_CURVE('',#237,#241,#2619,.F.);
#2617=EDGE_CURVE('',#241,#233,#2620,.T.);
#2618=EDGE_CURVE('',#233,#237,#2621,.T.);
#2619=LINE('',#236,#2622);
#2620=LINE('',#240,#2623);
#2621=LINE('',#232,#2624);
#2622=VECTOR('',#2625,1.0);
#2623=VECTOR('',#2626,1.0);
#2624=VECTOR('',#2627,1.0);
#2625=DIRECTION('',(0.4390268638022807,0.8984739355484574,0));
#2626=DIRECTION('',(-0.9900255049598051,0.1408882519200339,0));
#2627=DIRECTION('',(0.8665177968234125,-0.4991461787776195,0));
#2628=FACE_SURFACE('',(#2633),#2629,.T.);
#2629=PLANE('',#2630);
#2630=AXIS2_PLACEMENT_3D('',#240,#2631,#2632);
#2631=DIRECTION('',(0,-0,1));
#2632=DIRECTION('',(0.3162279484230597,0.9486832372484204,0));
#2633=FACE_BOUND('',#2634,.T.);
#2634=EDGE_LOOP('',(#2635,#2636,#2637));
#2635=ORIENTED_EDGE('',*,*,#2638,.T.);
#2636=ORIENTED_EDGE('',*,*,#2639,.T.);
#2637=ORIENTED_EDGE('',*,*,#2640,.T.);
#2638=EDGE_CURVE('',#241,#243,#2641,.F.);
#2639=EDGE_CURVE('',#243,#245,#2642,.T.);
#2640=EDGE_CURVE('',#245,#241,#2643,.T.);
#2641=LINE('',#240,#2644);
#2642=LINE('',#242,#2645);
#2643=LINE('',#244,#2646);
#2644=VECTOR('',#2647,1.0);
#2645=VECTOR('',#2648,1.0);
#2646=VECTOR('',#2649,1.0);
#2647=DIRECTION('',(0.3162279484230597,0.9486832372484204,0));
#2648=DIRECTION('',(-0.9999344525549533,0.01144948005919134,0));
#2649=DIRECTION('',(0.923431442274318,-0.38376343158145365,0));
#2650=FACE_SURFACE('',(#2655),#2651,.T.);
#2651=PLANE('',#2652);
#2652=AXIS2_PLACEMENT_3D('',#230,#2653,#2654);
#2653=DIRECTION('',(0,0,1));
#2654=DIRECTION('',(-0.19906006124622186,-0.9799872917628322,0));
#2655=FACE_BOUND('',#2656,.T.);
#2656=EDGE_LOOP('',(#2657,#2658,#2659));
#2657=ORIENTED_EDGE('',*,*,#2660,.T.);
#2658=ORIENTED_EDGE('',*,*,#2661,.T.);
#2659=ORIENTED_EDGE('',*,*,#2662,.T.);
#2660=EDGE_CURVE('',#231,#247,#2663,.F.);
#2661=EDGE_CURVE('',#247,#243,#2664,.T.);
#2662=EDGE_CURVE('',#243,#231,#2665,.T.);
#2663=LINE('',#230,#2666);
#2664=LINE('',#246,#2667);
#2665=LINE('',#242,#2668);
#2666=VECTOR('',#2669,1.0);
#2667=VECTOR('',#2670,1.0);
#2668=VECTOR('',#2671,1.0);
#2669=DIRECTION('',(-0.19906006124622186,-0.9799872917628322,0));
#2670=DIRECTION('',(0.9654996377069547,-0.2604043962527114,0));
#2671=DIRECTION('',(-0.8703494963857304,0.49243451761742435,0));
#2672=FACE_SURFACE('',(#2677),#2673,.T.);
#2673=PLANE('',#2674);
#2674=AXIS2_PLACEMENT_3D('',#242,#2675,#2676);
#2675=DIRECTION('',(0,-0,1));
#2676=DIRECTION('',(0.20395403565693782,0.978980465249051,0));
#2677=FACE_BOUND('',#2678,.T.);
#2678=EDGE_LOOP('',(#2679,#2680,#2681));
#2679=ORIENTED_EDGE('',*,*,#2682,.T.);
#2680=ORIENTED_EDGE('',*,*,#2683,.T.);
#2681=ORIENTED_EDGE('',*,*,#2684,.T.);
#2682=EDGE_CURVE('',#243,#249,#2685,.F.);
#2683=EDGE_CURVE('',#249,#231,#2686,.T.);
#2684=EDGE_CURVE('',#231,#243,#2687,.T.);
#2685=LINE('',#242,#2688);
#2686=LINE('',#248,#2689);
#2687=LINE('',#230,#2690);
#2688=VECTOR('',#2691,1.0);
#2689=VECTOR('',#2692,1.0);
#2690=VECTOR('',#2693,1.0);
#2691=DIRECTION('',(0.20395403565693782,0.978980465249051,0));
#2692=DIRECTION('',(-0.9912627804193638,0.13190185804329027,0));
#2693=DIRECTION('',(0.8703494963857304,-0.49243451761742435,0));
#2694=FACE_SURFACE('',(#2699),#2695,.T.);
#2695=PLANE('',#2696);
#2696=AXIS2_PLACEMENT_3D('',#222,#2697,#2698);
#2697=DIRECTION('',(0,0,1));
#2698=DIRECTION('',(-0.9687813940069315,-0.24791653963781135,0));
#2699=FACE_BOUND('',#2700,.T.);
#2700=EDGE_LOOP('',(#2701,#2702,#2703));
#2701=ORIENTED_EDGE('',*,*,#2704,.T.);
#2702=ORIENTED_EDGE('',*,*,#2705,.T.);
#2703=ORIENTED_EDGE('',*,*,#2706,.T.);
#2704=EDGE_CURVE('',#223,#231,#2707,.F.);
#2705=EDGE_CURVE('',#231,#249,#2708,.T.);
#2706=EDGE_CURVE('',#249,#223,#2709,.T.);
#2707=LINE('',#222,#2710);
#2708=LINE('',#230,#2711);
#2709=LINE('',#248,#2712);
#2710=VECTOR('',#2713,1.0);
#2711=VECTOR('',#2714,1.0);
#2712=VECTOR('',#2715,1.0);
#2713=DIRECTION('',(-0.9687813940069315,-0.24791653963781135,0));
#2714=DIRECTION('',(0.9912627804193638,-0.13190185804329027,0));
#2715=DIRECTION('',(0.06110928567055518,0.9981310811736275,0));
#2716=FACE_SURFACE('',(#2721),#2717,.T.);
#2717=PLANE('',#2718);
#2718=AXIS2_PLACEMENT_3D('',#112,#2719,#2720);
#2719=DIRECTION('',(0,0,1));
#2720=DIRECTION('',(0.9874923475004742,0.15766693891873107,0));
#2721=FACE_BOUND('',#2722,.T.);
#2722=EDGE_LOOP('',(#2723,#2724,#2725));
#2723=ORIENTED_EDGE('',*,*,#2726,.T.);
#2724=ORIENTED_EDGE('',*,*,#2727,.T.);
#2725=ORIENTED_EDGE('',*,*,#2728,.T.);
#2726=EDGE_CURVE('',#113,#111,#2729,.F.);
#2727=EDGE_CURVE('',#111,#251,#2730,.T.);
#2728=EDGE_CURVE('',#251,#113,#2731,.T.);
#2729=LINE('',#112,#2732);
#2730=LINE('',#110,#2733);
#2731=LINE('',#250,#2734);
#2732=VECTOR('',#2735,1.0);
#2733=VECTOR('',#2736,1.0);
#2734=VECTOR('',#2737,1.0);
#2735=DIRECTION('',(0.9874923475004742,0.15766693891873107,0));
#2736=DIRECTION('',(-0.7071070102455249,0.7071065521274958,0));
#2737=DIRECTION('',(-0.7468449382152597,-0.6649982242549564,0));
#2738=FACE_SURFACE('',(#2743),#2739,.T.);
#2739=PLANE('',#2740);
#2740=AXIS2_PLACEMENT_3D('',#252,#2741,#2742);
#2741=DIRECTION('',(0,0,1));
#2742=DIRECTION('',(-0.8682430852548646,0.4961390378786113,0));
#2743=FACE_BOUND('',#2744,.T.);
#2744=EDGE_LOOP('',(#2745,#2746,#2747));
#2745=ORIENTED_EDGE('',*,*,#2748,.T.);
#2746=ORIENTED_EDGE('',*,*,#2749,.T.);
#2747=ORIENTED_EDGE('',*,*,#2750,.T.);
#2748=EDGE_CURVE('',#253,#255,#2751,.F.);
#2749=EDGE_CURVE('',#255,#215,#2752,.T.);
#2750=EDGE_CURVE('',#215,#253,#2753,.T.);
#2751=LINE('',#252,#2754);
#2752=LINE('',#254,#2755);
#2753=LINE('',#214,#2756);
#2754=VECTOR('',#2757,1.0);
#2755=VECTOR('',#2758,1.0);
#2756=VECTOR('',#2759,1.0);
#2757=DIRECTION('',(-0.8682430852548646,0.4961390378786113,0));
#2758=DIRECTION('',(-0.02478594033717966,-0.9996927813891635,0));
#2759=DIRECTION('',(0.5525371911078466,0.8334882437339179,0));
#2760=FACE_SURFACE('',(#2765),#2761,.T.);
#2761=PLANE('',#2762);
#2762=AXIS2_PLACEMENT_3D('',#218,#2763,#2764);
#2763=DIRECTION('',(-0.19131488505358935,0.9815287131596976,0));
#2764=DIRECTION('',(-0.9815287131596976,-0.19131488505358935,0));
#2765=FACE_BOUND('',#2766,.T.);
#2766=EDGE_LOOP('',(#2767,#2768,#2769));
#2767=ORIENTED_EDGE('',*,*,#2770,.T.);
#2768=ORIENTED_EDGE('',*,*,#2771,.T.);
#2769=ORIENTED_EDGE('',*,*,#2772,.T.);
#2770=EDGE_CURVE('',#219,#257,#2773,.F.);
#2771=EDGE_CURVE('',#257,#259,#2774,.T.);
#2772=EDGE_CURVE('',#259,#219,#2775,.T.);
#2773=LINE('',#218,#2776);
#2774=LINE('',#256,#2777);
#2775=LINE('',#258,#2778);
#2776=VECTOR('',#2779,1.0);
#2777=VECTOR('',#2780,1.0);
#2778=VECTOR('',#2781,1.0);
#2779=DIRECTION('',(-0.9815287131596976,-0.19131488505358935,0));
#2780=DIRECTION('',(0,0,1));
#2781=DIRECTION('',(0.2761770760090031,0.05383111552693022,-0.9595980584016641));
#2782=FACE_SURFACE('',(#2787),#2783,.T.);
#2783=PLANE('',#2784);
#2784=AXIS2_PLACEMENT_3D('',#218,#2785,#2786);
#2785=DIRECTION('',(-0.19131488505358935,0.9815287131596976,0));
#2786=DIRECTION('',(-0.2761770760090031,-0.05383111552693022,0.9595980584016641));
#2787=FACE_BOUND('',#2788,.T.);
#2788=EDGE_LOOP('',(#2789,#2790,#2791));
#2789=ORIENTED_EDGE('',*,*,#2792,.T.);
#2790=ORIENTED_EDGE('',*,*,#2793,.T.);
#2791=ORIENTED_EDGE('',*,*,#2794,.T.);
#2792=EDGE_CURVE('',#219,#259,#2795,.F.);
#2793=EDGE_CURVE('',#259,#221,#2796,.T.);
#2794=EDGE_CURVE('',#221,#219,#2797,.T.);
#2795=LINE('',#218,#2798);
#2796=LINE('',#258,#2799);
#2797=LINE('',#220,#2800);
#2798=VECTOR('',#2801,1.0);
#2799=VECTOR('',#2802,1.0);
#2800=VECTOR('',#2803,1.0);
#2801=DIRECTION('',(-0.2761770760090031,-0.05383111552693022,0.9595980584016641));
#2802=DIRECTION('',(0.9815287131596976,0.19131488505358935,0));
#2803=DIRECTION('',(0,0,-1));
#2804=FACE_SURFACE('',(#2809),#2805,.T.);
#2805=PLANE('',#2806);
#2806=AXIS2_PLACEMENT_3D('',#172,#2807,#2808);
#2807=DIRECTION('',(-0.9471444551415069,0.320807389401644,0));
#2808=DIRECTION('',(-0.32080738940164394,-0.9471444551415068,0));
#2809=FACE_BOUND('',#2810,.T.);
#2810=EDGE_LOOP('',(#2811,#2812,#2813));
#2811=ORIENTED_EDGE('',*,*,#2814,.T.);
#2812=ORIENTED_EDGE('',*,*,#2815,.T.);
#2813=ORIENTED_EDGE('',*,*,#2816,.T.);
#2814=EDGE_CURVE('',#173,#261,#2817,.F.);
#2815=EDGE_CURVE('',#261,#263,#2818,.T.);
#2816=EDGE_CURVE('',#263,#173,#2819,.T.);
#2817=LINE('',#172,#2820);
#2818=LINE('',#260,#2821);
#2819=LINE('',#262,#2822);
#2820=VECTOR('',#2823,1.0);
#2821=VECTOR('',#2824,1.0);
#2822=VECTOR('',#2825,1.0);
#2823=DIRECTION('',(-0.32080738940164394,-0.9471444551415068,0));
#2824=DIRECTION('',(0,0,1));
#2825=DIRECTION('',(0.050578935457400956,0.1493281010602307,-0.9874932351777108));
#2826=FACE_SURFACE('',(#2831),#2827,.T.);
#2827=PLANE('',#2828);
#2828=AXIS2_PLACEMENT_3D('',#250,#2829,#2830);
#2829=DIRECTION('',(-0,0,1));
#2830=DIRECTION('',(0.7071070102455249,-0.7071065521274958,0));
#2831=FACE_BOUND('',#2832,.T.);
#2832=EDGE_LOOP('',(#2833,#2834,#2835));
#2833=ORIENTED_EDGE('',*,*,#2836,.T.);
#2834=ORIENTED_EDGE('',*,*,#2837,.T.);
#2835=ORIENTED_EDGE('',*,*,#2838,.T.);
#2836=EDGE_CURVE('',#251,#111,#2839,.F.);
#2837=EDGE_CURVE('',#111,#217,#2840,.T.);
#2838=EDGE_CURVE('',#217,#251,#2841,.T.);
#2839=LINE('',#250,#2842);
#2840=LINE('',#110,#2843);
#2841=LINE('',#216,#2844);
#2842=VECTOR('',#2845,1.0);
#2843=VECTOR('',#2846,1.0);
#2844=VECTOR('',#2847,1.0);
#2845=DIRECTION('',(0.7071070102455249,-0.7071065521274958,0));
#2846=DIRECTION('',(0.15766633095353777,0.9874924445704126,0));
#2847=DIRECTION('',(-0.6649981869798129,-0.7468449714054195,0));
#2848=FACE_SURFACE('',(#2853),#2849,.T.);
#2849=PLANE('',#2850);
#2850=AXIS2_PLACEMENT_3D('',#216,#2851,#2852);
#2851=DIRECTION('',(-0,0,1));
#2852=DIRECTION('',(0.8000002200785015,-0.5999997065618861,0));
#2853=FACE_BOUND('',#2854,.T.);
#2854=EDGE_LOOP('',(#2855,#2856,#2857));
#2855=ORIENTED_EDGE('',*,*,#2858,.T.);
#2856=ORIENTED_EDGE('',*,*,#2859,.T.);
#2857=ORIENTED_EDGE('',*,*,#2860,.T.);
#2858=EDGE_CURVE('',#217,#215,#2861,.F.);
#2859=EDGE_CURVE('',#215,#255,#2862,.T.);
#2860=EDGE_CURVE('',#255,#217,#2863,.T.);
#2861=LINE('',#216,#2864);
#2862=LINE('',#214,#2865);
#2863=LINE('',#254,#2866);
#2864=VECTOR('',#2867,1.0);
#2865=VECTOR('',#2868,1.0);
#2866=VECTOR('',#2869,1.0);
#2867=DIRECTION('',(0.8000002200785015,-0.5999997065618861,0));
#2868=DIRECTION('',(0.02478594033717966,0.9996927813891635,0));
#2869=DIRECTION('',(-0.5570356044303771,-0.8304886124426296,0));
#2870=FACE_SURFACE('',(#2875),#2871,.T.);
#2871=PLANE('',#2872);
#2872=AXIS2_PLACEMENT_3D('',#264,#2873,#2874);
#2873=DIRECTION('',(-0,0,1));
#2874=DIRECTION('',(0.26040421868305513,-0.9654996855991552,0));
#2875=FACE_BOUND('',#2876,.T.);
#2876=EDGE_LOOP('',(#2877,#2878,#2879));
#2877=ORIENTED_EDGE('',*,*,#2880,.T.);
#2878=ORIENTED_EDGE('',*,*,#2881,.T.);
#2879=ORIENTED_EDGE('',*,*,#2882,.T.);
#2880=EDGE_CURVE('',#265,#267,#2883,.F.);
#2881=EDGE_CURVE('',#267,#269,#2884,.T.);
#2882=EDGE_CURVE('',#269,#265,#2885,.T.);
#2883=LINE('',#264,#2886);
#2884=LINE('',#266,#2887);
#2885=LINE('',#268,#2888);
#2886=VECTOR('',#2889,1.0);
#2887=VECTOR('',#2890,1.0);
#2888=VECTOR('',#2891,1.0);
#2889=DIRECTION('',(0.26040421868305513,-0.9654996855991552,0));
#2890=DIRECTION('',(-0.01144971076859305,0.9999344499132509,0));
#2891=DIRECTION('',(-0.9471444551415068,-0.32080738940164394,0));
#2892=FACE_SURFACE('',(#2897),#2893,.T.);
#2893=PLANE('',#2894);
#2894=AXIS2_PLACEMENT_3D('',#256,#2895,#2896);
#2895=DIRECTION('',(-0.32624879611734786,0.9452839377837652,0));
#2896=DIRECTION('',(-0.9452839377837652,-0.32624879611734786,0));
#2897=FACE_BOUND('',#2898,.T.);
#2898=EDGE_LOOP('',(#2899,#2900,#2901));
#2899=ORIENTED_EDGE('',*,*,#2902,.T.);
#2900=ORIENTED_EDGE('',*,*,#2903,.T.);
#2901=ORIENTED_EDGE('',*,*,#2904,.T.);
#2902=EDGE_CURVE('',#257,#271,#2905,.F.);
#2903=EDGE_CURVE('',#271,#273,#2906,.T.);
#2904=EDGE_CURVE('',#273,#257,#2907,.T.);
#2905=LINE('',#256,#2908);
#2906=LINE('',#270,#2909);
#2907=LINE('',#272,#2910);
#2908=VECTOR('',#2911,1.0);
#2909=VECTOR('',#2912,1.0);
#2910=VECTOR('',#2913,1.0);
#2911=DIRECTION('',(-0.9452839377837652,-0.32624879611734786,0));
#2912=DIRECTION('',(0,0,1));
#2913=DIRECTION('',(0.2645926921901464,0.09131970177222005,-0.9600267805159413));
#2914=FACE_SURFACE('',(#2919),#2915,.T.);
#2915=PLANE('',#2916);
#2916=AXIS2_PLACEMENT_3D('',#256,#2917,#2918);
#2917=DIRECTION('',(-0.32624879611734786,0.9452839377837652,0));
#2918=DIRECTION('',(-0.2645926921901464,-0.09131970177222005,0.9600267805159413));
#2919=FACE_BOUND('',#2920,.T.);
#2920=EDGE_LOOP('',(#2921,#2922,#2923));
#2921=ORIENTED_EDGE('',*,*,#2924,.T.);
#2922=ORIENTED_EDGE('',*,*,#2925,.T.);
#2923=ORIENTED_EDGE('',*,*,#2926,.T.);
#2924=EDGE_CURVE('',#257,#273,#2927,.F.);
#2925=EDGE_CURVE('',#273,#259,#2928,.T.);
#2926=EDGE_CURVE('',#259,#257,#2929,.T.);
#2927=LINE('',#256,#2930);
#2928=LINE('',#272,#2931);
#2929=LINE('',#258,#2932);
#2930=VECTOR('',#2933,1.0);
#2931=VECTOR('',#2934,1.0);
#2932=VECTOR('',#2935,1.0);
#2933=DIRECTION('',(-0.2645926921901464,-0.09131970177222005,0.9600267805159413));
#2934=DIRECTION('',(0.9452839377837652,0.32624879611734786,0));
#2935=DIRECTION('',(0,0,-1));
#2936=FACE_SURFACE('',(#2941),#2937,.T.);
#2937=PLANE('',#2938);
#2938=AXIS2_PLACEMENT_3D('',#252,#2939,#2940);
#2939=DIRECTION('',(0,-0,1));
#2940=DIRECTION('',(0.4434352895670955,0.8963063895602588,0));
#2941=FACE_BOUND('',#2942,.T.);
#2942=EDGE_LOOP('',(#2943,#2944,#2945));
#2943=ORIENTED_EDGE('',*,*,#2946,.T.);
#2944=ORIENTED_EDGE('',*,*,#2947,.T.);
#2945=ORIENTED_EDGE('',*,*,#2948,.T.);
#2946=EDGE_CURVE('',#253,#275,#2949,.F.);
#2947=EDGE_CURVE('',#275,#255,#2950,.T.);
#2948=EDGE_CURVE('',#255,#253,#2951,.T.);
#2949=LINE('',#252,#2952);
#2950=LINE('',#274,#2953);
#2951=LINE('',#254,#2954);
#2952=VECTOR('',#2955,1.0);
#2953=VECTOR('',#2956,1.0);
#2954=VECTOR('',#2957,1.0);
#2955=DIRECTION('',(0.4434352895670955,0.8963063895602588,0));
#2956=DIRECTION('',(-0.8530770027068688,-0.5217850395063707,0));
#2957=DIRECTION('',(0.8682430852548646,-0.4961390378786113,0));
#2958=FACE_SURFACE('',(#2963),#2959,.T.);
#2959=PLANE('',#2960);
#2960=AXIS2_PLACEMENT_3D('',#276,#2961,#2962);
#2961=DIRECTION('',(0,0,1));
#2962=DIRECTION('',(-0.4390268638022807,-0.8984739355484574,0));
#2963=FACE_BOUND('',#2964,.T.);
#2964=EDGE_LOOP('',(#2965,#2966,#2967));
#2965=ORIENTED_EDGE('',*,*,#2968,.T.);
#2966=ORIENTED_EDGE('',*,*,#2969,.T.);
#2967=ORIENTED_EDGE('',*,*,#2970,.T.);
#2968=EDGE_CURVE('',#277,#255,#2971,.F.);
#2969=EDGE_CURVE('',#255,#275,#2972,.T.);
#2970=EDGE_CURVE('',#275,#277,#2973,.T.);
#2971=LINE('',#276,#2974);
#2972=LINE('',#254,#2975);
#2973=LINE('',#274,#2976);
#2974=VECTOR('',#2977,1.0);
#2975=VECTOR('',#2978,1.0);
#2976=VECTOR('',#2979,1.0);
#2977=DIRECTION('',(-0.4390268638022807,-0.8984739355484574,0));
#2978=DIRECTION('',(0.8530770027068688,0.5217850395063707,0));
#2979=DIRECTION('',(-0.9230765975162069,0.3846161659601723,0));
#2980=FACE_SURFACE('',(#2985),#2981,.T.);
#2981=PLANE('',#2982);
#2982=AXIS2_PLACEMENT_3D('',#268,#2983,#2984);
#2983=DIRECTION('',(-0,0,1));
#2984=DIRECTION('',(0.38376392238094736,-0.9234312383056956,0));
#2985=FACE_BOUND('',#2986,.T.);
#2986=EDGE_LOOP('',(#2987,#2988,#2989));
#2987=ORIENTED_EDGE('',*,*,#2990,.T.);
#2988=ORIENTED_EDGE('',*,*,#2991,.T.);
#2989=ORIENTED_EDGE('',*,*,#2992,.T.);
#2990=EDGE_CURVE('',#269,#201,#2993,.F.);
#2991=EDGE_CURVE('',#201,#199,#2994,.T.);
#2992=EDGE_CURVE('',#199,#269,#2995,.T.);
#2993=LINE('',#268,#2996);
#2994=LINE('',#200,#2997);
#2995=LINE('',#198,#2998);
#2996=VECTOR('',#2999,1.0);
#2997=VECTOR('',#3000,1.0);
#2998=VECTOR('',#3001,1.0);
#2999=DIRECTION('',(0.38376392238094736,-0.9234312383056956,0));
#3000=DIRECTION('',(-0.14088847437694377,0.9900254733024486,0));
#3001=DIRECTION('',(-0.8974488348939095,-0.44111856540794603,0));
#3002=FACE_SURFACE('',(#3007),#3003,.T.);
#3003=PLANE('',#3004);
#3004=AXIS2_PLACEMENT_3D('',#188,#3005,#3006);
#3005=DIRECTION('',(0,-0,1));
#3006=DIRECTION('',(0.6649981869798129,0.7468449714054195,0));
#3007=FACE_BOUND('',#3008,.T.);
#3008=EDGE_LOOP('',(#3009,#3010,#3011));
#3009=ORIENTED_EDGE('',*,*,#3012,.T.);
#3010=ORIENTED_EDGE('',*,*,#3013,.T.);
#3011=ORIENTED_EDGE('',*,*,#3014,.T.);
#3012=EDGE_CURVE('',#189,#239,#3015,.F.);
#3013=EDGE_CURVE('',#239,#191,#3016,.T.);
#3014=EDGE_CURVE('',#191,#189,#3017,.T.);
#3015=LINE('',#188,#3018);
#3016=LINE('',#238,#3019);
#3017=LINE('',#190,#3020);
#3018=VECTOR('',#3021,1.0);
#3019=VECTOR('',#3022,1.0);
#3020=VECTOR('',#3023,1.0);
#3021=DIRECTION('',(0.6649981869798129,0.7468449714054195,0));
#3022=DIRECTION('',(-0.9195392604100585,0.39299815338563937,0));
#3023=DIRECTION('',(0.7071067811865475,-0.7071067811865475,0));
#3024=FACE_SURFACE('',(#3029),#3025,.T.);
#3025=PLANE('',#3026);
#3026=AXIS2_PLACEMENT_3D('',#270,#3027,#3028);
#3027=DIRECTION('',(-0.4438604104958573,0.8960959412889051,0));
#3028=DIRECTION('',(-0.8960959412889052,-0.44386041049585734,0));
#3029=FACE_BOUND('',#3030,.T.);
#3030=EDGE_LOOP('',(#3031,#3032,#3033));
#3031=ORIENTED_EDGE('',*,*,#3034,.T.);
#3032=ORIENTED_EDGE('',*,*,#3035,.T.);
#3033=ORIENTED_EDGE('',*,*,#3036,.T.);
#3034=EDGE_CURVE('',#271,#279,#3037,.F.);
#3035=EDGE_CURVE('',#279,#281,#3038,.T.);
#3036=EDGE_CURVE('',#281,#271,#3039,.T.);
#3037=LINE('',#270,#3040);
#3038=LINE('',#278,#3041);
#3039=LINE('',#280,#3042);
#3040=VECTOR('',#3043,1.0);
#3041=VECTOR('',#3044,1.0);
#3042=VECTOR('',#3045,1.0);
#3043=DIRECTION('',(-0.8960959412889052,-0.44386041049585734,0));
#3044=DIRECTION('',(0,0,1));
#3045=DIRECTION('',(0.25056554357486327,0.12411184997366245,-0.9601110128881704));
#3046=FACE_SURFACE('',(#3051),#3047,.T.);
#3047=PLANE('',#3048);
#3048=AXIS2_PLACEMENT_3D('',#270,#3049,#3050);
#3049=DIRECTION('',(-0.4438604104958573,0.8960959412889051,0));
#3050=DIRECTION('',(-0.25056554357486327,-0.12411184997366245,0.9601110128881704));
#3051=FACE_BOUND('',#3052,.T.);
#3052=EDGE_LOOP('',(#3053,#3054,#3055));
#3053=ORIENTED_EDGE('',*,*,#3056,.T.);
#3054=ORIENTED_EDGE('',*,*,#3057,.T.);
#3055=ORIENTED_EDGE('',*,*,#3058,.T.);
#3056=EDGE_CURVE('',#271,#281,#3059,.F.);
#3057=EDGE_CURVE('',#281,#273,#3060,.T.);
#3058=EDGE_CURVE('',#273,#271,#3061,.T.);
#3059=LINE('',#270,#3062);
#3060=LINE('',#280,#3063);
#3061=LINE('',#272,#3064);
#3062=VECTOR('',#3065,1.0);
#3063=VECTOR('',#3066,1.0);
#3064=VECTOR('',#3067,1.0);
#3065=DIRECTION('',(-0.25056554357486327,-0.12411184997366245,0.9601110128881704));
#3066=DIRECTION('',(0.8960959412889052,0.44386041049585734,0));
#3067=DIRECTION('',(0,0,-1));
#3068=FACE_SURFACE('',(#3073),#3069,.T.);
#3069=PLANE('',#3070);
#3070=AXIS2_PLACEMENT_3D('',#198,#3071,#3072);
#3071=DIRECTION('',(-0,0,1));
#3072=DIRECTION('',(0.4991462302498657,-0.8665177671735,0));
#3073=FACE_BOUND('',#3074,.T.);
#3074=EDGE_LOOP('',(#3075,#3076,#3077));
#3075=ORIENTED_EDGE('',*,*,#3078,.T.);
#3076=ORIENTED_EDGE('',*,*,#3079,.T.);
#3077=ORIENTED_EDGE('',*,*,#3080,.T.);
#3078=EDGE_CURVE('',#199,#197,#3081,.F.);
#3079=EDGE_CURVE('',#197,#195,#3082,.T.);
#3080=EDGE_CURVE('',#195,#199,#3083,.T.);
#3081=LINE('',#198,#3084);
#3082=LINE('',#196,#3085);
#3083=LINE('',#194,#3086);
#3084=VECTOR('',#3087,1.0);
#3085=VECTOR('',#3088,1.0);
#3086=VECTOR('',#3089,1.0);
#3087=DIRECTION('',(0.4991462302498657,-0.8665177671735,0));
#3088=DIRECTION('',(-0.27019443986017566,0.9628057772306136,0));
#3089=DIRECTION('',(-0.8320502943378436,-0.554700196225229,0));
#3090=FACE_SURFACE('',(#3095),#3091,.T.);
#3091=PLANE('',#3092);
#3092=AXIS2_PLACEMENT_3D('',#194,#3093,#3094);
#3093=DIRECTION('',(-0,0,1));
#3094=DIRECTION('',(0.6114474671787836,-0.7912850275852881,0));
#3095=FACE_BOUND('',#3096,.T.);
#3096=EDGE_LOOP('',(#3097,#3098,#3099));
#3097=ORIENTED_EDGE('',*,*,#3100,.T.);
#3098=ORIENTED_EDGE('',*,*,#3101,.T.);
#3099=ORIENTED_EDGE('',*,*,#3102,.T.);
#3100=EDGE_CURVE('',#195,#193,#3103,.F.);
#3101=EDGE_CURVE('',#193,#191,#3104,.T.);
#3102=EDGE_CURVE('',#191,#195,#3105,.T.);
#3103=LINE('',#194,#3106);
#3104=LINE('',#192,#3107);
#3105=LINE('',#190,#3108);
#3106=VECTOR('',#3109,1.0);
#3107=VECTOR('',#3110,1.0);
#3108=VECTOR('',#3111,1.0);
#3109=DIRECTION('',(0.6114474671787836,-0.7912850275852881,0));
#3110=DIRECTION('',(-0.392997878902675,0.9195393777201705,0));
#3111=DIRECTION('',(-0.758185786115898,-0.6520385830085654,0));
#3112=FACE_SURFACE('',(#3117),#3113,.T.);
#3113=PLANE('',#3114);
#3114=AXIS2_PLACEMENT_3D('',#278,#3115,#3116);
#3115=DIRECTION('',(-0.5508421424916834,0.8346094500154979,0));
#3116=DIRECTION('',(-0.834609450015498,-0.5508421424916834,0));
#3117=FACE_BOUND('',#3118,.T.);
#3118=EDGE_LOOP('',(#3119,#3120,#3121));
#3119=ORIENTED_EDGE('',*,*,#3122,.T.);
#3120=ORIENTED_EDGE('',*,*,#3123,.T.);
#3121=ORIENTED_EDGE('',*,*,#3124,.T.);
#3122=EDGE_CURVE('',#279,#283,#3125,.F.);
#3123=EDGE_CURVE('',#283,#285,#3126,.T.);
#3124=EDGE_CURVE('',#285,#279,#3127,.T.);
#3125=LINE('',#278,#3128);
#3126=LINE('',#282,#3129);
#3127=LINE('',#284,#3130);
#3128=VECTOR('',#3131,1.0);
#3129=VECTOR('',#3132,1.0);
#3130=VECTOR('',#3133,1.0);
#3131=DIRECTION('',(-0.834609450015498,-0.5508421424916834,0));
#3132=DIRECTION('',(0,0,1));
#3133=DIRECTION('',(0.23411050761963675,0.15451290851621877,-0.9598531300797715));
#3134=FACE_SURFACE('',(#3139),#3135,.T.);
#3135=PLANE('',#3136);
#3136=AXIS2_PLACEMENT_3D('',#278,#3137,#3138);
#3137=DIRECTION('',(-0.5508421424916834,0.8346094500154979,0));
#3138=DIRECTION('',(-0.23411050761963675,-0.15451290851621877,0.9598531300797715));
#3139=FACE_BOUND('',#3140,.T.);
#3140=EDGE_LOOP('',(#3141,#3142,#3143));
#3141=ORIENTED_EDGE('',*,*,#3144,.T.);
#3142=ORIENTED_EDGE('',*,*,#3145,.T.);
#3143=ORIENTED_EDGE('',*,*,#3146,.T.);
#3144=EDGE_CURVE('',#279,#285,#3147,.F.);
#3145=EDGE_CURVE('',#285,#281,#3148,.T.);
#3146=EDGE_CURVE('',#281,#279,#3149,.T.);
#3147=LINE('',#278,#3150);
#3148=LINE('',#284,#3151);
#3149=LINE('',#280,#3152);
#3150=VECTOR('',#3153,1.0);
#3151=VECTOR('',#3154,1.0);
#3152=VECTOR('',#3155,1.0);
#3153=DIRECTION('',(-0.23411050761963675,-0.15451290851621877,0.9598531300797715));
#3154=DIRECTION('',(0.834609450015498,0.5508421424916834,0));
#3155=DIRECTION('',(0,0,-1));
#3156=FACE_SURFACE('',(#3161),#3157,.T.);
#3157=PLANE('',#3158);
#3158=AXIS2_PLACEMENT_3D('',#286,#3159,#3160);
#3159=DIRECTION('',(0,0,1));
#3160=DIRECTION('',(-0.06589392054040595,0.9978266338577131,0));
#3161=FACE_BOUND('',#3162,.T.);
#3162=EDGE_LOOP('',(#3163,#3164,#3165));
#3163=ORIENTED_EDGE('',*,*,#3166,.T.);
#3164=ORIENTED_EDGE('',*,*,#3167,.T.);
#3165=ORIENTED_EDGE('',*,*,#3168,.T.);
#3166=EDGE_CURVE('',#287,#289,#3169,.F.);
#3167=EDGE_CURVE('',#289,#291,#3170,.T.);
#3168=EDGE_CURVE('',#291,#287,#3171,.T.);
#3169=LINE('',#286,#3172);
#3170=LINE('',#288,#3173);
#3171=LINE('',#290,#3174);
#3172=VECTOR('',#3175,1.0);
#3173=VECTOR('',#3176,1.0);
#3174=VECTOR('',#3177,1.0);
#3175=DIRECTION('',(-0.06589392054040595,0.9978266338577131,0));
#3176=DIRECTION('',(-0.9922778482788537,-0.12403496206750894,0));
#3177=DIRECTION('',(0.5866966514128613,-0.8098067912909446,0));
#3178=FACE_SURFACE('',(#3183),#3179,.T.);
#3179=PLANE('',#3180);
#3180=AXIS2_PLACEMENT_3D('',#292,#3181,#3182);
#3181=DIRECTION('',(0,-0,1));
#3182=DIRECTION('',(1,0,0));
#3183=FACE_BOUND('',#3184,.T.);
#3184=EDGE_LOOP('',(#3185,#3186,#3187));
#3185=ORIENTED_EDGE('',*,*,#3188,.T.);
#3186=ORIENTED_EDGE('',*,*,#3189,.T.);
#3187=ORIENTED_EDGE('',*,*,#3190,.T.);
#3188=EDGE_CURVE('',#293,#287,#3191,.F.);
#3189=EDGE_CURVE('',#287,#291,#3192,.T.);
#3190=EDGE_CURVE('',#291,#293,#3193,.T.);
#3191=LINE('',#292,#3194);
#3192=LINE('',#286,#3195);
#3193=LINE('',#290,#3196);
#3194=VECTOR('',#3197,1.0);
#3195=VECTOR('',#3198,1.0);
#3196=VECTOR('',#3199,1.0);
#3197=DIRECTION('',(1,0,0));
#3198=DIRECTION('',(-0.5866966514128613,0.8098067912909446,0));
#3199=DIRECTION('',(0.06110928567055518,-0.9981310811736275,0));
#3200=FACE_SURFACE('',(#3205),#3201,.T.);
#3201=PLANE('',#3202);
#3202=AXIS2_PLACEMENT_3D('',#282,#3203,#3204);
#3203=DIRECTION('',(-0.6596861280657305,0.7515412247093599,0));
#3204=DIRECTION('',(-0.7515412247093599,-0.6596861280657305,0));
#3205=FACE_BOUND('',#3206,.T.);
#3206=EDGE_LOOP('',(#3207,#3208,#3209));
#3207=ORIENTED_EDGE('',*,*,#3210,.T.);
#3208=ORIENTED_EDGE('',*,*,#3211,.T.);
#3209=ORIENTED_EDGE('',*,*,#3212,.T.);
#3210=EDGE_CURVE('',#283,#295,#3213,.F.);
#3211=EDGE_CURVE('',#295,#297,#3214,.T.);
#3212=EDGE_CURVE('',#297,#283,#3215,.T.);
#3213=LINE('',#282,#3216);
#3214=LINE('',#294,#3217);
#3215=LINE('',#296,#3218);
#3216=VECTOR('',#3219,1.0);
#3217=VECTOR('',#3220,1.0);
#3218=VECTOR('',#3221,1.0);
#3219=DIRECTION('',(-0.7515412247093599,-0.6596861280657305,0));
#3220=DIRECTION('',(0,0,1));
#3221=DIRECTION('',(0.21070813741871702,0.18495490434267342,-0.9598925795031065));
#3222=FACE_SURFACE('',(#3227),#3223,.T.);
#3223=PLANE('',#3224);
#3224=AXIS2_PLACEMENT_3D('',#282,#3225,#3226);
#3225=DIRECTION('',(-0.6596861280657305,0.7515412247093599,0));
#3226=DIRECTION('',(-0.21070813741871702,-0.18495490434267342,0.9598925795031065));
#3227=FACE_BOUND('',#3228,.T.);
#3228=EDGE_LOOP('',(#3229,#3230,#3231));
#3229=ORIENTED_EDGE('',*,*,#3232,.T.);
#3230=ORIENTED_EDGE('',*,*,#3233,.T.);
#3231=ORIENTED_EDGE('',*,*,#3234,.T.);
#3232=EDGE_CURVE('',#283,#297,#3235,.F.);
#3233=EDGE_CURVE('',#297,#285,#3236,.T.);
#3234=EDGE_CURVE('',#285,#283,#3237,.T.);
#3235=LINE('',#282,#3238);
#3236=LINE('',#296,#3239);
#3237=LINE('',#284,#3240);
#3238=VECTOR('',#3241,1.0);
#3239=VECTOR('',#3242,1.0);
#3240=VECTOR('',#3243,1.0);
#3241=DIRECTION('',(-0.21070813741871702,-0.18495490434267342,0.9598925795031065));
#3242=DIRECTION('',(0.7515412247093599,0.6596861280657305,0));
#3243=DIRECTION('',(0,0,-1));
#3244=FACE_SURFACE('',(#3249),#3245,.T.);
#3245=PLANE('',#3246);
#3246=AXIS2_PLACEMENT_3D('',#150,#3247,#3248);
#3247=DIRECTION('',(-0.9486833436520367,0.3162276292122363,0));
#3248=DIRECTION('',(-0.019582598803641226,-0.0587478246499654,-0.9980807657314075));
#3249=FACE_BOUND('',#3250,.T.);
#3250=EDGE_LOOP('',(#3251,#3252,#3253));
#3251=ORIENTED_EDGE('',*,*,#3254,.T.);
#3252=ORIENTED_EDGE('',*,*,#3255,.T.);
#3253=ORIENTED_EDGE('',*,*,#3256,.T.);
#3254=EDGE_CURVE('',#151,#299,#3257,.F.);
#3255=EDGE_CURVE('',#299,#175,#3258,.T.);
#3256=EDGE_CURVE('',#175,#151,#3259,.T.);
#3257=LINE('',#150,#3260);
#3258=LINE('',#298,#3261);
#3259=LINE('',#174,#3262);
#3260=VECTOR('',#3263,1.0);
#3261=VECTOR('',#3264,1.0);
#3262=VECTOR('',#3265,1.0);
#3263=DIRECTION('',(-0.019582598803641226,-0.0587478246499654,-0.9980807657314075));
#3264=DIRECTION('',(0,0,1));
#3265=DIRECTION('',(0.3162276292122363,0.9486833436520368,0));
#3266=FACE_SURFACE('',(#3271),#3267,.T.);
#3267=PLANE('',#3268);
#3268=AXIS2_PLACEMENT_3D('',#294,#3269,#3270);
#3269=DIRECTION('',(-0.751541271320179,0.6596860749647889,0));
#3270=DIRECTION('',(-0.6596860749647889,-0.751541271320179,0));
#3271=FACE_BOUND('',#3272,.T.);
#3272=EDGE_LOOP('',(#3273,#3274,#3275));
#3273=ORIENTED_EDGE('',*,*,#3276,.T.);
#3274=ORIENTED_EDGE('',*,*,#3277,.T.);
#3275=ORIENTED_EDGE('',*,*,#3278,.T.);
#3276=EDGE_CURVE('',#295,#301,#3279,.F.);
#3277=EDGE_CURVE('',#301,#303,#3280,.T.);
#3278=EDGE_CURVE('',#303,#295,#3281,.T.);
#3279=LINE('',#294,#3282);
#3280=LINE('',#300,#3283);
#3281=LINE('',#302,#3284);
#3282=VECTOR('',#3285,1.0);
#3283=VECTOR('',#3286,1.0);
#3284=VECTOR('',#3287,1.0);
#3285=DIRECTION('',(-0.6596860749647889,-0.751541271320179,0));
#3286=DIRECTION('',(0,0,1));
#3287=DIRECTION('',(0.1849549353167116,0.21070820273458424,-0.9598925591973053));
#3288=FACE_SURFACE('',(#3293),#3289,.T.);
#3289=PLANE('',#3290);
#3290=AXIS2_PLACEMENT_3D('',#294,#3291,#3292);
#3291=DIRECTION('',(-0.751541271320179,0.6596860749647889,0));
#3292=DIRECTION('',(-0.1849549353167116,-0.21070820273458424,0.9598925591973053));
#3293=FACE_BOUND('',#3294,.T.);
#3294=EDGE_LOOP('',(#3295,#3296,#3297));
#3295=ORIENTED_EDGE('',*,*,#3298,.T.);
#3296=ORIENTED_EDGE('',*,*,#3299,.T.);
#3297=ORIENTED_EDGE('',*,*,#3300,.T.);
#3298=EDGE_CURVE('',#295,#303,#3301,.F.);
#3299=EDGE_CURVE('',#303,#297,#3302,.T.);
#3300=EDGE_CURVE('',#297,#295,#3303,.T.);
#3301=LINE('',#294,#3304);
#3302=LINE('',#302,#3305);
#3303=LINE('',#296,#3306);
#3304=VECTOR('',#3307,1.0);
#3305=VECTOR('',#3308,1.0);
#3306=VECTOR('',#3309,1.0);
#3307=DIRECTION('',(-0.1849549353167116,-0.21070820273458424,0.9598925591973053));
#3308=DIRECTION('',(0.6596860749647889,0.751541271320179,0));
#3309=DIRECTION('',(0,0,-1));
#3310=FACE_SURFACE('',(#3315),#3311,.T.);
#3311=PLANE('',#3312);
#3312=AXIS2_PLACEMENT_3D('',#298,#3313,#3314);
#3313=DIRECTION('',(-0.978980409623938,0.20395430265759665,0));
#3314=DIRECTION('',(-0.20395430265759665,-0.9789804096239381,0));
#3315=FACE_BOUND('',#3316,.T.);
#3316=EDGE_LOOP('',(#3317,#3318,#3319));
#3317=ORIENTED_EDGE('',*,*,#3320,.T.);
#3318=ORIENTED_EDGE('',*,*,#3321,.T.);
#3319=ORIENTED_EDGE('',*,*,#3322,.T.);
#3320=EDGE_CURVE('',#299,#305,#3323,.F.);
#3321=EDGE_CURVE('',#305,#175,#3324,.T.);
#3322=EDGE_CURVE('',#175,#299,#3325,.T.);
#3323=LINE('',#298,#3326);
#3324=LINE('',#304,#3327);
#3325=LINE('',#174,#3328);
#3326=VECTOR('',#3329,1.0);
#3327=VECTOR('',#3330,1.0);
#3328=VECTOR('',#3331,1.0);
#3329=DIRECTION('',(-0.20395430265759665,-0.9789804096239381,0));
#3330=DIRECTION('',(0.012633915687945696,0.06064278024133506,0.9980795746727767));
#3331=DIRECTION('',(0,0,-1));
#3332=FACE_SURFACE('',(#3337),#3333,.T.);
#3333=PLANE('',#3334);
#3334=AXIS2_PLACEMENT_3D('',#300,#3335,#3336);
#3335=DIRECTION('',(-0.8320502654368682,0.5547002395766899,0));
#3336=DIRECTION('',(-0.5547002395766899,-0.8320502654368682,0));
#3337=FACE_BOUND('',#3338,.T.);
#3338=EDGE_LOOP('',(#3339,#3340,#3341));
#3339=ORIENTED_EDGE('',*,*,#3342,.T.);
#3340=ORIENTED_EDGE('',*,*,#3343,.T.);
#3341=ORIENTED_EDGE('',*,*,#3344,.T.);
#3342=EDGE_CURVE('',#301,#307,#3345,.F.);
#3343=EDGE_CURVE('',#307,#309,#3346,.T.);
#3344=EDGE_CURVE('',#309,#301,#3347,.T.);
#3345=LINE('',#300,#3348);
#3346=LINE('',#306,#3349);
#3347=LINE('',#308,#3350);
#3348=VECTOR('',#3351,1.0);
#3349=VECTOR('',#3352,1.0);
#3350=VECTOR('',#3353,1.0);
#3351=DIRECTION('',(-0.5547002395766899,-0.8320502654368682,0));
#3352=DIRECTION('',(0,0,1));
#3353=DIRECTION('',(0.15459725755916637,0.23189586016057992,-0.9603770082605942));
#3354=FACE_SURFACE('',(#3359),#3355,.T.);
#3355=PLANE('',#3356);
#3356=AXIS2_PLACEMENT_3D('',#300,#3357,#3358);
#3357=DIRECTION('',(-0.8320502654368682,0.5547002395766899,0));
#3358=DIRECTION('',(-0.15459725755916637,-0.23189586016057992,0.9603770082605942));
#3359=FACE_BOUND('',#3360,.T.);
#3360=EDGE_LOOP('',(#3361,#3362,#3363));
#3361=ORIENTED_EDGE('',*,*,#3364,.T.);
#3362=ORIENTED_EDGE('',*,*,#3365,.T.);
#3363=ORIENTED_EDGE('',*,*,#3366,.T.);
#3364=EDGE_CURVE('',#301,#309,#3367,.F.);
#3365=EDGE_CURVE('',#309,#303,#3368,.T.);
#3366=EDGE_CURVE('',#303,#301,#3369,.T.);
#3367=LINE('',#300,#3370);
#3368=LINE('',#308,#3371);
#3369=LINE('',#302,#3372);
#3370=VECTOR('',#3373,1.0);
#3371=VECTOR('',#3374,1.0);
#3372=VECTOR('',#3375,1.0);
#3373=DIRECTION('',(-0.15459725755916637,-0.23189586016057992,0.9603770082605942));
#3374=DIRECTION('',(0.5547002395766899,0.8320502654368682,0));
#3375=DIRECTION('',(0,0,-1));
#3376=FACE_SURFACE('',(#3381),#3377,.T.);
#3377=PLANE('',#3378);
#3378=AXIS2_PLACEMENT_3D('',#244,#3379,#3380);
#3379=DIRECTION('',(0,0,1));
#3380=DIRECTION('',(-0.44111819410600034,-0.8974490173980141,0));
#3381=FACE_BOUND('',#3382,.T.);
#3382=EDGE_LOOP('',(#3383,#3384,#3385));
#3383=ORIENTED_EDGE('',*,*,#3386,.T.);
#3384=ORIENTED_EDGE('',*,*,#3387,.T.);
#3385=ORIENTED_EDGE('',*,*,#3388,.T.);
#3386=EDGE_CURVE('',#245,#233,#3389,.F.);
#3387=EDGE_CURVE('',#233,#241,#3390,.T.);
#3388=EDGE_CURVE('',#241,#245,#3391,.T.);
#3389=LINE('',#244,#3392);
#3390=LINE('',#232,#3393);
#3391=LINE('',#240,#3394);
#3392=VECTOR('',#3395,1.0);
#3393=VECTOR('',#3396,1.0);
#3394=VECTOR('',#3397,1.0);
#3395=DIRECTION('',(-0.44111819410600034,-0.8974490173980141,0));
#3396=DIRECTION('',(0.9900255049598051,-0.1408882519200339,0));
#3397=DIRECTION('',(-0.923431442274318,0.38376343158145365,0));
#3398=FACE_SURFACE('',(#3403),#3399,.T.);
#3399=PLANE('',#3400);
#3400=AXIS2_PLACEMENT_3D('',#306,#3401,#3402);
#3401=DIRECTION('',(-0.8977274414529741,0.4405512919766514,0));
#3402=DIRECTION('',(-0.44055129197665144,-0.8977274414529742,0));
#3403=FACE_BOUND('',#3404,.T.);
#3404=EDGE_LOOP('',(#3405,#3406,#3407));
#3405=ORIENTED_EDGE('',*,*,#3408,.T.);
#3406=ORIENTED_EDGE('',*,*,#3409,.T.);
#3407=ORIENTED_EDGE('',*,*,#3410,.T.);
#3408=EDGE_CURVE('',#307,#311,#3411,.F.);
#3409=EDGE_CURVE('',#311,#313,#3412,.T.);
#3410=EDGE_CURVE('',#313,#307,#3413,.T.);
#3411=LINE('',#306,#3414);
#3412=LINE('',#310,#3415);
#3413=LINE('',#312,#3416);
#3414=VECTOR('',#3417,1.0);
#3415=VECTOR('',#3418,1.0);
#3416=VECTOR('',#3419,1.0);
#3417=DIRECTION('',(-0.44055129197665144,-0.8977274414529742,0));
#3418=DIRECTION('',(0,0,1));
#3419=DIRECTION('',(0.12403881594543086,0.25275842088655043,-0.9595454928297006));
#3420=FACE_SURFACE('',(#3425),#3421,.T.);
#3421=PLANE('',#3422);
#3422=AXIS2_PLACEMENT_3D('',#306,#3423,#3424);
#3423=DIRECTION('',(-0.8977274414529741,0.4405512919766514,0));
#3424=DIRECTION('',(-0.12403881594543086,-0.25275842088655043,0.9595454928297006));
#3425=FACE_BOUND('',#3426,.T.);
#3426=EDGE_LOOP('',(#3427,#3428,#3429));
#3427=ORIENTED_EDGE('',*,*,#3430,.T.);
#3428=ORIENTED_EDGE('',*,*,#3431,.T.);
#3429=ORIENTED_EDGE('',*,*,#3432,.T.);
#3430=EDGE_CURVE('',#307,#313,#3433,.F.);
#3431=EDGE_CURVE('',#313,#309,#3434,.T.);
#3432=EDGE_CURVE('',#309,#307,#3435,.T.);
#3433=LINE('',#306,#3436);
#3434=LINE('',#312,#3437);
#3435=LINE('',#308,#3438);
#3436=VECTOR('',#3439,1.0);
#3437=VECTOR('',#3440,1.0);
#3438=VECTOR('',#3441,1.0);
#3439=DIRECTION('',(-0.12403881594543086,-0.25275842088655043,0.9595454928297006));
#3440=DIRECTION('',(0.44055129197665144,0.8977274414529742,0));
#3441=DIRECTION('',(0,0,-1));
#3442=FACE_SURFACE('',(#3447),#3443,.T.);
#3443=PLANE('',#3444);
#3444=AXIS2_PLACEMENT_3D('',#314,#3445,#3446);
#3445=DIRECTION('',(0,-0,-1));
#3446=DIRECTION('',(0.32624839172885184,0.9452840773515323,0));
#3447=FACE_BOUND('',#3448,.T.);
#3448=EDGE_LOOP('',(#3449,#3450,#3451));
#3449=ORIENTED_EDGE('',*,*,#3452,.T.);
#3450=ORIENTED_EDGE('',*,*,#3453,.T.);
#3451=ORIENTED_EDGE('',*,*,#3454,.T.);
#3452=EDGE_CURVE('',#315,#311,#3455,.F.);
#3453=EDGE_CURVE('',#311,#317,#3456,.T.);
#3454=EDGE_CURVE('',#317,#315,#3457,.T.);
#3455=LINE('',#314,#3458);
#3456=LINE('',#310,#3459);
#3457=LINE('',#316,#3460);
#3458=VECTOR('',#3461,1.0);
#3459=VECTOR('',#3462,1.0);
#3460=VECTOR('',#3463,1.0);
#3461=DIRECTION('',(0.32624839172885184,0.9452840773515323,0));
#3462=DIRECTION('',(-0.25922374922699415,-0.9658172952669156,0));
#3463=DIRECTION('',(0.19131504886536743,0.9815286812302747,0));
#3464=FACE_SURFACE('',(#3469),#3465,.T.);
#3465=PLANE('',#3466);
#3466=AXIS2_PLACEMENT_3D('',#316,#3467,#3468);
#3467=DIRECTION('',(0,0,-1));
#3468=DIRECTION('',(0.25922374922699415,0.9658172952669156,0));
#3469=FACE_BOUND('',#3470,.T.);
#3470=EDGE_LOOP('',(#3471,#3472,#3473));
#3471=ORIENTED_EDGE('',*,*,#3474,.T.);
#3472=ORIENTED_EDGE('',*,*,#3475,.T.);
#3473=ORIENTED_EDGE('',*,*,#3476,.T.);
#3474=EDGE_CURVE('',#317,#311,#3477,.F.);
#3475=EDGE_CURVE('',#311,#307,#3478,.T.);
#3476=EDGE_CURVE('',#307,#317,#3479,.T.);
#3477=LINE('',#316,#3480);
#3478=LINE('',#310,#3481);
#3479=LINE('',#306,#3482);
#3480=VECTOR('',#3483,1.0);
#3481=VECTOR('',#3484,1.0);
#3482=VECTOR('',#3485,1.0);
#3483=DIRECTION('',(0.25922374922699415,0.9658172952669156,0));
#3484=DIRECTION('',(0.44055129197665144,0.8977274414529742,0));
#3485=DIRECTION('',(-0.3212516290775121,-0.9469938705266494,0));
#3486=FACE_SURFACE('',(#3491),#3487,.T.);
#3487=PLANE('',#3488);
#3488=AXIS2_PLACEMENT_3D('',#316,#3489,#3490);
#3489=DIRECTION('',(0,0,-1));
#3490=DIRECTION('',(0.3212516290775121,0.9469938705266494,0));
#3491=FACE_BOUND('',#3492,.T.);
#3492=EDGE_LOOP('',(#3493,#3494,#3495));
#3493=ORIENTED_EDGE('',*,*,#3496,.T.);
#3494=ORIENTED_EDGE('',*,*,#3497,.T.);
#3495=ORIENTED_EDGE('',*,*,#3498,.T.);
#3496=EDGE_CURVE('',#317,#307,#3499,.F.);
#3497=EDGE_CURVE('',#307,#301,#3500,.T.);
#3498=EDGE_CURVE('',#301,#317,#3501,.T.);
#3499=LINE('',#316,#3502);
#3500=LINE('',#306,#3503);
#3501=LINE('',#300,#3504);
#3502=VECTOR('',#3505,1.0);
#3503=VECTOR('',#3506,1.0);
#3504=VECTOR('',#3507,1.0);
#3505=DIRECTION('',(0.3212516290775121,0.9469938705266494,0));
#3506=DIRECTION('',(0.5547002395766899,0.8320502654368682,0));
#3507=DIRECTION('',(-0.3819169081034672,-0.9241966648417899,0));
#3508=FACE_SURFACE('',(#3513),#3509,.T.);
#3509=PLANE('',#3510);
#3510=AXIS2_PLACEMENT_3D('',#316,#3511,#3512);
#3511=DIRECTION('',(0,0,-1));
#3512=DIRECTION('',(0.3819169081034672,0.9241966648417899,0));
#3513=FACE_BOUND('',#3514,.T.);
#3514=EDGE_LOOP('',(#3515,#3516,#3517));
#3515=ORIENTED_EDGE('',*,*,#3518,.T.);
#3516=ORIENTED_EDGE('',*,*,#3519,.T.);
#3517=ORIENTED_EDGE('',*,*,#3520,.T.);
#3518=EDGE_CURVE('',#317,#301,#3521,.F.);
#3519=EDGE_CURVE('',#301,#295,#3522,.T.);
#3520=EDGE_CURVE('',#295,#317,#3523,.T.);
#3521=LINE('',#316,#3524);
#3522=LINE('',#300,#3525);
#3523=LINE('',#294,#3526);
#3524=VECTOR('',#3527,1.0);
#3525=VECTOR('',#3528,1.0);
#3526=VECTOR('',#3529,1.0);
#3527=DIRECTION('',(0.3819169081034672,0.9241966648417899,0));
#3528=DIRECTION('',(0.6596860749647889,0.751541271320179,0));
#3529=DIRECTION('',(-0.4417681960723074,-0.8971292331314478,0));
#3530=FACE_SURFACE('',(#3535),#3531,.T.);
#3531=PLANE('',#3532);
#3532=AXIS2_PLACEMENT_3D('',#316,#3533,#3534);
#3533=DIRECTION('',(0,0,-1));
#3534=DIRECTION('',(0.4417681960723074,0.8971292331314478,0));
#3535=FACE_BOUND('',#3536,.T.);
#3536=EDGE_LOOP('',(#3537,#3538,#3539));
#3537=ORIENTED_EDGE('',*,*,#3540,.T.);
#3538=ORIENTED_EDGE('',*,*,#3541,.T.);
#3539=ORIENTED_EDGE('',*,*,#3542,.T.);
#3540=EDGE_CURVE('',#317,#295,#3543,.F.);
#3541=EDGE_CURVE('',#295,#283,#3544,.T.);
#3542=EDGE_CURVE('',#283,#317,#3545,.T.);
#3543=LINE('',#316,#3546);
#3544=LINE('',#294,#3547);
#3545=LINE('',#282,#3548);
#3546=VECTOR('',#3549,1.0);
#3547=VECTOR('',#3550,1.0);
#3548=VECTOR('',#3551,1.0);
#3549=DIRECTION('',(0.4417681960723074,0.8971292331314478,0));
#3550=DIRECTION('',(0.7515412247093599,0.6596861280657305,0));
#3551=DIRECTION('',(-0.49951653319147,-0.8663043536011896,0));
#3552=FACE_SURFACE('',(#3557),#3553,.T.);
#3553=PLANE('',#3554);
#3554=AXIS2_PLACEMENT_3D('',#316,#3555,#3556);
#3555=DIRECTION('',(0,0,-1));
#3556=DIRECTION('',(0.49951653319147,0.8663043536011896,0));
#3557=FACE_BOUND('',#3558,.T.);
#3558=EDGE_LOOP('',(#3559,#3560,#3561));
#3559=ORIENTED_EDGE('',*,*,#3562,.T.);
#3560=ORIENTED_EDGE('',*,*,#3563,.T.);
#3561=ORIENTED_EDGE('',*,*,#3564,.T.);
#3562=EDGE_CURVE('',#317,#283,#3565,.F.);
#3563=EDGE_CURVE('',#283,#279,#3566,.T.);
#3564=EDGE_CURVE('',#279,#317,#3567,.T.);
#3565=LINE('',#316,#3568);
#3566=LINE('',#282,#3569);
#3567=LINE('',#278,#3570);
#3568=VECTOR('',#3571,1.0);
#3569=VECTOR('',#3572,1.0);
#3570=VECTOR('',#3573,1.0);
#3571=DIRECTION('',(0.49951653319147,0.8663043536011896,0));
#3572=DIRECTION('',(0.834609450015498,0.5508421424916834,0));
#3573=DIRECTION('',(-0.5558398756004079,-0.831289379634146,0));
#3574=FACE_SURFACE('',(#3579),#3575,.T.);
#3575=PLANE('',#3576);
#3576=AXIS2_PLACEMENT_3D('',#316,#3577,#3578);
#3577=DIRECTION('',(0,0,-1));
#3578=DIRECTION('',(0.5558398756004079,0.831289379634146,0));
#3579=FACE_BOUND('',#3580,.T.);
#3580=EDGE_LOOP('',(#3581,#3582,#3583));
#3581=ORIENTED_EDGE('',*,*,#3584,.T.);
#3582=ORIENTED_EDGE('',*,*,#3585,.T.);
#3583=ORIENTED_EDGE('',*,*,#3586,.T.);
#3584=EDGE_CURVE('',#317,#279,#3587,.F.);
#3585=EDGE_CURVE('',#279,#271,#3588,.T.);
#3586=EDGE_CURVE('',#271,#317,#3589,.T.);
#3587=LINE('',#316,#3590);
#3588=LINE('',#278,#3591);
#3589=LINE('',#270,#3592);
#3590=VECTOR('',#3593,1.0);
#3591=VECTOR('',#3594,1.0);
#3592=VECTOR('',#3595,1.0);
#3593=DIRECTION('',(0.5558398756004079,0.831289379634146,0));
#3594=DIRECTION('',(0.8960959412889052,0.44386041049585734,0));
#3595=DIRECTION('',(-0.6087068416103341,-0.7933952236916805,0));
#3596=FACE_SURFACE('',(#3601),#3597,.T.);
#3597=PLANE('',#3598);
#3598=AXIS2_PLACEMENT_3D('',#316,#3599,#3600);
#3599=DIRECTION('',(0,0,-1));
#3600=DIRECTION('',(0.6087068416103341,0.7933952236916805,0));
#3601=FACE_BOUND('',#3602,.T.);
#3602=EDGE_LOOP('',(#3603,#3604,#3605));
#3603=ORIENTED_EDGE('',*,*,#3606,.T.);
#3604=ORIENTED_EDGE('',*,*,#3607,.T.);
#3605=ORIENTED_EDGE('',*,*,#3608,.T.);
#3606=EDGE_CURVE('',#317,#271,#3609,.F.);
#3607=EDGE_CURVE('',#271,#257,#3610,.T.);
#3608=EDGE_CURVE('',#257,#317,#3611,.T.);
#3609=LINE('',#316,#3612);
#3610=LINE('',#270,#3613);
#3611=LINE('',#256,#3614);
#3612=VECTOR('',#3615,1.0);
#3613=VECTOR('',#3616,1.0);
#3614=VECTOR('',#3617,1.0);
#3615=DIRECTION('',(0.6087068416103341,0.7933952236916805,0));
#3616=DIRECTION('',(0.9452839377837652,0.32624879611734786,0));
#3617=DIRECTION('',(-0.6588526221204902,-0.7522720401058081,0));
#3618=FACE_SURFACE('',(#3623),#3619,.T.);
#3619=PLANE('',#3620);
#3620=AXIS2_PLACEMENT_3D('',#316,#3621,#3622);
#3621=DIRECTION('',(0,0,-1));
#3622=DIRECTION('',(0.6588526221204902,0.7522720401058081,0));
#3623=FACE_BOUND('',#3624,.T.);
#3624=EDGE_LOOP('',(#3625,#3626,#3627));
#3625=ORIENTED_EDGE('',*,*,#3628,.T.);
#3626=ORIENTED_EDGE('',*,*,#3629,.T.);
#3627=ORIENTED_EDGE('',*,*,#3630,.T.);
#3628=EDGE_CURVE('',#317,#257,#3631,.F.);
#3629=EDGE_CURVE('',#257,#219,#3632,.T.);
#3630=EDGE_CURVE('',#219,#317,#3633,.T.);
#3631=LINE('',#316,#3634);
#3632=LINE('',#256,#3635);
#3633=LINE('',#218,#3636);
#3634=VECTOR('',#3637,1.0);
#3635=VECTOR('',#3638,1.0);
#3636=VECTOR('',#3639,1.0);
#3637=DIRECTION('',(0.6588526221204902,0.7522720401058081,0));
#3638=DIRECTION('',(0.9815287131596976,0.19131488505358935,0));
#3639=DIRECTION('',(-0.7071067882901367,-0.7071067740829582,0));
#3640=FACE_SURFACE('',(#3645),#3641,.T.);
#3641=PLANE('',#3642);
#3642=AXIS2_PLACEMENT_3D('',#316,#3643,#3644);
#3643=DIRECTION('',(0,0,-1));
#3644=DIRECTION('',(0.7071067882901367,0.7071067740829582,0));
#3645=FACE_BOUND('',#3646,.T.);
#3646=EDGE_LOOP('',(#3647,#3648,#3649));
#3647=ORIENTED_EDGE('',*,*,#3650,.T.);
#3648=ORIENTED_EDGE('',*,*,#3651,.T.);
#3649=ORIENTED_EDGE('',*,*,#3652,.T.);
#3650=EDGE_CURVE('',#317,#219,#3653,.F.);
#3651=EDGE_CURVE('',#219,#213,#3654,.T.);
#3652=EDGE_CURVE('',#213,#317,#3655,.T.);
#3653=LINE('',#316,#3656);
#3654=LINE('',#218,#3657);
#3655=LINE('',#212,#3658);
#3656=VECTOR('',#3659,1.0);
#3657=VECTOR('',#3660,1.0);
#3658=VECTOR('',#3661,1.0);
#3659=DIRECTION('',(0.7071067882901367,0.7071067740829582,0));
#3660=DIRECTION('',(0.9977478949660946,0.06707561472492926,0));
#3661=DIRECTION('',(-0.7516005420900913,-0.6596185451682518,0));
#3662=FACE_SURFACE('',(#3667),#3663,.T.);
#3663=PLANE('',#3664);
#3664=AXIS2_PLACEMENT_3D('',#316,#3665,#3666);
#3665=DIRECTION('',(0,0,-1));
#3666=DIRECTION('',(0.7516005420900913,0.6596185451682518,0));
#3667=FACE_BOUND('',#3668,.T.);
#3668=EDGE_LOOP('',(#3669,#3670,#3671));
#3669=ORIENTED_EDGE('',*,*,#3672,.T.);
#3670=ORIENTED_EDGE('',*,*,#3673,.T.);
#3671=ORIENTED_EDGE('',*,*,#3674,.T.);
#3672=EDGE_CURVE('',#317,#213,#3675,.F.);
#3673=EDGE_CURVE('',#213,#205,#3676,.T.);
#3674=EDGE_CURVE('',#205,#317,#3677,.T.);
#3675=LINE('',#316,#3678);
#3676=LINE('',#212,#3679);
#3677=LINE('',#204,#3680);
#3678=VECTOR('',#3681,1.0);
#3679=VECTOR('',#3682,1.0);
#3680=VECTOR('',#3683,1.0);
#3681=DIRECTION('',(0.7516005420900913,0.6596185451682518,0));
#3682=DIRECTION('',(0.9977478949660946,-0.06707561472492926,0));
#3683=DIRECTION('',(-0.7930835480478097,-0.6091128678790964,0));
#3684=FACE_SURFACE('',(#3689),#3685,.T.);
#3685=PLANE('',#3686);
#3686=AXIS2_PLACEMENT_3D('',#310,#3687,#3688);
#3687=DIRECTION('',(-0.9452840773515323,0.32624839172885184,0));
#3688=DIRECTION('',(-0.32624839172885184,-0.9452840773515323,0));
#3689=FACE_BOUND('',#3690,.T.);
#3690=EDGE_LOOP('',(#3691,#3692,#3693));
#3691=ORIENTED_EDGE('',*,*,#3694,.T.);
#3692=ORIENTED_EDGE('',*,*,#3695,.T.);
#3693=ORIENTED_EDGE('',*,*,#3696,.T.);
#3694=EDGE_CURVE('',#311,#315,#3697,.F.);
#3695=EDGE_CURVE('',#315,#319,#3698,.T.);
#3696=EDGE_CURVE('',#319,#311,#3699,.T.);
#3697=LINE('',#310,#3700);
#3698=LINE('',#314,#3701);
#3699=LINE('',#318,#3702);
#3700=VECTOR('',#3703,1.0);
#3701=VECTOR('',#3704,1.0);
#3702=VECTOR('',#3705,1.0);
#3703=DIRECTION('',(-0.32624839172885184,-0.9452840773515323,0));
#3704=DIRECTION('',(0,0,1));
#3705=DIRECTION('',(0.09131962054876844,0.2645928238821127,-0.9600267519464852));
#3706=FACE_SURFACE('',(#3711),#3707,.T.);
#3707=PLANE('',#3708);
#3708=AXIS2_PLACEMENT_3D('',#310,#3709,#3710);
#3709=DIRECTION('',(-0.9452840773515323,0.32624839172885184,0));
#3710=DIRECTION('',(-0.09131962054876844,-0.2645928238821127,0.9600267519464852));
#3711=FACE_BOUND('',#3712,.T.);
#3712=EDGE_LOOP('',(#3713,#3714,#3715));
#3713=ORIENTED_EDGE('',*,*,#3716,.T.);
#3714=ORIENTED_EDGE('',*,*,#3717,.T.);
#3715=ORIENTED_EDGE('',*,*,#3718,.T.);
#3716=EDGE_CURVE('',#311,#319,#3719,.F.);
#3717=EDGE_CURVE('',#319,#313,#3720,.T.);
#3718=EDGE_CURVE('',#313,#311,#3721,.T.);
#3719=LINE('',#310,#3722);
#3720=LINE('',#318,#3723);
#3721=LINE('',#312,#3724);
#3722=VECTOR('',#3725,1.0);
#3723=VECTOR('',#3726,1.0);
#3724=VECTOR('',#3727,1.0);
#3725=DIRECTION('',(-0.09131962054876844,-0.2645928238821127,0.9600267519464852));
#3726=DIRECTION('',(0.32624839172885184,0.9452840773515323,0));
#3727=DIRECTION('',(0,0,-1));
#3728=FACE_SURFACE('',(#3733),#3729,.T.);
#3729=PLANE('',#3730);
#3730=AXIS2_PLACEMENT_3D('',#246,#3731,#3732);
#3731=DIRECTION('',(0,0,1));
#3732=DIRECTION('',(-0.3208072444777805,-0.9471445042286701,0));
#3733=FACE_BOUND('',#3734,.T.);
#3734=EDGE_LOOP('',(#3735,#3736,#3737));
#3735=ORIENTED_EDGE('',*,*,#3738,.T.);
#3736=ORIENTED_EDGE('',*,*,#3739,.T.);
#3737=ORIENTED_EDGE('',*,*,#3740,.T.);
#3738=EDGE_CURVE('',#247,#245,#3741,.F.);
#3739=EDGE_CURVE('',#245,#243,#3742,.T.);
#3740=EDGE_CURVE('',#243,#247,#3743,.T.);
#3741=LINE('',#246,#3744);
#3742=LINE('',#244,#3745);
#3743=LINE('',#242,#3746);
#3744=VECTOR('',#3747,1.0);
#3745=VECTOR('',#3748,1.0);
#3746=VECTOR('',#3749,1.0);
#3747=DIRECTION('',(-0.3208072444777805,-0.9471445042286701,0));
#3748=DIRECTION('',(0.9999344525549533,-0.01144948005919134,0));
#3749=DIRECTION('',(-0.9654996377069547,0.2604043962527114,0));
#3750=FACE_SURFACE('',(#3755),#3751,.T.);
#3751=PLANE('',#3752);
#3752=AXIS2_PLACEMENT_3D('',#314,#3753,#3754);
#3753=DIRECTION('',(-0.9815286812302746,0.1913150488653674,0));
#3754=DIRECTION('',(-0.19131504886536743,-0.9815286812302747,0));
#3755=FACE_BOUND('',#3756,.T.);
#3756=EDGE_LOOP('',(#3757,#3758,#3759));
#3757=ORIENTED_EDGE('',*,*,#3760,.T.);
#3758=ORIENTED_EDGE('',*,*,#3761,.T.);
#3759=ORIENTED_EDGE('',*,*,#3762,.T.);
#3760=EDGE_CURVE('',#315,#317,#3763,.F.);
#3761=EDGE_CURVE('',#317,#321,#3764,.T.);
#3762=EDGE_CURVE('',#321,#315,#3765,.T.);
#3763=LINE('',#314,#3766);
#3764=LINE('',#316,#3767);
#3765=LINE('',#320,#3768);
#3766=VECTOR('',#3769,1.0);
#3767=VECTOR('',#3770,1.0);
#3768=VECTOR('',#3771,1.0);
#3769=DIRECTION('',(-0.19131504886536743,-0.9815286812302747,0));
#3770=DIRECTION('',(0,0,1));
#3771=DIRECTION('',(0.05383111315462284,0.2761768183798079,-0.9595981326816664));
#3772=FACE_SURFACE('',(#3777),#3773,.T.);
#3773=PLANE('',#3774);
#3774=AXIS2_PLACEMENT_3D('',#314,#3775,#3776);
#3775=DIRECTION('',(-0.9815286812302746,0.1913150488653674,0));
#3776=DIRECTION('',(-0.05383111315462284,-0.2761768183798079,0.9595981326816664));
#3777=FACE_BOUND('',#3778,.T.);
#3778=EDGE_LOOP('',(#3779,#3780,#3781));
#3779=ORIENTED_EDGE('',*,*,#3782,.T.);
#3780=ORIENTED_EDGE('',*,*,#3783,.T.);
#3781=ORIENTED_EDGE('',*,*,#3784,.T.);
#3782=EDGE_CURVE('',#315,#321,#3785,.F.);
#3783=EDGE_CURVE('',#321,#319,#3786,.T.);
#3784=EDGE_CURVE('',#319,#315,#3787,.T.);
#3785=LINE('',#314,#3788);
#3786=LINE('',#320,#3789);
#3787=LINE('',#318,#3790);
#3788=VECTOR('',#3791,1.0);
#3789=VECTOR('',#3792,1.0);
#3790=VECTOR('',#3793,1.0);
#3791=DIRECTION('',(-0.05383111315462284,-0.2761768183798079,0.9595981326816664));
#3792=DIRECTION('',(0.19131504886536743,0.9815286812302747,0));
#3793=DIRECTION('',(0,0,-1));
#3794=FACE_SURFACE('',(#3799),#3795,.T.);
#3795=PLANE('',#3796);
#3796=AXIS2_PLACEMENT_3D('',#48,#3797,#3798);
#3797=DIRECTION('',(-0.9977479038500814,0.06707548257574335,0));
#3798=DIRECTION('',(0.06707548257574335,0.9977479038500814,0));
#3799=FACE_BOUND('',#3800,.T.);
#3800=EDGE_LOOP('',(#3801,#3802,#3803));
#3801=ORIENTED_EDGE('',*,*,#3804,.T.);
#3802=ORIENTED_EDGE('',*,*,#3805,.T.);
#3803=ORIENTED_EDGE('',*,*,#3806,.T.);
#3804=EDGE_CURVE('',#49,#321,#3807,.F.);
#3805=EDGE_CURVE('',#321,#317,#3808,.T.);
#3806=EDGE_CURVE('',#317,#49,#3809,.T.);
#3807=LINE('',#48,#3810);
#3808=LINE('',#320,#3811);
#3809=LINE('',#316,#3812);
#3810=VECTOR('',#3813,1.0);
#3811=VECTOR('',#3814,1.0);
#3812=VECTOR('',#3815,1.0);
#3813=DIRECTION('',(0.06707548257574335,0.9977479038500814,0));
#3814=DIRECTION('',(0,0,-1));
#3815=DIRECTION('',(-0.018735569337155856,-0.27869162197194897,0.9601978745468337));
#3816=FACE_SURFACE('',(#3821),#3817,.T.);
#3817=PLANE('',#3818);
#3818=AXIS2_PLACEMENT_3D('',#322,#3819,#3820);
#3819=DIRECTION('',(-0.31622781161839664,-0.9486832828499929,0));
#3820=DIRECTION('',(0,0,1));
#3821=FACE_BOUND('',#3822,.T.);
#3822=EDGE_LOOP('',(#3823,#3824,#3825));
#3823=ORIENTED_EDGE('',*,*,#3826,.T.);
#3824=ORIENTED_EDGE('',*,*,#3827,.T.);
#3825=ORIENTED_EDGE('',*,*,#3828,.T.);
#3826=EDGE_CURVE('',#323,#325,#3829,.F.);
#3827=EDGE_CURVE('',#325,#327,#3830,.T.);
#3828=EDGE_CURVE('',#327,#323,#3831,.T.);
#3829=LINE('',#322,#3832);
#3830=LINE('',#324,#3833);
#3831=LINE('',#326,#3834);
#3832=VECTOR('',#3835,1.0);
#3833=VECTOR('',#3836,1.0);
#3834=VECTOR('',#3837,1.0);
#3835=DIRECTION('',(0,0,1));
#3836=DIRECTION('',(-0.9486832828499929,0.31622781161839664,0));
#3837=DIRECTION('',(0.05874778712785845,-0.01958259884695746,-0.9980807679391379));
#3838=FACE_SURFACE('',(#3843),#3839,.T.);
#3839=PLANE('',#3840);
#3840=AXIS2_PLACEMENT_3D('',#228,#3841,#3842);
#3841=DIRECTION('',(0,-0,1));
#3842=DIRECTION('',(1,0,0));
#3843=FACE_BOUND('',#3844,.T.);
#3844=EDGE_LOOP('',(#3845,#3846,#3847));
#3845=ORIENTED_EDGE('',*,*,#3848,.T.);
#3846=ORIENTED_EDGE('',*,*,#3849,.T.);
#3847=ORIENTED_EDGE('',*,*,#3850,.T.);
#3848=EDGE_CURVE('',#229,#223,#3851,.F.);
#3849=EDGE_CURVE('',#223,#227,#3852,.T.);
#3850=EDGE_CURVE('',#227,#229,#3853,.T.);
#3851=LINE('',#228,#3854);
#3852=LINE('',#222,#3855);
#3853=LINE('',#226,#3856);
#3854=VECTOR('',#3857,1.0);
#3855=VECTOR('',#3858,1.0);
#3856=VECTOR('',#3859,1.0);
#3857=DIRECTION('',(1,0,0));
#3858=DIRECTION('',(-0.9687813940069315,0.24791653963781135,0));
#3859=DIRECTION('',(0.06142148335875533,-0.9981119182646854,0));
#3860=FACE_SURFACE('',(#3865),#3861,.T.);
#3861=PLANE('',#3862);
#3862=AXIS2_PLACEMENT_3D('',#62,#3863,#3864);
#3863=DIRECTION('',(0.1913150488653674,-0.9815286812302746,0));
#3864=DIRECTION('',(0.9815286812302747,0.19131504886536743,0));
#3865=FACE_BOUND('',#3866,.T.);
#3866=EDGE_LOOP('',(#3867,#3868,#3869));
#3867=ORIENTED_EDGE('',*,*,#3870,.T.);
#3868=ORIENTED_EDGE('',*,*,#3871,.T.);
#3869=ORIENTED_EDGE('',*,*,#3872,.T.);
#3870=EDGE_CURVE('',#63,#329,#3873,.F.);
#3871=EDGE_CURVE('',#329,#331,#3874,.T.);
#3872=EDGE_CURVE('',#331,#63,#3875,.T.);
#3873=LINE('',#62,#3876);
#3874=LINE('',#328,#3877);
#3875=LINE('',#330,#3878);
#3876=VECTOR('',#3879,1.0);
#3877=VECTOR('',#3880,1.0);
#3878=VECTOR('',#3881,1.0);
#3879=DIRECTION('',(0.9815286812302747,0.19131504886536743,0));
#3880=DIRECTION('',(0,0,1));
#3881=DIRECTION('',(-0.2761768183798079,-0.05383111315462284,-0.9595981326816664));
#3882=FACE_SURFACE('',(#3887),#3883,.T.);
#3883=PLANE('',#3884);
#3884=AXIS2_PLACEMENT_3D('',#62,#3885,#3886);
#3885=DIRECTION('',(0.1913150488653674,-0.9815286812302746,0));
#3886=DIRECTION('',(0.2761768183798079,0.05383111315462284,0.9595981326816664));
#3887=FACE_BOUND('',#3888,.T.);
#3888=EDGE_LOOP('',(#3889,#3890,#3891));
#3889=ORIENTED_EDGE('',*,*,#3892,.T.);
#3890=ORIENTED_EDGE('',*,*,#3893,.T.);
#3891=ORIENTED_EDGE('',*,*,#3894,.T.);
#3892=EDGE_CURVE('',#63,#331,#3895,.F.);
#3893=EDGE_CURVE('',#331,#333,#3896,.T.);
#3894=EDGE_CURVE('',#333,#63,#3897,.T.);
#3895=LINE('',#62,#3898);
#3896=LINE('',#330,#3899);
#3897=LINE('',#332,#3900);
#3898=VECTOR('',#3901,1.0);
#3899=VECTOR('',#3902,1.0);
#3900=VECTOR('',#3903,1.0);
#3901=DIRECTION('',(0.2761768183798079,0.05383111315462284,0.9595981326816664));
#3902=DIRECTION('',(-0.9815286812302747,-0.19131504886536743,0));
#3903=DIRECTION('',(0,0,-1));
#3904=FACE_SURFACE('',(#3909),#3905,.T.);
#3905=PLANE('',#3906);
#3906=AXIS2_PLACEMENT_3D('',#328,#3907,#3908);
#3907=DIRECTION('',(0.32624839172885184,-0.9452840773515323,0));
#3908=DIRECTION('',(0.9452840773515323,0.32624839172885184,0));
#3909=FACE_BOUND('',#3910,.T.);
#3910=EDGE_LOOP('',(#3911,#3912,#3913));
#3911=ORIENTED_EDGE('',*,*,#3914,.T.);
#3912=ORIENTED_EDGE('',*,*,#3915,.T.);
#3913=ORIENTED_EDGE('',*,*,#3916,.T.);
#3914=EDGE_CURVE('',#329,#335,#3917,.F.);
#3915=EDGE_CURVE('',#335,#337,#3918,.T.);
#3916=EDGE_CURVE('',#337,#329,#3919,.T.);
#3917=LINE('',#328,#3920);
#3918=LINE('',#334,#3921);
#3919=LINE('',#336,#3922);
#3920=VECTOR('',#3923,1.0);
#3921=VECTOR('',#3924,1.0);
#3922=VECTOR('',#3925,1.0);
#3923=DIRECTION('',(0.9452840773515323,0.32624839172885184,0));
#3924=DIRECTION('',(0,0,1));
#3925=DIRECTION('',(-0.2645928238821127,-0.09131962054876844,-0.9600267519464852));
#3926=FACE_SURFACE('',(#3931),#3927,.T.);
#3927=PLANE('',#3928);
#3928=AXIS2_PLACEMENT_3D('',#328,#3929,#3930);
#3929=DIRECTION('',(0.32624839172885184,-0.9452840773515323,0));
#3930=DIRECTION('',(0.2645928238821127,0.09131962054876844,0.9600267519464852));
#3931=FACE_BOUND('',#3932,.T.);
#3932=EDGE_LOOP('',(#3933,#3934,#3935));
#3933=ORIENTED_EDGE('',*,*,#3936,.T.);
#3934=ORIENTED_EDGE('',*,*,#3937,.T.);
#3935=ORIENTED_EDGE('',*,*,#3938,.T.);
#3936=EDGE_CURVE('',#329,#337,#3939,.F.);
#3937=EDGE_CURVE('',#337,#331,#3940,.T.);
#3938=EDGE_CURVE('',#331,#329,#3941,.T.);
#3939=LINE('',#328,#3942);
#3940=LINE('',#336,#3943);
#3941=LINE('',#330,#3944);
#3942=VECTOR('',#3945,1.0);
#3943=VECTOR('',#3946,1.0);
#3944=VECTOR('',#3947,1.0);
#3945=DIRECTION('',(0.2645928238821127,0.09131962054876844,0.9600267519464852));
#3946=DIRECTION('',(-0.9452840773515323,-0.32624839172885184,0));
#3947=DIRECTION('',(0,0,-1));
#3948=FACE_SURFACE('',(#3953),#3949,.T.);
#3949=PLANE('',#3950);
#3950=AXIS2_PLACEMENT_3D('',#324,#3951,#3952);
#3951=DIRECTION('',(-0.20395418129365,-0.978980434908092,-0));
#3952=DIRECTION('',(0,0,-1));
#3953=FACE_BOUND('',#3954,.T.);
#3954=EDGE_LOOP('',(#3955,#3956,#3957));
#3955=ORIENTED_EDGE('',*,*,#3958,.T.);
#3956=ORIENTED_EDGE('',*,*,#3959,.T.);
#3957=ORIENTED_EDGE('',*,*,#3960,.T.);
#3958=EDGE_CURVE('',#325,#323,#3961,.F.);
#3959=EDGE_CURVE('',#323,#339,#3962,.T.);
#3960=EDGE_CURVE('',#339,#325,#3963,.T.);
#3961=LINE('',#324,#3964);
#3962=LINE('',#322,#3965);
#3963=LINE('',#338,#3966);
#3964=VECTOR('',#3967,1.0);
#3965=VECTOR('',#3968,1.0);
#3966=VECTOR('',#3969,1.0);
#3967=DIRECTION('',(0,0,-1));
#3968=DIRECTION('',(0.9789804349080921,-0.20395418129365003,0));
#3969=DIRECTION('',(-0.0606428177548786,0.012633915659098383,0.9980795723938385));
#3970=FACE_SURFACE('',(#3975),#3971,.T.);
#3971=PLANE('',#3972);
#3972=AXIS2_PLACEMENT_3D('',#112,#3973,#3974);
#3973=DIRECTION('',(0.557034979892484,-0.8304890313400775,0));
#3974=DIRECTION('',(0,0,1));
#3975=FACE_BOUND('',#3976,.T.);
#3976=EDGE_LOOP('',(#3977,#3978,#3979));
#3977=ORIENTED_EDGE('',*,*,#3980,.T.);
#3978=ORIENTED_EDGE('',*,*,#3981,.T.);
#3979=ORIENTED_EDGE('',*,*,#3982,.T.);
#3980=EDGE_CURVE('',#113,#193,#3983,.F.);
#3981=EDGE_CURVE('',#193,#197,#3984,.T.);
#3982=EDGE_CURVE('',#197,#113,#3985,.T.);
#3983=LINE('',#112,#3986);
#3984=LINE('',#192,#3987);
#3985=LINE('',#196,#3988);
#3986=VECTOR('',#3989,1.0);
#3987=VECTOR('',#3990,1.0);
#3988=VECTOR('',#3991,1.0);
#3989=DIRECTION('',(0,0,1));
#3990=DIRECTION('',(-0.8304890313400773,-0.557034979892484,0));
#3991=DIRECTION('',(0.05179770138544097,0.03474233910489893,-0.998053088770685));
#3992=FACE_SURFACE('',(#3997),#3993,.T.);
#3993=PLANE('',#3994);
#3994=AXIS2_PLACEMENT_3D('',#334,#3995,#3996);
#3995=DIRECTION('',(0.4405512919766514,-0.8977274414529741,0));
#3996=DIRECTION('',(0.8977274414529742,0.44055129197665144,0));
#3997=FACE_BOUND('',#3998,.T.);
#3998=EDGE_LOOP('',(#3999,#4000,#4001));
#3999=ORIENTED_EDGE('',*,*,#4002,.T.);
#4000=ORIENTED_EDGE('',*,*,#4003,.T.);
#4001=ORIENTED_EDGE('',*,*,#4004,.T.);
#4002=EDGE_CURVE('',#335,#341,#4005,.F.);
#4003=EDGE_CURVE('',#341,#343,#4006,.T.);
#4004=EDGE_CURVE('',#343,#335,#4007,.T.);
#4005=LINE('',#334,#4008);
#4006=LINE('',#340,#4009);
#4007=LINE('',#342,#4010);
#4008=VECTOR('',#4011,1.0);
#4009=VECTOR('',#4012,1.0);
#4010=VECTOR('',#4013,1.0);
#4011=DIRECTION('',(0.8977274414529742,0.44055129197665144,0));
#4012=DIRECTION('',(0,0,1));
#4013=DIRECTION('',(-0.25275842088655043,-0.12403881594543086,-0.9595454928297006));
#4014=FACE_SURFACE('',(#4019),#4015,.T.);
#4015=PLANE('',#4016);
#4016=AXIS2_PLACEMENT_3D('',#334,#4017,#4018);
#4017=DIRECTION('',(0.4405512919766514,-0.8977274414529741,0));
#4018=DIRECTION('',(0.25275842088655043,0.12403881594543086,0.9595454928297006));
#4019=FACE_BOUND('',#4020,.T.);
#4020=EDGE_LOOP('',(#4021,#4022,#4023));
#4021=ORIENTED_EDGE('',*,*,#4024,.T.);
#4022=ORIENTED_EDGE('',*,*,#4025,.T.);
#4023=ORIENTED_EDGE('',*,*,#4026,.T.);
#4024=EDGE_CURVE('',#335,#343,#4027,.F.);
#4025=EDGE_CURVE('',#343,#337,#4028,.T.);
#4026=EDGE_CURVE('',#337,#335,#4029,.T.);
#4027=LINE('',#334,#4030);
#4028=LINE('',#342,#4031);
#4029=LINE('',#336,#4032);
#4030=VECTOR('',#4033,1.0);
#4031=VECTOR('',#4034,1.0);
#4032=VECTOR('',#4035,1.0);
#4033=DIRECTION('',(0.25275842088655043,0.12403881594543086,0.9595454928297006));
#4034=DIRECTION('',(-0.8977274414529742,-0.44055129197665144,0));
#4035=DIRECTION('',(0,0,-1));
#4036=FACE_SURFACE('',(#4041),#4037,.T.);
#4037=PLANE('',#4038);
#4038=AXIS2_PLACEMENT_3D('',#250,#4039,#4040);
#4039=DIRECTION('',(0.6649982242549562,-0.7468449382152595,0));
#4040=DIRECTION('',(0,0,1));
#4041=FACE_BOUND('',#4042,.T.);
#4042=EDGE_LOOP('',(#4043,#4044,#4045));
#4043=ORIENTED_EDGE('',*,*,#4046,.T.);
#4044=ORIENTED_EDGE('',*,*,#4047,.T.);
#4045=ORIENTED_EDGE('',*,*,#4048,.T.);
#4046=EDGE_CURVE('',#251,#189,#4049,.F.);
#4047=EDGE_CURVE('',#189,#193,#4050,.T.);
#4048=EDGE_CURVE('',#193,#251,#4051,.T.);
#4049=LINE('',#250,#4052);
#4050=LINE('',#188,#4053);
#4051=LINE('',#192,#4054);
#4052=VECTOR('',#4055,1.0);
#4053=VECTOR('',#4056,1.0);
#4054=VECTOR('',#4057,1.0);
#4055=DIRECTION('',(0,0,1));
#4056=DIRECTION('',(-0.7468449382152597,-0.6649982242549564,0));
#4057=DIRECTION('',(0.04611441854311004,0.04106074082392627,-0.9980919175934756));
#4058=FACE_SURFACE('',(#4063),#4059,.T.);
#4059=PLANE('',#4060);
#4060=AXIS2_PLACEMENT_3D('',#250,#4061,#4062);
#4061=DIRECTION('',(0.6649982242549562,-0.7468449382152595,0));
#4062=DIRECTION('',(-0.04611441854311004,-0.04106074082392627,0.9980919175934756));
#4063=FACE_BOUND('',#4064,.T.);
#4064=EDGE_LOOP('',(#4065,#4066,#4067));
#4065=ORIENTED_EDGE('',*,*,#4068,.T.);
#4066=ORIENTED_EDGE('',*,*,#4069,.T.);
#4067=ORIENTED_EDGE('',*,*,#4070,.T.);
#4068=EDGE_CURVE('',#251,#193,#4071,.F.);
#4069=EDGE_CURVE('',#193,#113,#4072,.T.);
#4070=EDGE_CURVE('',#113,#251,#4073,.T.);
#4071=LINE('',#250,#4074);
#4072=LINE('',#192,#4075);
#4073=LINE('',#112,#4076);
#4074=VECTOR('',#4077,1.0);
#4075=VECTOR('',#4078,1.0);
#4076=VECTOR('',#4079,1.0);
#4077=DIRECTION('',(-0.04611441854311004,-0.04106074082392627,0.9980919175934756));
#4078=DIRECTION('',(0,0,-1));
#4079=DIRECTION('',(0.7468449382152597,0.6649982242549564,0));
#4080=FACE_SURFACE('',(#4085),#4081,.T.);
#4081=PLANE('',#4082);
#4082=AXIS2_PLACEMENT_3D('',#340,#4083,#4084);
#4083=DIRECTION('',(0.5547002395766899,-0.8320502654368682,0));
#4084=DIRECTION('',(0.8320502654368682,0.5547002395766899,0));
#4085=FACE_BOUND('',#4086,.T.);
#4086=EDGE_LOOP('',(#4087,#4088,#4089));
#4087=ORIENTED_EDGE('',*,*,#4090,.T.);
#4088=ORIENTED_EDGE('',*,*,#4091,.T.);
#4089=ORIENTED_EDGE('',*,*,#4092,.T.);
#4090=EDGE_CURVE('',#341,#345,#4093,.F.);
#4091=EDGE_CURVE('',#345,#347,#4094,.T.);
#4092=EDGE_CURVE('',#347,#341,#4095,.T.);
#4093=LINE('',#340,#4096);
#4094=LINE('',#344,#4097);
#4095=LINE('',#346,#4098);
#4096=VECTOR('',#4099,1.0);
#4097=VECTOR('',#4100,1.0);
#4098=VECTOR('',#4101,1.0);
#4099=DIRECTION('',(0.8320502654368682,0.5547002395766899,0));
#4100=DIRECTION('',(0,0,1));
#4101=DIRECTION('',(-0.23189586016057992,-0.15459725755916637,-0.9603770082605942));
#4102=FACE_SURFACE('',(#4107),#4103,.T.);
#4103=PLANE('',#4104);
#4104=AXIS2_PLACEMENT_3D('',#340,#4105,#4106);
#4105=DIRECTION('',(0.5547002395766899,-0.8320502654368682,0));
#4106=DIRECTION('',(0.23189586016057992,0.15459725755916637,0.9603770082605942));
#4107=FACE_BOUND('',#4108,.T.);
#4108=EDGE_LOOP('',(#4109,#4110,#4111));
#4109=ORIENTED_EDGE('',*,*,#4112,.T.);
#4110=ORIENTED_EDGE('',*,*,#4113,.T.);
#4111=ORIENTED_EDGE('',*,*,#4114,.T.);
#4112=EDGE_CURVE('',#341,#347,#4115,.F.);
#4113=EDGE_CURVE('',#347,#343,#4116,.T.);
#4114=EDGE_CURVE('',#343,#341,#4117,.T.);
#4115=LINE('',#340,#4118);
#4116=LINE('',#346,#4119);
#4117=LINE('',#342,#4120);
#4118=VECTOR('',#4121,1.0);
#4119=VECTOR('',#4122,1.0);
#4120=VECTOR('',#4123,1.0);
#4121=DIRECTION('',(0.23189586016057992,0.15459725755916637,0.9603770082605942));
#4122=DIRECTION('',(-0.8320502654368682,-0.5547002395766899,0));
#4123=DIRECTION('',(0,0,-1));
#4124=FACE_SURFACE('',(#4129),#4125,.T.);
#4125=PLANE('',#4126);
#4126=AXIS2_PLACEMENT_3D('',#344,#4127,#4128);
#4127=DIRECTION('',(0.6596860749647889,-0.751541271320179,0));
#4128=DIRECTION('',(0.751541271320179,0.6596860749647889,0));
#4129=FACE_BOUND('',#4130,.T.);
#4130=EDGE_LOOP('',(#4131,#4132,#4133));
#4131=ORIENTED_EDGE('',*,*,#4134,.T.);
#4132=ORIENTED_EDGE('',*,*,#4135,.T.);
#4133=ORIENTED_EDGE('',*,*,#4136,.T.);
#4134=EDGE_CURVE('',#345,#349,#4137,.F.);
#4135=EDGE_CURVE('',#349,#351,#4138,.T.);
#4136=EDGE_CURVE('',#351,#345,#4139,.T.);
#4137=LINE('',#344,#4140);
#4138=LINE('',#348,#4141);
#4139=LINE('',#350,#4142);
#4140=VECTOR('',#4143,1.0);
#4141=VECTOR('',#4144,1.0);
#4142=VECTOR('',#4145,1.0);
#4143=DIRECTION('',(0.751541271320179,0.6596860749647889,0));
#4144=DIRECTION('',(0,0,1));
#4145=DIRECTION('',(-0.21070820273458424,-0.1849549353167116,-0.9598925591973053));
#4146=FACE_SURFACE('',(#4151),#4147,.T.);
#4147=PLANE('',#4148);
#4148=AXIS2_PLACEMENT_3D('',#344,#4149,#4150);
#4149=DIRECTION('',(0.6596860749647889,-0.751541271320179,0));
#4150=DIRECTION('',(0.21070820273458424,0.1849549353167116,0.9598925591973053));
#4151=FACE_BOUND('',#4152,.T.);
#4152=EDGE_LOOP('',(#4153,#4154,#4155));
#4153=ORIENTED_EDGE('',*,*,#4156,.T.);
#4154=ORIENTED_EDGE('',*,*,#4157,.T.);
#4155=ORIENTED_EDGE('',*,*,#4158,.T.);
#4156=EDGE_CURVE('',#345,#351,#4159,.F.);
#4157=EDGE_CURVE('',#351,#347,#4160,.T.);
#4158=EDGE_CURVE('',#347,#345,#4161,.T.);
#4159=LINE('',#344,#4162);
#4160=LINE('',#350,#4163);
#4161=LINE('',#346,#4164);
#4162=VECTOR('',#4165,1.0);
#4163=VECTOR('',#4166,1.0);
#4164=VECTOR('',#4167,1.0);
#4165=DIRECTION('',(0.21070820273458424,0.1849549353167116,0.9598925591973053));
#4166=DIRECTION('',(-0.751541271320179,-0.6596860749647889,0));
#4167=DIRECTION('',(0,0,-1));
#4168=FACE_SURFACE('',(#4173),#4169,.T.);
#4169=PLANE('',#4170);
#4170=AXIS2_PLACEMENT_3D('',#188,#4171,#4172);
#4171=DIRECTION('',(0.7468449714054194,-0.6649981869798129,0));
#4172=DIRECTION('',(0,0,-1));
#4173=FACE_BOUND('',#4174,.T.);
#4174=EDGE_LOOP('',(#4175,#4176,#4177));
#4175=ORIENTED_EDGE('',*,*,#4178,.T.);
#4176=ORIENTED_EDGE('',*,*,#4179,.T.);
#4177=ORIENTED_EDGE('',*,*,#4180,.T.);
#4178=EDGE_CURVE('',#189,#251,#4181,.F.);
#4179=EDGE_CURVE('',#251,#239,#4182,.T.);
#4180=EDGE_CURVE('',#239,#189,#4183,.T.);
#4181=LINE('',#188,#4184);
#4182=LINE('',#250,#4185);
#4183=LINE('',#238,#4186);
#4184=VECTOR('',#4187,1.0);
#4185=VECTOR('',#4188,1.0);
#4186=VECTOR('',#4189,1.0);
#4187=DIRECTION('',(0,0,-1));
#4188=DIRECTION('',(0.04106070330622594,0.046114381041997686,0.9980919208695718));
#4189=DIRECTION('',(-0.6649981869798129,-0.7468449714054195,0));
#4190=FACE_SURFACE('',(#4195),#4191,.T.);
#4191=PLANE('',#4192);
#4192=AXIS2_PLACEMENT_3D('',#216,#4193,#4194);
#4193=DIRECTION('',(0.7468449714054194,-0.6649981869798129,0));
#4194=DIRECTION('',(0,0,1));
#4195=FACE_BOUND('',#4196,.T.);
#4196=EDGE_LOOP('',(#4197,#4198,#4199));
#4197=ORIENTED_EDGE('',*,*,#4200,.T.);
#4198=ORIENTED_EDGE('',*,*,#4201,.T.);
#4199=ORIENTED_EDGE('',*,*,#4202,.T.);
#4200=EDGE_CURVE('',#217,#239,#4203,.F.);
#4201=EDGE_CURVE('',#239,#251,#4204,.T.);
#4202=EDGE_CURVE('',#251,#217,#4205,.T.);
#4203=LINE('',#216,#4206);
#4204=LINE('',#238,#4207);
#4205=LINE('',#250,#4208);
#4206=VECTOR('',#4209,1.0);
#4207=VECTOR('',#4210,1.0);
#4208=VECTOR('',#4211,1.0);
#4209=DIRECTION('',(0,0,1));
#4210=DIRECTION('',(-0.04106070330622594,-0.046114381041997686,-0.9980919208695718));
#4211=DIRECTION('',(0.6649981869798129,0.7468449714054195,0));
#4212=FACE_SURFACE('',(#4217),#4213,.T.);
#4213=PLANE('',#4214);
#4214=AXIS2_PLACEMENT_3D('',#352,#4215,#4216);
#4215=DIRECTION('',(0,0,1));
#4216=DIRECTION('',(-0.06142239516896568,0.9981118621535902,0));
#4217=FACE_BOUND('',#4218,.T.);
#4218=EDGE_LOOP('',(#4219,#4220,#4221));
#4219=ORIENTED_EDGE('',*,*,#4222,.T.);
#4220=ORIENTED_EDGE('',*,*,#4223,.T.);
#4221=ORIENTED_EDGE('',*,*,#4224,.T.);
#4222=EDGE_CURVE('',#353,#355,#4225,.F.);
#4223=EDGE_CURVE('',#355,#357,#4226,.T.);
#4224=EDGE_CURVE('',#357,#353,#4227,.T.);
#4225=LINE('',#352,#4228);
#4226=LINE('',#354,#4229);
#4227=LINE('',#356,#4230);
#4228=VECTOR('',#4231,1.0);
#4229=VECTOR('',#4232,1.0);
#4230=VECTOR('',#4233,1.0);
#4231=DIRECTION('',(-0.06142239516896568,0.9981118621535902,0));
#4232=DIRECTION('',(-1,0,0));
#4233=DIRECTION('',(0.9687814044865247,-0.2479164986867889,0));
#4234=FACE_SURFACE('',(#4239),#4235,.T.);
#4235=PLANE('',#4236);
#4236=AXIS2_PLACEMENT_3D('',#356,#4237,#4238);
#4237=DIRECTION('',(0,0,1));
#4238=DIRECTION('',(0.06111004167925623,-0.9981310348876843,0));
#4239=FACE_BOUND('',#4240,.T.);
#4240=EDGE_LOOP('',(#4241,#4242,#4243));
#4241=ORIENTED_EDGE('',*,*,#4244,.T.);
#4242=ORIENTED_EDGE('',*,*,#4245,.T.);
#4243=ORIENTED_EDGE('',*,*,#4246,.T.);
#4244=EDGE_CURVE('',#357,#359,#4247,.F.);
#4245=EDGE_CURVE('',#359,#353,#4248,.T.);
#4246=EDGE_CURVE('',#353,#357,#4249,.T.);
#4247=LINE('',#356,#4250);
#4248=LINE('',#358,#4251);
#4249=LINE('',#352,#4252);
#4250=VECTOR('',#4253,1.0);
#4251=VECTOR('',#4254,1.0);
#4252=VECTOR('',#4255,1.0);
#4253=DIRECTION('',(0.06111004167925623,-0.9981310348876843,0));
#4254=DIRECTION('',(0.9912627783468898,0.13190187361825045,0));
#4255=DIRECTION('',(-0.9687814044865247,0.2479164986867889,0));
#4256=FACE_SURFACE('',(#4261),#4257,.T.);
#4257=PLANE('',#4258);
#4258=AXIS2_PLACEMENT_3D('',#360,#4259,#4260);
#4259=DIRECTION('',(0,-0,1));
#4260=DIRECTION('',(0.8703494550050918,0.49243459075529994,0));
#4261=FACE_BOUND('',#4262,.T.);
#4262=EDGE_LOOP('',(#4263,#4264,#4265));
#4263=ORIENTED_EDGE('',*,*,#4266,.T.);
#4264=ORIENTED_EDGE('',*,*,#4267,.T.);
#4265=ORIENTED_EDGE('',*,*,#4268,.T.);
#4266=EDGE_CURVE('',#361,#353,#4269,.F.);
#4267=EDGE_CURVE('',#353,#359,#4270,.T.);
#4268=EDGE_CURVE('',#359,#361,#4271,.T.);
#4269=LINE('',#360,#4272);
#4270=LINE('',#352,#4273);
#4271=LINE('',#358,#4274);
#4272=VECTOR('',#4275,1.0);
#4273=VECTOR('',#4276,1.0);
#4274=VECTOR('',#4277,1.0);
#4275=DIRECTION('',(0.8703494550050918,0.49243459075529994,0));
#4276=DIRECTION('',(-0.9912627783468898,-0.13190187361825045,0));
#4277=DIRECTION('',(0.20395418129365003,-0.9789804349080921,0));
#4278=FACE_SURFACE('',(#4283),#4279,.T.);
#4279=PLANE('',#4280);
#4280=AXIS2_PLACEMENT_3D('',#362,#4281,#4282);
#4281=DIRECTION('',(0,-0,1));
#4282=DIRECTION('',(0.9234314071829757,0.3837635160200475,0));
#4283=FACE_BOUND('',#4284,.T.);
#4284=EDGE_LOOP('',(#4285,#4286,#4287));
#4285=ORIENTED_EDGE('',*,*,#4288,.T.);
#4286=ORIENTED_EDGE('',*,*,#4289,.T.);
#4287=ORIENTED_EDGE('',*,*,#4290,.T.);
#4288=EDGE_CURVE('',#363,#365,#4291,.F.);
#4289=EDGE_CURVE('',#365,#361,#4292,.T.);
#4290=EDGE_CURVE('',#361,#363,#4293,.T.);
#4291=LINE('',#362,#4294);
#4292=LINE('',#364,#4295);
#4293=LINE('',#360,#4296);
#4294=VECTOR('',#4297,1.0);
#4295=VECTOR('',#4298,1.0);
#4296=VECTOR('',#4299,1.0);
#4297=DIRECTION('',(0.9234314071829757,0.3837635160200475,0));
#4298=DIRECTION('',(-0.9999344525176771,-0.011449483314690891,0));
#4299=DIRECTION('',(0.31622781161839664,-0.9486832828499929,0));
#4300=FACE_SURFACE('',(#4305),#4301,.T.);
#4301=PLANE('',#4302);
#4302=AXIS2_PLACEMENT_3D('',#366,#4303,#4304);
#4303=DIRECTION('',(0,-0,1));
#4304=DIRECTION('',(0.8665177671735,0.4991462302498657,0));
#4305=FACE_BOUND('',#4306,.T.);
#4306=EDGE_LOOP('',(#4307,#4308,#4309));
#4307=ORIENTED_EDGE('',*,*,#4310,.T.);
#4308=ORIENTED_EDGE('',*,*,#4311,.T.);
#4309=ORIENTED_EDGE('',*,*,#4312,.T.);
#4310=EDGE_CURVE('',#367,#369,#4313,.F.);
#4311=EDGE_CURVE('',#369,#363,#4314,.T.);
#4312=EDGE_CURVE('',#363,#367,#4315,.T.);
#4313=LINE('',#366,#4316);
#4314=LINE('',#368,#4317);
#4315=LINE('',#362,#4318);
#4316=VECTOR('',#4319,1.0);
#4317=VECTOR('',#4320,1.0);
#4318=VECTOR('',#4321,1.0);
#4319=DIRECTION('',(0.8665177671735,0.4991462302498657,0));
#4320=DIRECTION('',(-0.9900255049598051,-0.1408882519200339,0));
#4321=DIRECTION('',(0.43902710943363354,-0.898473815524052,0));
#4322=FACE_SURFACE('',(#4327),#4323,.T.);
#4323=PLANE('',#4324);
#4324=AXIS2_PLACEMENT_3D('',#348,#4325,#4326);
#4325=DIRECTION('',(0.7515412247093599,-0.6596861280657305,0));
#4326=DIRECTION('',(0.6596861280657305,0.7515412247093599,0));
#4327=FACE_BOUND('',#4328,.T.);
#4328=EDGE_LOOP('',(#4329,#4330,#4331));
#4329=ORIENTED_EDGE('',*,*,#4332,.T.);
#4330=ORIENTED_EDGE('',*,*,#4333,.T.);
#4331=ORIENTED_EDGE('',*,*,#4334,.T.);
#4332=EDGE_CURVE('',#349,#371,#4335,.F.);
#4333=EDGE_CURVE('',#371,#373,#4336,.T.);
#4334=EDGE_CURVE('',#373,#349,#4337,.T.);
#4335=LINE('',#348,#4338);
#4336=LINE('',#370,#4339);
#4337=LINE('',#372,#4340);
#4338=VECTOR('',#4341,1.0);
#4339=VECTOR('',#4342,1.0);
#4340=VECTOR('',#4343,1.0);
#4341=DIRECTION('',(0.6596861280657305,0.7515412247093599,0));
#4342=DIRECTION('',(0,0,1));
#4343=DIRECTION('',(-0.18495490434267342,-0.21070813741871702,-0.9598925795031065));
#4344=FACE_SURFACE('',(#4349),#4345,.T.);
#4345=PLANE('',#4346);
#4346=AXIS2_PLACEMENT_3D('',#348,#4347,#4348);
#4347=DIRECTION('',(0.7515412247093599,-0.6596861280657305,0));
#4348=DIRECTION('',(0.18495490434267342,0.21070813741871702,0.9598925795031065));
#4349=FACE_BOUND('',#4350,.T.);
#4350=EDGE_LOOP('',(#4351,#4352,#4353));
#4351=ORIENTED_EDGE('',*,*,#4354,.T.);
#4352=ORIENTED_EDGE('',*,*,#4355,.T.);
#4353=ORIENTED_EDGE('',*,*,#4356,.T.);
#4354=EDGE_CURVE('',#349,#373,#4357,.F.);
#4355=EDGE_CURVE('',#373,#351,#4358,.T.);
#4356=EDGE_CURVE('',#351,#349,#4359,.T.);
#4357=LINE('',#348,#4360);
#4358=LINE('',#372,#4361);
#4359=LINE('',#350,#4362);
#4360=VECTOR('',#4363,1.0);
#4361=VECTOR('',#4364,1.0);
#4362=VECTOR('',#4365,1.0);
#4363=DIRECTION('',(0.18495490434267342,0.21070813741871702,0.9598925795031065));
#4364=DIRECTION('',(-0.6596861280657305,-0.7515412247093599,0));
#4365=DIRECTION('',(0,0,-1));
#4366=FACE_SURFACE('',(#4371),#4367,.T.);
#4367=PLANE('',#4368);
#4368=AXIS2_PLACEMENT_3D('',#236,#4369,#4370);
#4369=DIRECTION('',(0.8304886124426297,-0.5570356044303773,0));
#4370=DIRECTION('',(-0.5570356044303771,-0.8304886124426296,0));
#4371=FACE_BOUND('',#4372,.T.);
#4372=EDGE_LOOP('',(#4373,#4374,#4375));
#4373=ORIENTED_EDGE('',*,*,#4376,.T.);
#4374=ORIENTED_EDGE('',*,*,#4377,.T.);
#4375=ORIENTED_EDGE('',*,*,#4378,.T.);
#4376=EDGE_CURVE('',#237,#239,#4379,.F.);
#4377=EDGE_CURVE('',#239,#217,#4380,.T.);
#4378=EDGE_CURVE('',#217,#237,#4381,.T.);
#4379=LINE('',#236,#4382);
#4380=LINE('',#238,#4383);
#4381=LINE('',#216,#4384);
#4382=VECTOR('',#4385,1.0);
#4383=VECTOR('',#4386,1.0);
#4384=VECTOR('',#4387,1.0);
#4385=DIRECTION('',(-0.5570356044303771,-0.8304886124426296,0));
#4386=DIRECTION('',(0,0,-1));
#4387=DIRECTION('',(0.03474239551324718,0.05179770128380726,0.9980530868123771));
#4388=FACE_SURFACE('',(#4393),#4389,.T.);
#4389=PLANE('',#4390);
#4390=AXIS2_PLACEMENT_3D('',#370,#4391,#4392);
#4391=DIRECTION('',(0.8346094500154979,-0.5508421424916834,0));
#4392=DIRECTION('',(0.5508421424916834,0.834609450015498,0));
#4393=FACE_BOUND('',#4394,.T.);
#4394=EDGE_LOOP('',(#4395,#4396,#4397));
#4395=ORIENTED_EDGE('',*,*,#4398,.T.);
#4396=ORIENTED_EDGE('',*,*,#4399,.T.);
#4397=ORIENTED_EDGE('',*,*,#4400,.T.);
#4398=EDGE_CURVE('',#371,#375,#4401,.F.);
#4399=EDGE_CURVE('',#375,#377,#4402,.T.);
#4400=EDGE_CURVE('',#377,#371,#4403,.T.);
#4401=LINE('',#370,#4404);
#4402=LINE('',#374,#4405);
#4403=LINE('',#376,#4406);
#4404=VECTOR('',#4407,1.0);
#4405=VECTOR('',#4408,1.0);
#4406=VECTOR('',#4409,1.0);
#4407=DIRECTION('',(0.5508421424916834,0.834609450015498,0));
#4408=DIRECTION('',(0,0,1));
#4409=DIRECTION('',(-0.15451290851621877,-0.23411050761963675,-0.9598531300797715));
#4410=FACE_SURFACE('',(#4415),#4411,.T.);
#4411=PLANE('',#4412);
#4412=AXIS2_PLACEMENT_3D('',#370,#4413,#4414);
#4413=DIRECTION('',(0.8346094500154979,-0.5508421424916834,0));
#4414=DIRECTION('',(0.15451290851621877,0.23411050761963675,0.9598531300797715));
#4415=FACE_BOUND('',#4416,.T.);
#4416=EDGE_LOOP('',(#4417,#4418,#4419));
#4417=ORIENTED_EDGE('',*,*,#4420,.T.);
#4418=ORIENTED_EDGE('',*,*,#4421,.T.);
#4419=ORIENTED_EDGE('',*,*,#4422,.T.);
#4420=EDGE_CURVE('',#371,#377,#4423,.F.);
#4421=EDGE_CURVE('',#377,#373,#4424,.T.);
#4422=EDGE_CURVE('',#373,#371,#4425,.T.);
#4423=LINE('',#370,#4426);
#4424=LINE('',#376,#4427);
#4425=LINE('',#372,#4428);
#4426=VECTOR('',#4429,1.0);
#4427=VECTOR('',#4430,1.0);
#4428=VECTOR('',#4431,1.0);
#4429=DIRECTION('',(0.15451290851621877,0.23411050761963675,0.9598531300797715));
#4430=DIRECTION('',(-0.5508421424916834,-0.834609450015498,0));
#4431=DIRECTION('',(0,0,-1));
#4432=FACE_SURFACE('',(#4437),#4433,.T.);
#4433=PLANE('',#4434);
#4434=AXIS2_PLACEMENT_3D('',#358,#4435,#4436);
#4435=DIRECTION('',(-0.9981310348876842,-0.06111004167925623,-0));
#4436=DIRECTION('',(-0.0037901556110682415,0.061905896944348976,-0.9980747941131263));
#4437=FACE_BOUND('',#4438,.T.);
#4438=EDGE_LOOP('',(#4439,#4440,#4441));
#4439=ORIENTED_EDGE('',*,*,#4442,.T.);
#4440=ORIENTED_EDGE('',*,*,#4443,.T.);
#4441=ORIENTED_EDGE('',*,*,#4444,.T.);
#4442=EDGE_CURVE('',#359,#379,#4445,.F.);
#4443=EDGE_CURVE('',#379,#381,#4446,.T.);
#4444=EDGE_CURVE('',#381,#359,#4447,.T.);
#4445=LINE('',#358,#4448);
#4446=LINE('',#378,#4449);
#4447=LINE('',#380,#4450);
#4448=VECTOR('',#4451,1.0);
#4449=VECTOR('',#4452,1.0);
#4450=VECTOR('',#4453,1.0);
#4451=DIRECTION('',(-0.0037901556110682415,0.061905896944348976,-0.9980747941131263));
#4452=DIRECTION('',(0.06111004167925623,-0.9981310348876843,0));
#4453=DIRECTION('',(0,0,1));
#4454=FACE_SURFACE('',(#4459),#4455,.T.);
#4455=PLANE('',#4456);
#4456=AXIS2_PLACEMENT_3D('',#382,#4457,#4458);
#4457=DIRECTION('',(0,-0,1));
#4458=DIRECTION('',(0.19906006124622186,0.9799872917628322,0));
#4459=FACE_BOUND('',#4460,.T.);
#4460=EDGE_LOOP('',(#4461,#4462,#4463));
#4461=ORIENTED_EDGE('',*,*,#4464,.T.);
#4462=ORIENTED_EDGE('',*,*,#4465,.T.);
#4463=ORIENTED_EDGE('',*,*,#4466,.T.);
#4464=EDGE_CURVE('',#383,#261,#4467,.F.);
#4465=EDGE_CURVE('',#261,#175,#4468,.T.);
#4466=EDGE_CURVE('',#175,#383,#4469,.T.);
#4467=LINE('',#382,#4470);
#4468=LINE('',#260,#4471);
#4469=LINE('',#174,#4472);
#4470=VECTOR('',#4473,1.0);
#4471=VECTOR('',#4474,1.0);
#4472=VECTOR('',#4475,1.0);
#4473=DIRECTION('',(0.19906006124622186,0.9799872917628322,0));
#4474=DIRECTION('',(-0.9654996855991552,0.26040421868305513,0));
#4475=DIRECTION('',(0.8703495525222652,-0.49243441839933627,0));
#4476=FACE_SURFACE('',(#4481),#4477,.T.);
#4477=PLANE('',#4478);
#4478=AXIS2_PLACEMENT_3D('',#374,#4479,#4480);
#4479=DIRECTION('',(0.8960959412889051,-0.4438604104958573,0));
#4480=DIRECTION('',(0.44386041049585734,0.8960959412889052,0));
#4481=FACE_BOUND('',#4482,.T.);
#4482=EDGE_LOOP('',(#4483,#4484,#4485));
#4483=ORIENTED_EDGE('',*,*,#4486,.T.);
#4484=ORIENTED_EDGE('',*,*,#4487,.T.);
#4485=ORIENTED_EDGE('',*,*,#4488,.T.);
#4486=EDGE_CURVE('',#375,#385,#4489,.F.);
#4487=EDGE_CURVE('',#385,#387,#4490,.T.);
#4488=EDGE_CURVE('',#387,#375,#4491,.T.);
#4489=LINE('',#374,#4492);
#4490=LINE('',#384,#4493);
#4491=LINE('',#386,#4494);
#4492=VECTOR('',#4495,1.0);
#4493=VECTOR('',#4496,1.0);
#4494=VECTOR('',#4497,1.0);
#4495=DIRECTION('',(0.44386041049585734,0.8960959412889052,0));
#4496=DIRECTION('',(0,0,1));
#4497=DIRECTION('',(-0.12411184997366245,-0.25056554357486327,-0.9601110128881704));
#4498=FACE_SURFACE('',(#4503),#4499,.T.);
#4499=PLANE('',#4500);
#4500=AXIS2_PLACEMENT_3D('',#374,#4501,#4502);
#4501=DIRECTION('',(0.8960959412889051,-0.4438604104958573,0));
#4502=DIRECTION('',(0.12411184997366245,0.25056554357486327,0.9601110128881704));
#4503=FACE_BOUND('',#4504,.T.);
#4504=EDGE_LOOP('',(#4505,#4506,#4507));
#4505=ORIENTED_EDGE('',*,*,#4508,.T.);
#4506=ORIENTED_EDGE('',*,*,#4509,.T.);
#4507=ORIENTED_EDGE('',*,*,#4510,.T.);
#4508=EDGE_CURVE('',#375,#387,#4511,.F.);
#4509=EDGE_CURVE('',#387,#377,#4512,.T.);
#4510=EDGE_CURVE('',#377,#375,#4513,.T.);
#4511=LINE('',#374,#4514);
#4512=LINE('',#386,#4515);
#4513=LINE('',#376,#4516);
#4514=VECTOR('',#4517,1.0);
#4515=VECTOR('',#4518,1.0);
#4516=VECTOR('',#4519,1.0);
#4517=DIRECTION('',(0.12411184997366245,0.25056554357486327,0.9601110128881704));
#4518=DIRECTION('',(-0.44386041049585734,-0.8960959412889052,0));
#4519=DIRECTION('',(0,0,-1));
#4520=FACE_SURFACE('',(#4525),#4521,.T.);
#4521=PLANE('',#4522);
#4522=AXIS2_PLACEMENT_3D('',#358,#4523,#4524);
#4523=DIRECTION('',(-0.978980434908092,-0.20395418129365,-0));
#4524=DIRECTION('',(0,0,-1));
#4525=FACE_BOUND('',#4526,.T.);
#4526=EDGE_LOOP('',(#4527,#4528,#4529));
#4527=ORIENTED_EDGE('',*,*,#4530,.T.);
#4528=ORIENTED_EDGE('',*,*,#4531,.T.);
#4529=ORIENTED_EDGE('',*,*,#4532,.T.);
#4530=EDGE_CURVE('',#359,#381,#4533,.F.);
#4531=EDGE_CURVE('',#381,#389,#4534,.T.);
#4532=EDGE_CURVE('',#389,#359,#4535,.T.);
#4533=LINE('',#358,#4536);
#4534=LINE('',#380,#4537);
#4535=LINE('',#388,#4538);
#4536=VECTOR('',#4539,1.0);
#4537=VECTOR('',#4540,1.0);
#4538=VECTOR('',#4541,1.0);
#4539=DIRECTION('',(0,0,-1));
#4540=DIRECTION('',(0.20395418129365003,-0.9789804349080921,0));
#4541=DIRECTION('',(-0.012633915659098383,0.0606428177548786,0.9980795723938385));
#4542=FACE_SURFACE('',(#4547),#4543,.T.);
#4543=PLANE('',#4544);
#4544=AXIS2_PLACEMENT_3D('',#384,#4545,#4546);
#4545=DIRECTION('',(0.9452839377837652,-0.32624879611734786,0));
#4546=DIRECTION('',(0.32624879611734786,0.9452839377837652,0));
#4547=FACE_BOUND('',#4548,.T.);
#4548=EDGE_LOOP('',(#4549,#4550,#4551));
#4549=ORIENTED_EDGE('',*,*,#4552,.T.);
#4550=ORIENTED_EDGE('',*,*,#4553,.T.);
#4551=ORIENTED_EDGE('',*,*,#4554,.T.);
#4552=EDGE_CURVE('',#385,#391,#4555,.F.);
#4553=EDGE_CURVE('',#391,#393,#4556,.T.);
#4554=EDGE_CURVE('',#393,#385,#4557,.T.);
#4555=LINE('',#384,#4558);
#4556=LINE('',#390,#4559);
#4557=LINE('',#392,#4560);
#4558=VECTOR('',#4561,1.0);
#4559=VECTOR('',#4562,1.0);
#4560=VECTOR('',#4563,1.0);
#4561=DIRECTION('',(0.32624879611734786,0.9452839377837652,0));
#4562=DIRECTION('',(0,0,1));
#4563=DIRECTION('',(-0.09131970177222005,-0.2645926921901464,-0.9600267805159413));
#4564=FACE_SURFACE('',(#4569),#4565,.T.);
#4565=PLANE('',#4566);
#4566=AXIS2_PLACEMENT_3D('',#384,#4567,#4568);
#4567=DIRECTION('',(0.9452839377837652,-0.32624879611734786,0));
#4568=DIRECTION('',(0.09131970177222005,0.2645926921901464,0.9600267805159413));
#4569=FACE_BOUND('',#4570,.T.);
#4570=EDGE_LOOP('',(#4571,#4572,#4573));
#4571=ORIENTED_EDGE('',*,*,#4574,.T.);
#4572=ORIENTED_EDGE('',*,*,#4575,.T.);
#4573=ORIENTED_EDGE('',*,*,#4576,.T.);
#4574=EDGE_CURVE('',#385,#393,#4577,.F.);
#4575=EDGE_CURVE('',#393,#387,#4578,.T.);
#4576=EDGE_CURVE('',#387,#385,#4579,.T.);
#4577=LINE('',#384,#4580);
#4578=LINE('',#392,#4581);
#4579=LINE('',#386,#4582);
#4580=VECTOR('',#4583,1.0);
#4581=VECTOR('',#4584,1.0);
#4582=VECTOR('',#4585,1.0);
#4583=DIRECTION('',(0.09131970177222005,0.2645926921901464,0.9600267805159413));
#4584=DIRECTION('',(-0.32624879611734786,-0.9452839377837652,0));
#4585=DIRECTION('',(0,0,-1));
#4586=FACE_SURFACE('',(#4591),#4587,.T.);
#4587=PLANE('',#4588);
#4588=AXIS2_PLACEMENT_3D('',#390,#4589,#4590);
#4589=DIRECTION('',(0.9815287131596976,-0.19131488505358935,0));
#4590=DIRECTION('',(0.19131488505358935,0.9815287131596976,0));
#4591=FACE_BOUND('',#4592,.T.);
#4592=EDGE_LOOP('',(#4593,#4594,#4595));
#4593=ORIENTED_EDGE('',*,*,#4596,.T.);
#4594=ORIENTED_EDGE('',*,*,#4597,.T.);
#4595=ORIENTED_EDGE('',*,*,#4598,.T.);
#4596=EDGE_CURVE('',#391,#395,#4599,.F.);
#4597=EDGE_CURVE('',#395,#397,#4600,.T.);
#4598=EDGE_CURVE('',#397,#391,#4601,.T.);
#4599=LINE('',#390,#4602);
#4600=LINE('',#394,#4603);
#4601=LINE('',#396,#4604);
#4602=VECTOR('',#4605,1.0);
#4603=VECTOR('',#4606,1.0);
#4604=VECTOR('',#4607,1.0);
#4605=DIRECTION('',(0.19131488505358935,0.9815287131596976,0));
#4606=DIRECTION('',(0,0,1));
#4607=DIRECTION('',(-0.05383111552693022,-0.2761770760090031,-0.9595980584016641));
#4608=FACE_SURFACE('',(#4613),#4609,.T.);
#4609=PLANE('',#4610);
#4610=AXIS2_PLACEMENT_3D('',#390,#4611,#4612);
#4611=DIRECTION('',(0.9815287131596976,-0.19131488505358935,0));
#4612=DIRECTION('',(0.05383111552693022,0.2761770760090031,0.9595980584016641));
#4613=FACE_BOUND('',#4614,.T.);
#4614=EDGE_LOOP('',(#4615,#4616,#4617));
#4615=ORIENTED_EDGE('',*,*,#4618,.T.);
#4616=ORIENTED_EDGE('',*,*,#4619,.T.);
#4617=ORIENTED_EDGE('',*,*,#4620,.T.);
#4618=EDGE_CURVE('',#391,#397,#4621,.F.);
#4619=EDGE_CURVE('',#397,#393,#4622,.T.);
#4620=EDGE_CURVE('',#393,#391,#4623,.T.);
#4621=LINE('',#390,#4624);
#4622=LINE('',#396,#4625);
#4623=LINE('',#392,#4626);
#4624=VECTOR('',#4627,1.0);
#4625=VECTOR('',#4628,1.0);
#4626=VECTOR('',#4629,1.0);
#4627=DIRECTION('',(0.05383111552693022,0.2761770760090031,0.9595980584016641));
#4628=DIRECTION('',(-0.19131488505358935,-0.9815287131596976,0));
#4629=DIRECTION('',(0,0,-1));
#4630=FACE_SURFACE('',(#4635),#4631,.T.);
#4631=PLANE('',#4632);
#4632=AXIS2_PLACEMENT_3D('',#354,#4633,#4634);
#4633=DIRECTION('',(0,-0,1));
#4634=DIRECTION('',(0.06142239516896568,0.9981118621535902,0));
#4635=FACE_BOUND('',#4636,.T.);
#4636=EDGE_LOOP('',(#4637,#4638,#4639));
#4637=ORIENTED_EDGE('',*,*,#4640,.T.);
#4638=ORIENTED_EDGE('',*,*,#4641,.T.);
#4639=ORIENTED_EDGE('',*,*,#4642,.T.);
#4640=EDGE_CURVE('',#355,#383,#4643,.F.);
#4641=EDGE_CURVE('',#383,#357,#4644,.T.);
#4642=EDGE_CURVE('',#357,#355,#4645,.T.);
#4643=LINE('',#354,#4646);
#4644=LINE('',#382,#4647);
#4645=LINE('',#356,#4648);
#4646=VECTOR('',#4649,1.0);
#4647=VECTOR('',#4650,1.0);
#4648=VECTOR('',#4651,1.0);
#4649=DIRECTION('',(0.06142239516896568,0.9981118621535902,0));
#4650=DIRECTION('',(-0.9687814044865247,-0.2479164986867889,0));
#4651=DIRECTION('',(1,0,0));
#4652=FACE_SURFACE('',(#4657),#4653,.T.);
#4653=PLANE('',#4654);
#4654=AXIS2_PLACEMENT_3D('',#398,#4655,#4656);
#4655=DIRECTION('',(0.9789804652490511,-0.20395403565693784,0));
#4656=DIRECTION('',(0,0,1));
#4657=FACE_BOUND('',#4658,.T.);
#4658=EDGE_LOOP('',(#4659,#4660,#4661));
#4659=ORIENTED_EDGE('',*,*,#4662,.T.);
#4660=ORIENTED_EDGE('',*,*,#4663,.T.);
#4661=ORIENTED_EDGE('',*,*,#4664,.T.);
#4662=EDGE_CURVE('',#399,#249,#4665,.F.);
#4663=EDGE_CURVE('',#249,#243,#4666,.T.);
#4664=EDGE_CURVE('',#243,#399,#4667,.T.);
#4665=LINE('',#398,#4668);
#4666=LINE('',#248,#4669);
#4667=LINE('',#242,#4670);
#4668=VECTOR('',#4671,1.0);
#4669=VECTOR('',#4672,1.0);
#4670=VECTOR('',#4673,1.0);
#4671=DIRECTION('',(0,0,1));
#4672=DIRECTION('',(-0.20395403565693782,-0.978980465249051,0));
#4673=DIRECTION('',(0.012633906247598194,0.06064281776209042,-0.9980795725125331));
#4674=FACE_SURFACE('',(#4679),#4675,.T.);
#4675=PLANE('',#4676);
#4676=AXIS2_PLACEMENT_3D('',#394,#4677,#4678);
#4677=DIRECTION('',(0.9977478949660946,-0.06707561472492925,0));
#4678=DIRECTION('',(0.06707561472492926,0.9977478949660946,0));
#4679=FACE_BOUND('',#4680,.T.);
#4680=EDGE_LOOP('',(#4681,#4682,#4683));
#4681=ORIENTED_EDGE('',*,*,#4684,.T.);
#4682=ORIENTED_EDGE('',*,*,#4685,.T.);
#4683=ORIENTED_EDGE('',*,*,#4686,.T.);
#4684=EDGE_CURVE('',#395,#401,#4687,.F.);
#4685=EDGE_CURVE('',#401,#403,#4688,.T.);
#4686=EDGE_CURVE('',#403,#395,#4689,.T.);
#4687=LINE('',#394,#4690);
#4688=LINE('',#400,#4691);
#4689=LINE('',#402,#4692);
#4690=VECTOR('',#4693,1.0);
#4691=VECTOR('',#4694,1.0);
#4692=VECTOR('',#4695,1.0);
#4693=DIRECTION('',(0.06707561472492926,0.9977478949660946,0));
#4694=DIRECTION('',(0,0,1));
#4695=DIRECTION('',(-0.01873560640296327,-0.27869162177834367,-0.9601978738797904));
#4696=FACE_SURFACE('',(#4701),#4697,.T.);
#4697=PLANE('',#4698);
#4698=AXIS2_PLACEMENT_3D('',#394,#4699,#4700);
#4699=DIRECTION('',(0.9977478949660946,-0.06707561472492925,0));
#4700=DIRECTION('',(0.01873560640296327,0.27869162177834367,0.9601978738797904));
#4701=FACE_BOUND('',#4702,.T.);
#4702=EDGE_LOOP('',(#4703,#4704,#4705));
#4703=ORIENTED_EDGE('',*,*,#4706,.T.);
#4704=ORIENTED_EDGE('',*,*,#4707,.T.);
#4705=ORIENTED_EDGE('',*,*,#4708,.T.);
#4706=EDGE_CURVE('',#395,#403,#4709,.F.);
#4707=EDGE_CURVE('',#403,#397,#4710,.T.);
#4708=EDGE_CURVE('',#397,#395,#4711,.T.);
#4709=LINE('',#394,#4712);
#4710=LINE('',#402,#4713);
#4711=LINE('',#396,#4714);
#4712=VECTOR('',#4715,1.0);
#4713=VECTOR('',#4716,1.0);
#4714=VECTOR('',#4717,1.0);
#4715=DIRECTION('',(0.01873560640296327,0.27869162177834367,0.9601978738797904));
#4716=DIRECTION('',(-0.06707561472492926,-0.9977478949660946,0));
#4717=DIRECTION('',(0,0,-1));
#4718=FACE_SURFACE('',(#4723),#4719,.T.);
#4719=PLANE('',#4720);
#4720=AXIS2_PLACEMENT_3D('',#352,#4721,#4722);
#4721=DIRECTION('',(0,0,1));
#4722=DIRECTION('',(-0.8703494550050918,-0.49243459075529994,0));
#4723=FACE_BOUND('',#4724,.T.);
#4724=EDGE_LOOP('',(#4725,#4726,#4727));
#4725=ORIENTED_EDGE('',*,*,#4728,.T.);
#4726=ORIENTED_EDGE('',*,*,#4729,.T.);
#4727=ORIENTED_EDGE('',*,*,#4730,.T.);
#4728=EDGE_CURVE('',#353,#361,#4731,.F.);
#4729=EDGE_CURVE('',#361,#405,#4732,.T.);
#4730=EDGE_CURVE('',#405,#353,#4733,.T.);
#4731=LINE('',#352,#4734);
#4732=LINE('',#360,#4735);
#4733=LINE('',#404,#4736);
#4734=VECTOR('',#4737,1.0);
#4735=VECTOR('',#4738,1.0);
#4736=VECTOR('',#4739,1.0);
#4737=DIRECTION('',(-0.8703494550050918,-0.49243459075529994,0));
#4738=DIRECTION('',(0.9654996255626382,0.26040444128010803,0));
#4739=DIRECTION('',(-0.19906006124622186,0.9799872917628322,0));
#4740=FACE_SURFACE('',(#4745),#4741,.T.);
#4741=PLANE('',#4742);
#4742=AXIS2_PLACEMENT_3D('',#400,#4743,#4744);
#4743=DIRECTION('',(0.9977478949660946,0.06707561472492925,-0));
#4744=DIRECTION('',(-0.06707561472492926,0.9977478949660946,0));
#4745=FACE_BOUND('',#4746,.T.);
#4746=EDGE_LOOP('',(#4747,#4748,#4749));
#4747=ORIENTED_EDGE('',*,*,#4750,.T.);
#4748=ORIENTED_EDGE('',*,*,#4751,.T.);
#4749=ORIENTED_EDGE('',*,*,#4752,.T.);
#4750=EDGE_CURVE('',#401,#81,#4753,.F.);
#4751=EDGE_CURVE('',#81,#403,#4754,.T.);
#4752=EDGE_CURVE('',#403,#401,#4755,.T.);
#4753=LINE('',#400,#4756);
#4754=LINE('',#80,#4757);
#4755=LINE('',#402,#4758);
#4756=VECTOR('',#4759,1.0);
#4757=VECTOR('',#4760,1.0);
#4758=VECTOR('',#4761,1.0);
#4759=DIRECTION('',(-0.06707561472492926,0.9977478949660946,0));
#4760=DIRECTION('',(0.01873560640296327,-0.27869162177834367,0.9601978738797904));
#4761=DIRECTION('',(0,0,-1));
#4762=FACE_SURFACE('',(#4767),#4763,.T.);
#4763=PLANE('',#4764);
#4764=AXIS2_PLACEMENT_3D('',#158,#4765,#4766);
#4765=DIRECTION('',(0.9977478949660946,0.06707561472492925,0));
#4766=DIRECTION('',(0.06707561472492926,-0.9977478949660946,0));
#4767=FACE_BOUND('',#4768,.T.);
#4768=EDGE_LOOP('',(#4769,#4770,#4771));
#4769=ORIENTED_EDGE('',*,*,#4772,.T.);
#4770=ORIENTED_EDGE('',*,*,#4773,.T.);
#4771=ORIENTED_EDGE('',*,*,#4774,.T.);
#4772=EDGE_CURVE('',#159,#403,#4775,.F.);
#4773=EDGE_CURVE('',#403,#81,#4776,.T.);
#4774=EDGE_CURVE('',#81,#159,#4777,.T.);
#4775=LINE('',#158,#4778);
#4776=LINE('',#402,#4779);
#4777=LINE('',#80,#4780);
#4778=VECTOR('',#4781,1.0);
#4779=VECTOR('',#4782,1.0);
#4780=VECTOR('',#4783,1.0);
#4781=DIRECTION('',(0.06707561472492926,-0.9977478949660946,0));
#4782=DIRECTION('',(-0.01873560640296327,0.27869162177834367,-0.9601978738797904));
#4783=DIRECTION('',(0,0,1));
#4784=FACE_SURFACE('',(#4789),#4785,.T.);
#4785=PLANE('',#4786);
#4786=AXIS2_PLACEMENT_3D('',#248,#4787,#4788);
#4787=DIRECTION('',(0.9981310811736275,-0.06110928567055517,0));
#4788=DIRECTION('',(0,0,-1));
#4789=FACE_BOUND('',#4790,.T.);
#4790=EDGE_LOOP('',(#4791,#4792,#4793));
#4791=ORIENTED_EDGE('',*,*,#4794,.T.);
#4792=ORIENTED_EDGE('',*,*,#4795,.T.);
#4793=ORIENTED_EDGE('',*,*,#4796,.T.);
#4794=EDGE_CURVE('',#249,#399,#4797,.F.);
#4795=EDGE_CURVE('',#399,#223,#4798,.T.);
#4796=EDGE_CURVE('',#223,#249,#4799,.T.);
#4797=LINE('',#248,#4800);
#4798=LINE('',#398,#4801);
#4799=LINE('',#222,#4802);
#4800=VECTOR('',#4803,1.0);
#4801=VECTOR('',#4804,1.0);
#4802=VECTOR('',#4805,1.0);
#4803=DIRECTION('',(0,0,-1));
#4804=DIRECTION('',(0.003790108546956395,0.06190589695539186,0.9980747942911646));
#4805=DIRECTION('',(-0.06110928567055518,-0.9981310811736275,0));
#4806=FACE_SURFACE('',(#4811),#4807,.T.);
#4807=PLANE('',#4808);
#4808=AXIS2_PLACEMENT_3D('',#292,#4809,#4810);
#4809=DIRECTION('',(0.9981310811736275,-0.06110928567055517,0));
#4810=DIRECTION('',(0,0,1));
#4811=FACE_BOUND('',#4812,.T.);
#4812=EDGE_LOOP('',(#4813,#4814,#4815));
#4813=ORIENTED_EDGE('',*,*,#4816,.T.);
#4814=ORIENTED_EDGE('',*,*,#4817,.T.);
#4815=ORIENTED_EDGE('',*,*,#4818,.T.);
#4816=EDGE_CURVE('',#293,#223,#4819,.F.);
#4817=EDGE_CURVE('',#223,#399,#4820,.T.);
#4818=EDGE_CURVE('',#399,#293,#4821,.T.);
#4819=LINE('',#292,#4822);
#4820=LINE('',#222,#4823);
#4821=LINE('',#398,#4824);
#4822=VECTOR('',#4825,1.0);
#4823=VECTOR('',#4826,1.0);
#4824=VECTOR('',#4827,1.0);
#4825=DIRECTION('',(0,0,1));
#4826=DIRECTION('',(-0.003790108546956395,-0.06190589695539186,-0.9980747942911646));
#4827=DIRECTION('',(0.06110928567055518,0.9981310811736275,0));
#4828=FACE_SURFACE('',(#4833),#4829,.T.);
#4829=PLANE('',#4830);
#4830=AXIS2_PLACEMENT_3D('',#406,#4831,#4832);
#4831=DIRECTION('',(0.06707548257574335,-0.9977479038500814,0));
#4832=DIRECTION('',(0,0,-1));
#4833=FACE_BOUND('',#4834,.T.);
#4834=EDGE_LOOP('',(#4835,#4836,#4837));
#4835=ORIENTED_EDGE('',*,*,#4838,.T.);
#4836=ORIENTED_EDGE('',*,*,#4839,.T.);
#4837=ORIENTED_EDGE('',*,*,#4840,.T.);
#4838=EDGE_CURVE('',#407,#409,#4841,.F.);
#4839=EDGE_CURVE('',#409,#63,#4842,.T.);
#4840=EDGE_CURVE('',#63,#407,#4843,.T.);
#4841=LINE('',#406,#4844);
#4842=LINE('',#408,#4845);
#4843=LINE('',#62,#4846);
#4844=VECTOR('',#4847,1.0);
#4845=VECTOR('',#4848,1.0);
#4846=VECTOR('',#4849,1.0);
#4847=DIRECTION('',(0,0,-1));
#4848=DIRECTION('',(0.9977479038500814,0.06707548257574335,0));
#4849=DIRECTION('',(-0.27869162197194897,-0.018735569337155856,0.9601978745468337));
#4850=FACE_SURFACE('',(#4855),#4851,.T.);
#4851=PLANE('',#4852);
#4852=AXIS2_PLACEMENT_3D('',#406,#4853,#4854);
#4853=DIRECTION('',(0.06707548257574335,-0.9977479038500814,0));
#4854=DIRECTION('',(0.27869162197194897,0.018735569337155856,-0.9601978745468337));
#4855=FACE_BOUND('',#4856,.T.);
#4856=EDGE_LOOP('',(#4857,#4858,#4859));
#4857=ORIENTED_EDGE('',*,*,#4860,.T.);
#4858=ORIENTED_EDGE('',*,*,#4861,.T.);
#4859=ORIENTED_EDGE('',*,*,#4862,.T.);
#4860=EDGE_CURVE('',#407,#63,#4863,.F.);
#4861=EDGE_CURVE('',#63,#333,#4864,.T.);
#4862=EDGE_CURVE('',#333,#407,#4865,.T.);
#4863=LINE('',#406,#4866);
#4864=LINE('',#62,#4867);
#4865=LINE('',#332,#4868);
#4866=VECTOR('',#4869,1.0);
#4867=VECTOR('',#4870,1.0);
#4868=VECTOR('',#4871,1.0);
#4869=DIRECTION('',(0.27869162197194897,0.018735569337155856,-0.9601978745468337));
#4870=DIRECTION('',(0,0,1));
#4871=DIRECTION('',(-0.9977479038500814,-0.06707548257574335,0));
#4872=FACE_SURFACE('',(#4877),#4873,.T.);
#4873=PLANE('',#4874);
#4874=AXIS2_PLACEMENT_3D('',#410,#4875,#4876);
#4875=DIRECTION('',(0,0,1));
#4876=DIRECTION('',(-0.6520390298302459,0.7581854018497268,0));
#4877=FACE_BOUND('',#4878,.T.);
#4878=EDGE_LOOP('',(#4879,#4880,#4881));
#4879=ORIENTED_EDGE('',*,*,#4882,.T.);
#4880=ORIENTED_EDGE('',*,*,#4883,.T.);
#4881=ORIENTED_EDGE('',*,*,#4884,.T.);
#4882=EDGE_CURVE('',#411,#413,#4885,.F.);
#4883=EDGE_CURVE('',#413,#415,#4886,.T.);
#4884=EDGE_CURVE('',#415,#411,#4887,.T.);
#4885=LINE('',#410,#4888);
#4886=LINE('',#412,#4889);
#4887=LINE('',#414,#4890);
#4888=VECTOR('',#4891,1.0);
#4889=VECTOR('',#4892,1.0);
#4890=VECTOR('',#4893,1.0);
#4891=DIRECTION('',(-0.6520390298302459,0.7581854018497268,0));
#4892=DIRECTION('',(-0.7912850275852881,-0.6114474671787836,0));
#4893=DIRECTION('',(0.919539295534897,0.3929980712003375,0));
#4894=FACE_SURFACE('',(#4899),#4895,.T.);
#4895=PLANE('',#4896);
#4896=AXIS2_PLACEMENT_3D('',#404,#4897,#4898);
#4897=DIRECTION('',(0,0,1));
#4898=DIRECTION('',(-0.9654996255626382,-0.26040444128010803,0));
#4899=FACE_BOUND('',#4900,.T.);
#4900=EDGE_LOOP('',(#4901,#4902,#4903));
#4901=ORIENTED_EDGE('',*,*,#4904,.T.);
#4902=ORIENTED_EDGE('',*,*,#4905,.T.);
#4903=ORIENTED_EDGE('',*,*,#4906,.T.);
#4904=EDGE_CURVE('',#405,#361,#4907,.F.);
#4905=EDGE_CURVE('',#361,#365,#4908,.T.);
#4906=EDGE_CURVE('',#365,#405,#4909,.T.);
#4907=LINE('',#404,#4910);
#4908=LINE('',#360,#4911);
#4909=LINE('',#364,#4912);
#4910=VECTOR('',#4913,1.0);
#4911=VECTOR('',#4914,1.0);
#4912=VECTOR('',#4915,1.0);
#4913=DIRECTION('',(-0.9654996255626382,-0.26040444128010803,0));
#4914=DIRECTION('',(0.9999344525176771,0.011449483314690891,0));
#4915=DIRECTION('',(-0.32080683605778987,0.9471446425644768,0));
#4916=FACE_SURFACE('',(#4921),#4917,.T.);
#4917=PLANE('',#4918);
#4918=AXIS2_PLACEMENT_3D('',#290,#4919,#4920);
#4919=DIRECTION('',(0.9981310811736275,0.06110928567055517,-0));
#4920=DIRECTION('',(0,0,1));
#4921=FACE_BOUND('',#4922,.T.);
#4922=EDGE_LOOP('',(#4923,#4924,#4925));
#4923=ORIENTED_EDGE('',*,*,#4926,.T.);
#4924=ORIENTED_EDGE('',*,*,#4927,.T.);
#4925=ORIENTED_EDGE('',*,*,#4928,.T.);
#4926=EDGE_CURVE('',#291,#225,#4929,.F.);
#4927=EDGE_CURVE('',#225,#223,#4930,.T.);
#4928=EDGE_CURVE('',#223,#291,#4931,.T.);
#4929=LINE('',#290,#4932);
#4930=LINE('',#224,#4933);
#4931=LINE('',#222,#4934);
#4932=VECTOR('',#4935,1.0);
#4933=VECTOR('',#4936,1.0);
#4934=VECTOR('',#4937,1.0);
#4935=DIRECTION('',(0,0,1));
#4936=DIRECTION('',(0.06110928567055518,-0.9981310811736275,0));
#4937=DIRECTION('',(-0.003790108546956395,0.06190589695539186,-0.9980747942911646));
#4938=FACE_SURFACE('',(#4943),#4939,.T.);
#4939=PLANE('',#4940);
#4940=AXIS2_PLACEMENT_3D('',#290,#4941,#4942);
#4941=DIRECTION('',(0.9981310811736275,0.06110928567055517,0));
#4942=DIRECTION('',(0.003790108546956395,-0.06190589695539186,0.9980747942911646));
#4943=FACE_BOUND('',#4944,.T.);
#4944=EDGE_LOOP('',(#4945,#4946,#4947));
#4945=ORIENTED_EDGE('',*,*,#4948,.T.);
#4946=ORIENTED_EDGE('',*,*,#4949,.T.);
#4947=ORIENTED_EDGE('',*,*,#4950,.T.);
#4948=EDGE_CURVE('',#291,#223,#4951,.F.);
#4949=EDGE_CURVE('',#223,#293,#4952,.T.);
#4950=EDGE_CURVE('',#293,#291,#4953,.T.);
#4951=LINE('',#290,#4954);
#4952=LINE('',#222,#4955);
#4953=LINE('',#292,#4956);
#4954=VECTOR('',#4957,1.0);
#4955=VECTOR('',#4958,1.0);
#4956=VECTOR('',#4959,1.0);
#4957=DIRECTION('',(0.003790108546956395,-0.06190589695539186,0.9980747942911646));
#4958=DIRECTION('',(0,0,-1));
#4959=DIRECTION('',(-0.06110928567055518,0.9981310811736275,0));
#4960=FACE_SURFACE('',(#4965),#4961,.T.);
#4961=PLANE('',#4962);
#4962=AXIS2_PLACEMENT_3D('',#316,#4963,#4964);
#4963=DIRECTION('',(-0.9977479038500814,0.06707548257574335,0));
#4964=DIRECTION('',(-0.06707548257574335,-0.9977479038500814,0));
#4965=FACE_BOUND('',#4966,.T.);
#4966=EDGE_LOOP('',(#4967,#4968,#4969));
#4967=ORIENTED_EDGE('',*,*,#4970,.T.);
#4968=ORIENTED_EDGE('',*,*,#4971,.T.);
#4969=ORIENTED_EDGE('',*,*,#4972,.T.);
#4970=EDGE_CURVE('',#317,#417,#4973,.F.);
#4971=EDGE_CURVE('',#417,#49,#4974,.T.);
#4972=EDGE_CURVE('',#49,#317,#4975,.T.);
#4973=LINE('',#316,#4976);
#4974=LINE('',#416,#4977);
#4975=LINE('',#48,#4978);
#4976=VECTOR('',#4979,1.0);
#4977=VECTOR('',#4980,1.0);
#4978=VECTOR('',#4981,1.0);
#4979=DIRECTION('',(-0.06707548257574335,-0.9977479038500814,0));
#4980=DIRECTION('',(0,0,1));
#4981=DIRECTION('',(0.018735569337155856,0.27869162197194897,-0.9601978745468337));
#4982=FACE_SURFACE('',(#4987),#4983,.T.);
#4983=PLANE('',#4984);
#4984=AXIS2_PLACEMENT_3D('',#48,#4985,#4986);
#4985=DIRECTION('',(-0.9977479038500814,-0.06707548257574335,-0));
#4986=DIRECTION('',(0,0,-1));
#4987=FACE_BOUND('',#4988,.T.);
#4988=EDGE_LOOP('',(#4989,#4990,#4991));
#4989=ORIENTED_EDGE('',*,*,#4992,.T.);
#4990=ORIENTED_EDGE('',*,*,#4993,.T.);
#4991=ORIENTED_EDGE('',*,*,#4994,.T.);
#4992=EDGE_CURVE('',#49,#417,#4995,.F.);
#4993=EDGE_CURVE('',#417,#419,#4996,.T.);
#4994=EDGE_CURVE('',#419,#49,#4997,.T.);
#4995=LINE('',#48,#4998);
#4996=LINE('',#416,#4999);
#4997=LINE('',#418,#5000);
#4998=VECTOR('',#5001,1.0);
#4999=VECTOR('',#5002,1.0);
#5000=VECTOR('',#5003,1.0);
#5001=DIRECTION('',(0,0,-1));
#5002=DIRECTION('',(0.06707548257574335,-0.9977479038500814,0));
#5003=DIRECTION('',(-0.018735569337155856,0.27869162197194897,0.9601978745468337));
#5004=FACE_SURFACE('',(#5009),#5005,.T.);
#5005=PLANE('',#5006);
#5006=AXIS2_PLACEMENT_3D('',#48,#5007,#5008);
#5007=DIRECTION('',(-0.9977479038500814,-0.06707548257574335,0));
#5008=DIRECTION('',(0.018735569337155856,-0.27869162197194897,-0.9601978745468337));
#5009=FACE_BOUND('',#5010,.T.);
#5010=EDGE_LOOP('',(#5011,#5012,#5013));
#5011=ORIENTED_EDGE('',*,*,#5014,.T.);
#5012=ORIENTED_EDGE('',*,*,#5015,.T.);
#5013=ORIENTED_EDGE('',*,*,#5016,.T.);
#5014=EDGE_CURVE('',#49,#419,#5017,.F.);
#5015=EDGE_CURVE('',#419,#57,#5018,.T.);
#5016=EDGE_CURVE('',#57,#49,#5019,.T.);
#5017=LINE('',#48,#5020);
#5018=LINE('',#418,#5021);
#5019=LINE('',#56,#5022);
#5020=VECTOR('',#5023,1.0);
#5021=VECTOR('',#5024,1.0);
#5022=VECTOR('',#5025,1.0);
#5023=DIRECTION('',(0.018735569337155856,-0.27869162197194897,-0.9601978745468337));
#5024=DIRECTION('',(0,0,1));
#5025=DIRECTION('',(-0.06707548257574335,0.9977479038500814,0));
#5026=FACE_SURFACE('',(#5031),#5027,.T.);
#5027=PLANE('',#5028);
#5028=AXIS2_PLACEMENT_3D('',#364,#5029,#5030);
#5029=DIRECTION('',(0,0,1));
#5030=DIRECTION('',(-0.9234314071829757,-0.3837635160200475,0));
#5031=FACE_BOUND('',#5032,.T.);
#5032=EDGE_LOOP('',(#5033,#5034,#5035));
#5033=ORIENTED_EDGE('',*,*,#5036,.T.);
#5034=ORIENTED_EDGE('',*,*,#5037,.T.);
#5035=ORIENTED_EDGE('',*,*,#5038,.T.);
#5036=EDGE_CURVE('',#365,#363,#5039,.F.);
#5037=EDGE_CURVE('',#363,#369,#5040,.T.);
#5038=EDGE_CURVE('',#369,#365,#5041,.T.);
#5039=LINE('',#364,#5042);
#5040=LINE('',#362,#5043);
#5041=LINE('',#368,#5044);
#5042=VECTOR('',#5045,1.0);
#5043=VECTOR('',#5046,1.0);
#5044=VECTOR('',#5047,1.0);
#5045=DIRECTION('',(-0.9234314071829757,-0.3837635160200475,0));
#5046=DIRECTION('',(0.9900255049598051,0.1408882519200339,0));
#5047=DIRECTION('',(-0.4411189243323793,0.8974486584734777,0));
#5048=FACE_SURFACE('',(#5053),#5049,.T.);
#5049=PLANE('',#5050);
#5050=AXIS2_PLACEMENT_3D('',#290,#5051,#5052);
#5051=DIRECTION('',(0.9789804399649323,0.2039541570208053,-0));
#5052=DIRECTION('',(-0.012633906276445485,0.060642780248546885,0.9980795747914714));
#5053=FACE_BOUND('',#5054,.T.);
#5054=EDGE_LOOP('',(#5055,#5056,#5057));
#5055=ORIENTED_EDGE('',*,*,#5058,.T.);
#5056=ORIENTED_EDGE('',*,*,#5059,.T.);
#5057=ORIENTED_EDGE('',*,*,#5060,.T.);
#5058=EDGE_CURVE('',#291,#421,#5061,.F.);
#5059=EDGE_CURVE('',#421,#225,#5062,.T.);
#5060=EDGE_CURVE('',#225,#291,#5063,.T.);
#5061=LINE('',#290,#5064);
#5062=LINE('',#420,#5065);
#5063=LINE('',#224,#5066);
#5064=VECTOR('',#5067,1.0);
#5065=VECTOR('',#5068,1.0);
#5066=VECTOR('',#5069,1.0);
#5067=DIRECTION('',(-0.012633906276445485,0.060642780248546885,0.9980795747914714));
#5068=DIRECTION('',(0.20395415702080533,-0.9789804399649324,0));
#5069=DIRECTION('',(0,0,-1));
#5070=FACE_SURFACE('',(#5075),#5071,.T.);
#5071=PLANE('',#5072);
#5072=AXIS2_PLACEMENT_3D('',#418,#5073,#5074);
#5073=DIRECTION('',(-0.9815287175237907,-0.1913148626638883,0));
#5074=DIRECTION('',(0.1913148626638883,-0.9815287175237908,0));
#5075=FACE_BOUND('',#5076,.T.);
#5076=EDGE_LOOP('',(#5077,#5078,#5079));
#5077=ORIENTED_EDGE('',*,*,#5080,.T.);
#5078=ORIENTED_EDGE('',*,*,#5081,.T.);
#5079=ORIENTED_EDGE('',*,*,#5082,.T.);
#5080=EDGE_CURVE('',#419,#423,#5083,.F.);
#5081=EDGE_CURVE('',#423,#85,#5084,.T.);
#5082=EDGE_CURVE('',#85,#419,#5085,.T.);
#5083=LINE('',#418,#5086);
#5084=LINE('',#422,#5087);
#5085=LINE('',#84,#5088);
#5086=VECTOR('',#5089,1.0);
#5087=VECTOR('',#5090,1.0);
#5088=VECTOR('',#5091,1.0);
#5089=DIRECTION('',(0.1913148626638883,-0.9815287175237908,0));
#5090=DIRECTION('',(0,0,1));
#5091=DIRECTION('',(-0.05383110900664533,0.2761770761062214,-0.9595980587394564));
#5092=FACE_SURFACE('',(#5097),#5093,.T.);
#5093=PLANE('',#5094);
#5094=AXIS2_PLACEMENT_3D('',#418,#5095,#5096);
#5095=DIRECTION('',(-0.9815287175237907,-0.1913148626638883,0));
#5096=DIRECTION('',(0.05383110900664533,-0.2761770761062214,0.9595980587394564));
#5097=FACE_BOUND('',#5098,.T.);
#5098=EDGE_LOOP('',(#5099,#5100,#5101));
#5099=ORIENTED_EDGE('',*,*,#5102,.T.);
#5100=ORIENTED_EDGE('',*,*,#5103,.T.);
#5101=ORIENTED_EDGE('',*,*,#5104,.T.);
#5102=EDGE_CURVE('',#419,#85,#5105,.F.);
#5103=EDGE_CURVE('',#85,#57,#5106,.T.);
#5104=EDGE_CURVE('',#57,#419,#5107,.T.);
#5105=LINE('',#418,#5108);
#5106=LINE('',#84,#5109);
#5107=LINE('',#56,#5110);
#5108=VECTOR('',#5111,1.0);
#5109=VECTOR('',#5112,1.0);
#5110=VECTOR('',#5113,1.0);
#5111=DIRECTION('',(0.05383110900664533,-0.2761770761062214,0.9595980587394564));
#5112=DIRECTION('',(-0.1913148626638883,0.9815287175237908,0));
#5113=DIRECTION('',(0,0,-1));
#5114=FACE_SURFACE('',(#5119),#5115,.T.);
#5115=PLANE('',#5116);
#5116=AXIS2_PLACEMENT_3D('',#368,#5117,#5118);
#5117=DIRECTION('',(0,0,1));
#5118=DIRECTION('',(-0.8665177671735,-0.4991462302498657,0));
#5119=FACE_BOUND('',#5120,.T.);
#5120=EDGE_LOOP('',(#5121,#5122,#5123));
#5121=ORIENTED_EDGE('',*,*,#5124,.T.);
#5122=ORIENTED_EDGE('',*,*,#5125,.T.);
#5123=ORIENTED_EDGE('',*,*,#5126,.T.);
#5124=EDGE_CURVE('',#369,#367,#5127,.F.);
#5125=EDGE_CURVE('',#367,#413,#5128,.T.);
#5126=EDGE_CURVE('',#413,#369,#5129,.T.);
#5127=LINE('',#368,#5130);
#5128=LINE('',#366,#5131);
#5129=LINE('',#412,#5132);
#5130=VECTOR('',#5133,1.0);
#5131=VECTOR('',#5134,1.0);
#5132=VECTOR('',#5135,1.0);
#5133=DIRECTION('',(-0.8665177671735,-0.4991462302498657,0));
#5134=DIRECTION('',(0.9628057772306136,0.27019443986017566,0));
#5135=DIRECTION('',(-0.554700196225229,0.8320502943378436,0));
#5136=FACE_SURFACE('',(#5141),#5137,.T.);
#5137=PLANE('',#5138);
#5138=AXIS2_PLACEMENT_3D('',#304,#5139,#5140);
#5139=DIRECTION('',(-0.978980409623938,0.20395430265759665,0));
#5140=DIRECTION('',(0,0,1));
#5141=FACE_BOUND('',#5142,.T.);
#5142=EDGE_LOOP('',(#5143,#5144,#5145));
#5143=ORIENTED_EDGE('',*,*,#5146,.T.);
#5144=ORIENTED_EDGE('',*,*,#5147,.T.);
#5145=ORIENTED_EDGE('',*,*,#5148,.T.);
#5146=EDGE_CURVE('',#305,#425,#5149,.F.);
#5147=EDGE_CURVE('',#425,#175,#5150,.T.);
#5148=EDGE_CURVE('',#175,#305,#5151,.T.);
#5149=LINE('',#304,#5152);
#5150=LINE('',#424,#5153);
#5151=LINE('',#174,#5154);
#5152=VECTOR('',#5155,1.0);
#5153=VECTOR('',#5156,1.0);
#5154=VECTOR('',#5157,1.0);
#5155=DIRECTION('',(0,0,1));
#5156=DIRECTION('',(0.20395430265759665,0.9789804096239381,0));
#5157=DIRECTION('',(-0.012633915687945696,-0.06064278024133506,-0.9980795746727767));
#5158=FACE_SURFACE('',(#5163),#5159,.T.);
#5159=PLANE('',#5160);
#5160=AXIS2_PLACEMENT_3D('',#422,#5161,#5162);
#5161=DIRECTION('',(-0.9452840242800848,-0.32624854549997345,0));
#5162=DIRECTION('',(0.3262485454999734,-0.9452840242800846,0));
#5163=FACE_BOUND('',#5164,.T.);
#5164=EDGE_LOOP('',(#5165,#5166,#5167));
#5165=ORIENTED_EDGE('',*,*,#5168,.T.);
#5166=ORIENTED_EDGE('',*,*,#5169,.T.);
#5167=ORIENTED_EDGE('',*,*,#5170,.T.);
#5168=EDGE_CURVE('',#423,#427,#5171,.F.);
#5169=EDGE_CURVE('',#427,#45,#5172,.T.);
#5170=EDGE_CURVE('',#45,#423,#5173,.T.);
#5171=LINE('',#422,#5174);
#5172=LINE('',#426,#5175);
#5173=LINE('',#44,#5176);
#5174=VECTOR('',#5177,1.0);
#5175=VECTOR('',#5178,1.0);
#5176=VECTOR('',#5179,1.0);
#5177=DIRECTION('',(0.3262485454999734,-0.9452840242800846,0));
#5178=DIRECTION('',(0,0,1));
#5179=DIRECTION('',(-0.09131962392103314,0.2645926940870457,-0.9600267873984977));
#5180=FACE_SURFACE('',(#5185),#5181,.T.);
#5181=PLANE('',#5182);
#5182=AXIS2_PLACEMENT_3D('',#422,#5183,#5184);
#5183=DIRECTION('',(-0.9452840242800848,-0.32624854549997345,0));
#5184=DIRECTION('',(0.09131962392103314,-0.2645926940870457,0.9600267873984977));
#5185=FACE_BOUND('',#5186,.T.);
#5186=EDGE_LOOP('',(#5187,#5188,#5189));
#5187=ORIENTED_EDGE('',*,*,#5190,.T.);
#5188=ORIENTED_EDGE('',*,*,#5191,.T.);
#5189=ORIENTED_EDGE('',*,*,#5192,.T.);
#5190=EDGE_CURVE('',#423,#45,#5193,.F.);
#5191=EDGE_CURVE('',#45,#85,#5194,.T.);
#5192=EDGE_CURVE('',#85,#423,#5195,.T.);
#5193=LINE('',#422,#5196);
#5194=LINE('',#44,#5197);
#5195=LINE('',#84,#5198);
#5196=VECTOR('',#5199,1.0);
#5197=VECTOR('',#5200,1.0);
#5198=VECTOR('',#5201,1.0);
#5199=DIRECTION('',(0.09131962392103314,-0.2645926940870457,0.9600267873984977));
#5200=DIRECTION('',(-0.3262485454999734,0.9452840242800846,0));
#5201=DIRECTION('',(0,0,-1));
#5202=FACE_SURFACE('',(#5207),#5203,.T.);
#5203=PLANE('',#5204);
#5204=AXIS2_PLACEMENT_3D('',#304,#5205,#5206);
#5205=DIRECTION('',(-0.9981310348876842,0.06111004167925623,0));
#5206=DIRECTION('',(-0.06111004167925623,-0.9981310348876843,0));
#5207=FACE_BOUND('',#5208,.T.);
#5208=EDGE_LOOP('',(#5209,#5210,#5211));
#5209=ORIENTED_EDGE('',*,*,#5212,.T.);
#5210=ORIENTED_EDGE('',*,*,#5213,.T.);
#5211=ORIENTED_EDGE('',*,*,#5214,.T.);
#5212=EDGE_CURVE('',#305,#379,#5215,.F.);
#5213=EDGE_CURVE('',#379,#357,#5216,.T.);
#5214=EDGE_CURVE('',#357,#305,#5217,.T.);
#5215=LINE('',#304,#5218);
#5216=LINE('',#378,#5219);
#5217=LINE('',#356,#5220);
#5218=VECTOR('',#5221,1.0);
#5219=VECTOR('',#5222,1.0);
#5220=VECTOR('',#5223,1.0);
#5221=DIRECTION('',(-0.06111004167925623,-0.9981310348876843,0));
#5222=DIRECTION('',(0,0,1));
#5223=DIRECTION('',(0.0037901556110682415,0.061905896944348976,-0.9980747941131263));
#5224=FACE_SURFACE('',(#5229),#5225,.T.);
#5225=PLANE('',#5226);
#5226=AXIS2_PLACEMENT_3D('',#304,#5227,#5228);
#5227=DIRECTION('',(-0.9981310348876842,0.06111004167925623,0));
#5228=DIRECTION('',(-0.0037901556110682415,-0.061905896944348976,0.9980747941131263));
#5229=FACE_BOUND('',#5230,.T.);
#5230=EDGE_LOOP('',(#5231,#5232,#5233));
#5231=ORIENTED_EDGE('',*,*,#5234,.T.);
#5232=ORIENTED_EDGE('',*,*,#5235,.T.);
#5233=ORIENTED_EDGE('',*,*,#5236,.T.);
#5234=EDGE_CURVE('',#305,#357,#5237,.F.);
#5235=EDGE_CURVE('',#357,#425,#5238,.T.);
#5236=EDGE_CURVE('',#425,#305,#5239,.T.);
#5237=LINE('',#304,#5240);
#5238=LINE('',#356,#5241);
#5239=LINE('',#424,#5242);
#5240=VECTOR('',#5243,1.0);
#5241=VECTOR('',#5244,1.0);
#5242=VECTOR('',#5245,1.0);
#5243=DIRECTION('',(-0.0037901556110682415,-0.061905896944348976,0.9980747941131263));
#5244=DIRECTION('',(0.06111004167925623,0.9981310348876843,0));
#5245=DIRECTION('',(0,0,-1));
#5246=FACE_SURFACE('',(#5251),#5247,.T.);
#5247=PLANE('',#5248);
#5248=AXIS2_PLACEMENT_3D('',#40,#5249,#5250);
#5249=DIRECTION('',(-0.8960958420180328,-0.4438606109106697,-0));
#5250=DIRECTION('',(-0.4438606109106697,0.8960958420180327,0));
#5251=FACE_BOUND('',#5252,.T.);
#5252=EDGE_LOOP('',(#5253,#5254,#5255));
#5253=ORIENTED_EDGE('',*,*,#5256,.T.);
#5254=ORIENTED_EDGE('',*,*,#5257,.T.);
#5255=ORIENTED_EDGE('',*,*,#5258,.T.);
#5256=EDGE_CURVE('',#41,#45,#5259,.F.);
#5257=EDGE_CURVE('',#45,#429,#5260,.T.);
#5258=EDGE_CURVE('',#429,#41,#5261,.T.);
#5259=LINE('',#40,#5262);
#5260=LINE('',#44,#5263);
#5261=LINE('',#428,#5264);
#5262=VECTOR('',#5265,1.0);
#5263=VECTOR('',#5266,1.0);
#5264=VECTOR('',#5267,1.0);
#5265=DIRECTION('',(-0.4438606109106697,0.8960958420180327,0));
#5266=DIRECTION('',(0.12411191868776486,-0.25056554140455,-0.9601110045720164));
#5267=DIRECTION('',(0,0,1));
#5268=FACE_SURFACE('',(#5273),#5269,.T.);
#5269=PLANE('',#5270);
#5270=AXIS2_PLACEMENT_3D('',#426,#5271,#5272);
#5271=DIRECTION('',(-0.8960958420180328,-0.4438606109106697,0));
#5272=DIRECTION('',(0.4438606109106697,-0.8960958420180327,0));
#5273=FACE_BOUND('',#5274,.T.);
#5274=EDGE_LOOP('',(#5275,#5276,#5277));
#5275=ORIENTED_EDGE('',*,*,#5278,.T.);
#5276=ORIENTED_EDGE('',*,*,#5279,.T.);
#5277=ORIENTED_EDGE('',*,*,#5280,.T.);
#5278=EDGE_CURVE('',#427,#429,#5281,.F.);
#5279=EDGE_CURVE('',#429,#45,#5282,.T.);
#5280=EDGE_CURVE('',#45,#427,#5283,.T.);
#5281=LINE('',#426,#5284);
#5282=LINE('',#428,#5285);
#5283=LINE('',#44,#5286);
#5284=VECTOR('',#5287,1.0);
#5285=VECTOR('',#5288,1.0);
#5286=VECTOR('',#5289,1.0);
#5287=DIRECTION('',(0.4438606109106697,-0.8960958420180327,0));
#5288=DIRECTION('',(-0.12411191868776486,0.25056554140455,0.9601110045720164));
#5289=DIRECTION('',(0,0,-1));
#5290=FACE_SURFACE('',(#5295),#5291,.T.);
#5291=PLANE('',#5292);
#5292=AXIS2_PLACEMENT_3D('',#366,#5293,#5294);
#5293=DIRECTION('',(-0,0,1));
#5294=DIRECTION('',(0.557034979892484,-0.8304890313400773,0));
#5295=FACE_BOUND('',#5296,.T.);
#5296=EDGE_LOOP('',(#5297,#5298,#5299));
#5297=ORIENTED_EDGE('',*,*,#5300,.T.);
#5298=ORIENTED_EDGE('',*,*,#5301,.T.);
#5299=ORIENTED_EDGE('',*,*,#5302,.T.);
#5300=EDGE_CURVE('',#367,#415,#5303,.F.);
#5301=EDGE_CURVE('',#415,#413,#5304,.T.);
#5302=EDGE_CURVE('',#413,#367,#5305,.T.);
#5303=LINE('',#366,#5306);
#5304=LINE('',#414,#5307);
#5305=LINE('',#412,#5308);
#5306=VECTOR('',#5309,1.0);
#5307=VECTOR('',#5310,1.0);
#5308=VECTOR('',#5311,1.0);
#5309=DIRECTION('',(0.557034979892484,-0.8304890313400773,0));
#5310=DIRECTION('',(0.7912850275852881,0.6114474671787836,0));
#5311=DIRECTION('',(-0.9628057772306136,-0.27019443986017566,0));
#5312=FACE_SURFACE('',(#5317),#5313,.T.);
#5313=PLANE('',#5314);
#5314=AXIS2_PLACEMENT_3D('',#52,#5315,#5316);
#5315=DIRECTION('',(-0.8346094214274896,-0.5508421858068524,-0));
#5316=DIRECTION('',(-0.5508421858068525,0.8346094214274897,0));
#5317=FACE_BOUND('',#5318,.T.);
#5318=EDGE_LOOP('',(#5319,#5320,#5321));
#5319=ORIENTED_EDGE('',*,*,#5322,.T.);
#5320=ORIENTED_EDGE('',*,*,#5323,.T.);
#5321=ORIENTED_EDGE('',*,*,#5324,.T.);
#5322=EDGE_CURVE('',#53,#41,#5325,.F.);
#5323=EDGE_CURVE('',#41,#431,#5326,.T.);
#5324=EDGE_CURVE('',#431,#53,#5327,.T.);
#5325=LINE('',#52,#5328);
#5326=LINE('',#40,#5329);
#5327=LINE('',#430,#5330);
#5328=VECTOR('',#5331,1.0);
#5329=VECTOR('',#5332,1.0);
#5330=VECTOR('',#5333,1.0);
#5331=DIRECTION('',(-0.5508421858068525,0.8346094214274897,0));
#5332=DIRECTION('',(0.15451292554238313,-0.23411050698868413,-0.9598531274928656));
#5333=DIRECTION('',(0,0,1));
#5334=FACE_SURFACE('',(#5339),#5335,.T.);
#5335=PLANE('',#5336);
#5336=AXIS2_PLACEMENT_3D('',#428,#5337,#5338);
#5337=DIRECTION('',(-0.8346094214274896,-0.5508421858068524,0));
#5338=DIRECTION('',(0.5508421858068525,-0.8346094214274897,0));
#5339=FACE_BOUND('',#5340,.T.);
#5340=EDGE_LOOP('',(#5341,#5342,#5343));
#5341=ORIENTED_EDGE('',*,*,#5344,.T.);
#5342=ORIENTED_EDGE('',*,*,#5345,.T.);
#5343=ORIENTED_EDGE('',*,*,#5346,.T.);
#5344=EDGE_CURVE('',#429,#431,#5347,.F.);
#5345=EDGE_CURVE('',#431,#41,#5348,.T.);
#5346=EDGE_CURVE('',#41,#429,#5349,.T.);
#5347=LINE('',#428,#5350);
#5348=LINE('',#430,#5351);
#5349=LINE('',#40,#5352);
#5350=VECTOR('',#5353,1.0);
#5351=VECTOR('',#5354,1.0);
#5352=VECTOR('',#5355,1.0);
#5353=DIRECTION('',(0.5508421858068525,-0.8346094214274897,0));
#5354=DIRECTION('',(-0.15451292554238313,0.23411050698868413,0.9598531274928656));
#5355=DIRECTION('',(0,0,-1));
#5356=FACE_SURFACE('',(#5361),#5357,.T.);
#5357=PLANE('',#5358);
#5358=AXIS2_PLACEMENT_3D('',#356,#5359,#5360);
#5359=DIRECTION('',(-0.9981310348876842,-0.06111004167925623,-0));
#5360=DIRECTION('',(0,0,-1));
#5361=FACE_BOUND('',#5362,.T.);
#5362=EDGE_LOOP('',(#5363,#5364,#5365));
#5363=ORIENTED_EDGE('',*,*,#5366,.T.);
#5364=ORIENTED_EDGE('',*,*,#5367,.T.);
#5365=ORIENTED_EDGE('',*,*,#5368,.T.);
#5366=EDGE_CURVE('',#357,#379,#5369,.F.);
#5367=EDGE_CURVE('',#379,#359,#5370,.T.);
#5368=EDGE_CURVE('',#359,#357,#5371,.T.);
#5369=LINE('',#356,#5372);
#5370=LINE('',#378,#5373);
#5371=LINE('',#358,#5374);
#5372=VECTOR('',#5375,1.0);
#5373=VECTOR('',#5376,1.0);
#5374=VECTOR('',#5377,1.0);
#5375=DIRECTION('',(0,0,-1));
#5376=DIRECTION('',(0.0037901556110682415,-0.061905896944348976,0.9980747941131263));
#5377=DIRECTION('',(-0.06111004167925623,0.9981310348876843,0));
#5378=FACE_SURFACE('',(#5383),#5379,.T.);
#5379=PLANE('',#5380);
#5380=AXIS2_PLACEMENT_3D('',#358,#5381,#5382);
#5381=DIRECTION('',(-0.978980434908092,-0.20395418129365,0));
#5382=DIRECTION('',(0.012633915659098383,-0.0606428177548786,-0.9980795723938385));
#5383=FACE_BOUND('',#5384,.T.);
#5384=EDGE_LOOP('',(#5385,#5386,#5387));
#5385=ORIENTED_EDGE('',*,*,#5388,.T.);
#5386=ORIENTED_EDGE('',*,*,#5389,.T.);
#5387=ORIENTED_EDGE('',*,*,#5390,.T.);
#5388=EDGE_CURVE('',#359,#389,#5391,.F.);
#5389=EDGE_CURVE('',#389,#361,#5392,.T.);
#5390=EDGE_CURVE('',#361,#359,#5393,.T.);
#5391=LINE('',#358,#5394);
#5392=LINE('',#388,#5395);
#5393=LINE('',#360,#5396);
#5394=VECTOR('',#5397,1.0);
#5395=VECTOR('',#5398,1.0);
#5396=VECTOR('',#5399,1.0);
#5397=DIRECTION('',(0.012633915659098383,-0.0606428177548786,-0.9980795723938385));
#5398=DIRECTION('',(0,0,1));
#5399=DIRECTION('',(-0.20395418129365003,0.9789804349080921,0));
#5400=FACE_SURFACE('',(#5405),#5401,.T.);
#5401=PLANE('',#5402);
#5402=AXIS2_PLACEMENT_3D('',#432,#5403,#5404);
#5403=DIRECTION('',(-0.6649985271124302,-0.7468446685478167,-0));
#5404=DIRECTION('',(-0.046114380970703105,0.04106074089522092,-0.9980919193264839));
#5405=FACE_BOUND('',#5406,.T.);
#5406=EDGE_LOOP('',(#5407,#5408,#5409));
#5407=ORIENTED_EDGE('',*,*,#5410,.T.);
#5408=ORIENTED_EDGE('',*,*,#5411,.T.);
#5409=ORIENTED_EDGE('',*,*,#5412,.T.);
#5410=EDGE_CURVE('',#433,#435,#5413,.F.);
#5411=EDGE_CURVE('',#435,#437,#5414,.T.);
#5412=EDGE_CURVE('',#437,#433,#5415,.T.);
#5413=LINE('',#432,#5416);
#5414=LINE('',#434,#5417);
#5415=LINE('',#436,#5418);
#5416=VECTOR('',#5419,1.0);
#5417=VECTOR('',#5420,1.0);
#5418=VECTOR('',#5421,1.0);
#5419=DIRECTION('',(-0.046114380970703105,0.04106074089522092,-0.9980919193264839));
#5420=DIRECTION('',(0.7468446685478167,-0.6649985271124303,0));
#5421=DIRECTION('',(0,0,1));
#5422=FACE_SURFACE('',(#5427),#5423,.T.);
#5423=PLANE('',#5424);
#5424=AXIS2_PLACEMENT_3D('',#82,#5425,#5426);
#5425=DIRECTION('',(-0.7515411630185401,-0.6596861983464108,-0));
#5426=DIRECTION('',(-0.6596861983464108,0.7515411630185401,0));
#5427=FACE_BOUND('',#5428,.T.);
#5428=EDGE_LOOP('',(#5429,#5430,#5431));
#5429=ORIENTED_EDGE('',*,*,#5432,.T.);
#5430=ORIENTED_EDGE('',*,*,#5433,.T.);
#5431=ORIENTED_EDGE('',*,*,#5434,.T.);
#5432=EDGE_CURVE('',#83,#53,#5435,.F.);
#5433=EDGE_CURVE('',#53,#439,#5436,.T.);
#5434=EDGE_CURVE('',#439,#83,#5437,.T.);
#5435=LINE('',#82,#5438);
#5436=LINE('',#52,#5439);
#5437=LINE('',#438,#5440);
#5438=VECTOR('',#5441,1.0);
#5439=VECTOR('',#5442,1.0);
#5440=VECTOR('',#5443,1.0);
#5441=DIRECTION('',(-0.6596861983464108,0.7515411630185401,0));
#5442=DIRECTION('',(0.18495493803588048,-0.21070813605913288,-0.9598925733094457));
#5443=DIRECTION('',(0,0,1));
#5444=FACE_SURFACE('',(#5449),#5445,.T.);
#5445=PLANE('',#5446);
#5446=AXIS2_PLACEMENT_3D('',#430,#5447,#5448);
#5447=DIRECTION('',(-0.7515411630185401,-0.6596861983464108,0));
#5448=DIRECTION('',(0.6596861983464108,-0.7515411630185401,0));
#5449=FACE_BOUND('',#5450,.T.);
#5450=EDGE_LOOP('',(#5451,#5452,#5453));
#5451=ORIENTED_EDGE('',*,*,#5454,.T.);
#5452=ORIENTED_EDGE('',*,*,#5455,.T.);
#5453=ORIENTED_EDGE('',*,*,#5456,.T.);
#5454=EDGE_CURVE('',#431,#439,#5457,.F.);
#5455=EDGE_CURVE('',#439,#53,#5458,.T.);
#5456=EDGE_CURVE('',#53,#431,#5459,.T.);
#5457=LINE('',#430,#5460);
#5458=LINE('',#438,#5461);
#5459=LINE('',#52,#5462);
#5460=VECTOR('',#5463,1.0);
#5461=VECTOR('',#5464,1.0);
#5462=VECTOR('',#5465,1.0);
#5463=DIRECTION('',(0.6596861983464108,-0.7515411630185401,0));
#5464=DIRECTION('',(-0.18495493803588048,0.21070813605913288,0.9598925733094457));
#5465=DIRECTION('',(0,0,-1));
#5466=FACE_SURFACE('',(#5471),#5467,.T.);
#5467=PLANE('',#5468);
#5468=AXIS2_PLACEMENT_3D('',#388,#5469,#5470);
#5469=DIRECTION('',(-0.9486832828499929,-0.31622781161839664,0));
#5470=DIRECTION('',(0.31622781161839664,-0.9486832828499929,0));
#5471=FACE_BOUND('',#5472,.T.);
#5472=EDGE_LOOP('',(#5473,#5474,#5475));
#5473=ORIENTED_EDGE('',*,*,#5476,.T.);
#5474=ORIENTED_EDGE('',*,*,#5477,.T.);
#5475=ORIENTED_EDGE('',*,*,#5478,.T.);
#5476=EDGE_CURVE('',#389,#441,#5479,.F.);
#5477=EDGE_CURVE('',#441,#363,#5480,.T.);
#5478=EDGE_CURVE('',#363,#389,#5481,.T.);
#5479=LINE('',#388,#5482);
#5480=LINE('',#440,#5483);
#5481=LINE('',#362,#5484);
#5482=VECTOR('',#5485,1.0);
#5483=VECTOR('',#5486,1.0);
#5484=VECTOR('',#5487,1.0);
#5485=DIRECTION('',(0.31622781161839664,-0.9486832828499929,0));
#5486=DIRECTION('',(0,0,1));
#5487=DIRECTION('',(-0.01958259884695746,0.05874778712785845,-0.9980807679391379));
#5488=FACE_SURFACE('',(#5493),#5489,.T.);
#5489=PLANE('',#5490);
#5490=AXIS2_PLACEMENT_3D('',#388,#5491,#5492);
#5491=DIRECTION('',(-0.9486832828499929,-0.31622781161839664,0));
#5492=DIRECTION('',(0.01958259884695746,-0.05874778712785845,0.9980807679391379));
#5493=FACE_BOUND('',#5494,.T.);
#5494=EDGE_LOOP('',(#5495,#5496,#5497));
#5495=ORIENTED_EDGE('',*,*,#5498,.T.);
#5496=ORIENTED_EDGE('',*,*,#5499,.T.);
#5497=ORIENTED_EDGE('',*,*,#5500,.T.);
#5498=EDGE_CURVE('',#389,#363,#5501,.F.);
#5499=EDGE_CURVE('',#363,#361,#5502,.T.);
#5500=EDGE_CURVE('',#361,#389,#5503,.T.);
#5501=LINE('',#388,#5504);
#5502=LINE('',#362,#5505);
#5503=LINE('',#360,#5506);
#5504=VECTOR('',#5507,1.0);
#5505=VECTOR('',#5508,1.0);
#5506=VECTOR('',#5509,1.0);
#5507=DIRECTION('',(0.01958259884695746,-0.05874778712785845,0.9980807679391379));
#5508=DIRECTION('',(-0.31622781161839664,0.9486832828499929,0));
#5509=DIRECTION('',(0,0,-1));
#5510=FACE_SURFACE('',(#5515),#5511,.T.);
#5511=PLANE('',#5512);
#5512=AXIS2_PLACEMENT_3D('',#442,#5513,#5514);
#5513=DIRECTION('',(-0.6596861983464108,-0.7515411630185401,0));
#5514=DIRECTION('',(0,0,1));
#5515=FACE_BOUND('',#5516,.T.);
#5516=EDGE_LOOP('',(#5517,#5518,#5519));
#5517=ORIENTED_EDGE('',*,*,#5520,.T.);
#5518=ORIENTED_EDGE('',*,*,#5521,.T.);
#5519=ORIENTED_EDGE('',*,*,#5522,.T.);
#5520=EDGE_CURVE('',#443,#107,#5523,.F.);
#5521=EDGE_CURVE('',#107,#83,#5524,.T.);
#5522=EDGE_CURVE('',#83,#443,#5525,.T.);
#5523=LINE('',#442,#5526);
#5524=LINE('',#106,#5527);
#5525=LINE('',#82,#5528);
#5526=VECTOR('',#5529,1.0);
#5527=VECTOR('',#5530,1.0);
#5528=VECTOR('',#5531,1.0);
#5529=DIRECTION('',(0,0,1));
#5530=DIRECTION('',(-0.7515411630185401,0.6596861983464108,0));
#5531=DIRECTION('',(0.21070813605913288,-0.18495493803588048,-0.9598925733094457));
#5532=FACE_SURFACE('',(#5537),#5533,.T.);
#5533=PLANE('',#5534);
#5534=AXIS2_PLACEMENT_3D('',#442,#5535,#5536);
#5535=DIRECTION('',(-0.6596861983464108,-0.7515411630185401,0));
#5536=DIRECTION('',(-0.21070813605913288,0.18495493803588048,0.9598925733094457));
#5537=FACE_BOUND('',#5538,.T.);
#5538=EDGE_LOOP('',(#5539,#5540,#5541));
#5539=ORIENTED_EDGE('',*,*,#5542,.T.);
#5540=ORIENTED_EDGE('',*,*,#5543,.T.);
#5541=ORIENTED_EDGE('',*,*,#5544,.T.);
#5542=EDGE_CURVE('',#443,#83,#5545,.F.);
#5543=EDGE_CURVE('',#83,#439,#5546,.T.);
#5544=EDGE_CURVE('',#439,#443,#5547,.T.);
#5545=LINE('',#442,#5548);
#5546=LINE('',#82,#5549);
#5547=LINE('',#438,#5550);
#5548=VECTOR('',#5551,1.0);
#5549=VECTOR('',#5552,1.0);
#5550=VECTOR('',#5553,1.0);
#5551=DIRECTION('',(-0.21070813605913288,0.18495493803588048,0.9598925733094457));
#5552=DIRECTION('',(0,0,-1));
#5553=DIRECTION('',(0.7515411630185401,-0.6596861983464108,0));
#5554=FACE_SURFACE('',(#5559),#5555,.T.);
#5555=PLANE('',#5556);
#5556=AXIS2_PLACEMENT_3D('',#436,#5557,#5558);
#5557=DIRECTION('',(-0.557034979892484,-0.8304890313400775,0));
#5558=DIRECTION('',(0.8304890313400773,-0.557034979892484,0));
#5559=FACE_BOUND('',#5560,.T.);
#5560=EDGE_LOOP('',(#5561,#5562,#5563));
#5561=ORIENTED_EDGE('',*,*,#5564,.T.);
#5562=ORIENTED_EDGE('',*,*,#5565,.T.);
#5563=ORIENTED_EDGE('',*,*,#5566,.T.);
#5564=EDGE_CURVE('',#437,#445,#5567,.F.);
#5565=EDGE_CURVE('',#445,#433,#5568,.T.);
#5566=EDGE_CURVE('',#433,#437,#5569,.T.);
#5567=LINE('',#436,#5570);
#5568=LINE('',#444,#5571);
#5569=LINE('',#432,#5572);
#5570=VECTOR('',#5573,1.0);
#5571=VECTOR('',#5574,1.0);
#5572=VECTOR('',#5575,1.0);
#5573=DIRECTION('',(0.8304890313400773,-0.557034979892484,0));
#5574=DIRECTION('',(-0.05179770138544097,0.03474233910489893,0.998053088770685));
#5575=DIRECTION('',(0,0,-1));
#5576=FACE_SURFACE('',(#5581),#5577,.T.);
#5577=PLANE('',#5578);
#5578=AXIS2_PLACEMENT_3D('',#366,#5579,#5580);
#5579=DIRECTION('',(-0.898473815524052,-0.43902710943363354,-0));
#5580=DIRECTION('',(-0.43902710943363354,0.898473815524052,0));
#5581=FACE_BOUND('',#5582,.T.);
#5582=EDGE_LOOP('',(#5583,#5584,#5585));
#5583=ORIENTED_EDGE('',*,*,#5586,.T.);
#5584=ORIENTED_EDGE('',*,*,#5587,.T.);
#5585=ORIENTED_EDGE('',*,*,#5588,.T.);
#5586=EDGE_CURVE('',#367,#363,#5589,.F.);
#5587=EDGE_CURVE('',#363,#447,#5590,.T.);
#5588=EDGE_CURVE('',#447,#367,#5591,.T.);
#5589=LINE('',#366,#5592);
#5590=LINE('',#362,#5593);
#5591=LINE('',#446,#5594);
#5592=VECTOR('',#5595,1.0);
#5593=VECTOR('',#5596,1.0);
#5594=VECTOR('',#5597,1.0);
#5595=DIRECTION('',(-0.43902710943363354,0.898473815524052,0));
#5596=DIRECTION('',(0.027163056976333266,-0.05558949531455448,-0.9980841529382047));
#5597=DIRECTION('',(0,0,1));
#5598=FACE_SURFACE('',(#5603),#5599,.T.);
#5599=PLANE('',#5600);
#5600=AXIS2_PLACEMENT_3D('',#440,#5601,#5602);
#5601=DIRECTION('',(-0.898473815524052,-0.43902710943363354,0));
#5602=DIRECTION('',(0.43902710943363354,-0.898473815524052,0));
#5603=FACE_BOUND('',#5604,.T.);
#5604=EDGE_LOOP('',(#5605,#5606,#5607));
#5605=ORIENTED_EDGE('',*,*,#5608,.T.);
#5606=ORIENTED_EDGE('',*,*,#5609,.T.);
#5607=ORIENTED_EDGE('',*,*,#5610,.T.);
#5608=EDGE_CURVE('',#441,#447,#5611,.F.);
#5609=EDGE_CURVE('',#447,#363,#5612,.T.);
#5610=EDGE_CURVE('',#363,#441,#5613,.T.);
#5611=LINE('',#440,#5614);
#5612=LINE('',#446,#5615);
#5613=LINE('',#362,#5616);
#5614=VECTOR('',#5617,1.0);
#5615=VECTOR('',#5618,1.0);
#5616=VECTOR('',#5619,1.0);
#5617=DIRECTION('',(0.43902710943363354,-0.898473815524052,0));
#5618=DIRECTION('',(-0.027163056976333266,0.05558949531455448,0.9980841529382047));
#5619=DIRECTION('',(0,0,-1));
#5620=FACE_SURFACE('',(#5625),#5621,.T.);
#5621=PLANE('',#5622);
#5622=AXIS2_PLACEMENT_3D('',#326,#5623,#5624);
#5623=DIRECTION('',(-0.43902710943363354,-0.898473815524052,-0));
#5624=DIRECTION('',(-0.05558949531455448,0.027163056976333266,-0.9980841529382047));
#5625=FACE_BOUND('',#5626,.T.);
#5626=EDGE_LOOP('',(#5627,#5628,#5629));
#5627=ORIENTED_EDGE('',*,*,#5630,.T.);
#5628=ORIENTED_EDGE('',*,*,#5631,.T.);
#5629=ORIENTED_EDGE('',*,*,#5632,.T.);
#5630=EDGE_CURVE('',#327,#445,#5633,.F.);
#5631=EDGE_CURVE('',#445,#449,#5634,.T.);
#5632=EDGE_CURVE('',#449,#327,#5635,.T.);
#5633=LINE('',#326,#5636);
#5634=LINE('',#444,#5637);
#5635=LINE('',#448,#5638);
#5636=VECTOR('',#5639,1.0);
#5637=VECTOR('',#5640,1.0);
#5638=VECTOR('',#5641,1.0);
#5639=DIRECTION('',(-0.05558949531455448,0.027163056976333266,-0.9980841529382047));
#5640=DIRECTION('',(0.898473815524052,-0.43902710943363354,0));
#5641=DIRECTION('',(0,0,1));
#5642=FACE_SURFACE('',(#5647),#5643,.T.);
#5643=PLANE('',#5644);
#5644=AXIS2_PLACEMENT_3D('',#450,#5645,#5646);
#5645=DIRECTION('',(0,-0,1));
#5646=DIRECTION('',(0.355651249115225,0.9346187399163255,0));
#5647=FACE_BOUND('',#5648,.T.);
#5648=EDGE_LOOP('',(#5649,#5650,#5651));
#5649=ORIENTED_EDGE('',*,*,#5652,.T.);
#5650=ORIENTED_EDGE('',*,*,#5653,.T.);
#5651=ORIENTED_EDGE('',*,*,#5654,.T.);
#5652=EDGE_CURVE('',#451,#381,#5655,.F.);
#5653=EDGE_CURVE('',#381,#453,#5656,.T.);
#5654=EDGE_CURVE('',#453,#451,#5657,.T.);
#5655=LINE('',#450,#5658);
#5656=LINE('',#380,#5659);
#5657=LINE('',#452,#5660);
#5658=VECTOR('',#5661,1.0);
#5659=VECTOR('',#5662,1.0);
#5660=VECTOR('',#5663,1.0);
#5661=DIRECTION('',(0.355651249115225,0.9346187399163255,0));
#5662=DIRECTION('',(-0.992277844724491,-0.12403499050235471,0));
#5663=DIRECTION('',(0.19611608161514998,-0.9805806863955254,0));
#5664=FACE_SURFACE('',(#5669),#5665,.T.);
#5665=PLANE('',#5666);
#5666=AXIS2_PLACEMENT_3D('',#454,#5667,#5668);
#5667=DIRECTION('',(0,-0,1));
#5668=DIRECTION('',(0.9230767331667463,0.38461584039949176,0));
#5669=FACE_BOUND('',#5670,.T.);
#5670=EDGE_LOOP('',(#5671,#5672,#5673));
#5671=ORIENTED_EDGE('',*,*,#5674,.T.);
#5672=ORIENTED_EDGE('',*,*,#5675,.T.);
#5673=ORIENTED_EDGE('',*,*,#5676,.T.);
#5674=EDGE_CURVE('',#455,#441,#5677,.F.);
#5675=EDGE_CURVE('',#441,#451,#5678,.T.);
#5676=EDGE_CURVE('',#451,#455,#5679,.T.);
#5677=LINE('',#454,#5680);
#5678=LINE('',#440,#5681);
#5679=LINE('',#450,#5682);
#5680=VECTOR('',#5683,1.0);
#5681=VECTOR('',#5684,1.0);
#5682=VECTOR('',#5685,1.0);
#5683=DIRECTION('',(0.9230767331667463,0.38461584039949176,0));
#5684=DIRECTION('',(-0.7776301167044483,0.6287220384193846,0));
#5685=DIRECTION('',(0.3190413670348494,-0.9477407905754266,0));
#5686=FACE_SURFACE('',(#5691),#5687,.T.);
#5687=PLANE('',#5688);
#5688=AXIS2_PLACEMENT_3D('',#452,#5689,#5690);
#5689=DIRECTION('',(0,-0,1));
#5690=DIRECTION('',(0.992277844724491,0.12403499050235471,0));
#5691=FACE_BOUND('',#5692,.T.);
#5692=EDGE_LOOP('',(#5693,#5694,#5695));
#5693=ORIENTED_EDGE('',*,*,#5696,.T.);
#5694=ORIENTED_EDGE('',*,*,#5697,.T.);
#5695=ORIENTED_EDGE('',*,*,#5698,.T.);
#5696=EDGE_CURVE('',#453,#381,#5699,.F.);
#5697=EDGE_CURVE('',#381,#457,#5700,.T.);
#5698=EDGE_CURVE('',#457,#453,#5701,.T.);
#5699=LINE('',#452,#5702);
#5700=LINE('',#380,#5703);
#5701=LINE('',#456,#5704);
#5702=VECTOR('',#5705,1.0);
#5703=VECTOR('',#5706,1.0);
#5704=VECTOR('',#5707,1.0);
#5705=DIRECTION('',(0.992277844724491,0.12403499050235471,0));
#5706=DIRECTION('',(-0.5866967725366686,0.8098067035379841,0));
#5707=DIRECTION('',(0.06589426969639137,-0.9978266108002829,0));
#5708=FACE_SURFACE('',(#5713),#5709,.T.);
#5709=PLANE('',#5710);
#5710=AXIS2_PLACEMENT_3D('',#458,#5711,#5712);
#5711=DIRECTION('',(-0,0,1));
#5712=DIRECTION('',(0.7468446685478167,-0.6649985271124303,0));
#5713=FACE_BOUND('',#5714,.T.);
#5714=EDGE_LOOP('',(#5715,#5716,#5717));
#5715=ORIENTED_EDGE('',*,*,#5718,.T.);
#5716=ORIENTED_EDGE('',*,*,#5719,.T.);
#5717=ORIENTED_EDGE('',*,*,#5720,.T.);
#5718=EDGE_CURVE('',#459,#433,#5721,.F.);
#5719=EDGE_CURVE('',#433,#411,#5722,.T.);
#5720=EDGE_CURVE('',#411,#459,#5723,.T.);
#5721=LINE('',#458,#5724);
#5722=LINE('',#432,#5725);
#5723=LINE('',#410,#5726);
#5724=VECTOR('',#5727,1.0);
#5725=VECTOR('',#5728,1.0);
#5726=VECTOR('',#5729,1.0);
#5727=DIRECTION('',(0.7468446685478167,-0.6649985271124303,0));
#5728=DIRECTION('',(0.3929980712003375,0.919539295534897,0));
#5729=DIRECTION('',(-0.7071067811865475,-0.7071067811865475,0));
#5730=FACE_SURFACE('',(#5735),#5731,.T.);
#5731=PLANE('',#5732);
#5732=AXIS2_PLACEMENT_3D('',#448,#5733,#5734);
#5733=DIRECTION('',(-0.31622781161839664,-0.9486832828499929,0));
#5734=DIRECTION('',(0.9486832828499929,-0.31622781161839664,0));
#5735=FACE_BOUND('',#5736,.T.);
#5736=EDGE_LOOP('',(#5737,#5738,#5739));
#5737=ORIENTED_EDGE('',*,*,#5740,.T.);
#5738=ORIENTED_EDGE('',*,*,#5741,.T.);
#5739=ORIENTED_EDGE('',*,*,#5742,.T.);
#5740=EDGE_CURVE('',#449,#323,#5743,.F.);
#5741=EDGE_CURVE('',#323,#327,#5744,.T.);
#5742=EDGE_CURVE('',#327,#449,#5745,.T.);
#5743=LINE('',#448,#5746);
#5744=LINE('',#322,#5747);
#5745=LINE('',#326,#5748);
#5746=VECTOR('',#5749,1.0);
#5747=VECTOR('',#5750,1.0);
#5748=VECTOR('',#5751,1.0);
#5749=DIRECTION('',(0.9486832828499929,-0.31622781161839664,0));
#5750=DIRECTION('',(-0.05874778712785845,0.01958259884695746,0.9980807679391379));
#5751=DIRECTION('',(0,0,-1));
#5752=FACE_SURFACE('',(#5757),#5753,.T.);
#5753=PLANE('',#5754);
#5754=AXIS2_PLACEMENT_3D('',#460,#5755,#5756);
#5755=DIRECTION('',(0.06111004167925623,-0.9981310348876842,0));
#5756=DIRECTION('',(0,0,-1));
#5757=FACE_BOUND('',#5758,.T.);
#5758=EDGE_LOOP('',(#5759,#5760,#5761));
#5759=ORIENTED_EDGE('',*,*,#5762,.T.);
#5760=ORIENTED_EDGE('',*,*,#5763,.T.);
#5761=ORIENTED_EDGE('',*,*,#5764,.T.);
#5762=EDGE_CURVE('',#461,#463,#5765,.F.);
#5763=EDGE_CURVE('',#463,#97,#5766,.T.);
#5764=EDGE_CURVE('',#97,#461,#5767,.T.);
#5765=LINE('',#460,#5768);
#5766=LINE('',#462,#5769);
#5767=LINE('',#96,#5770);
#5768=VECTOR('',#5771,1.0);
#5769=VECTOR('',#5772,1.0);
#5770=VECTOR('',#5773,1.0);
#5771=DIRECTION('',(0,0,-1));
#5772=DIRECTION('',(0.9981310348876843,0.06111004167925623,0));
#5773=DIRECTION('',(-0.061905896944348976,-0.0037901556110682415,0.9980747941131263));
#5774=FACE_SURFACE('',(#5779),#5775,.T.);
#5775=PLANE('',#5776);
#5776=AXIS2_PLACEMENT_3D('',#460,#5777,#5778);
#5777=DIRECTION('',(0.06111004167925623,-0.9981310348876842,0));
#5778=DIRECTION('',(0.061905896944348976,0.0037901556110682415,-0.9980747941131263));
#5779=FACE_BOUND('',#5780,.T.);
#5780=EDGE_LOOP('',(#5781,#5782,#5783));
#5781=ORIENTED_EDGE('',*,*,#5784,.T.);
#5782=ORIENTED_EDGE('',*,*,#5785,.T.);
#5783=ORIENTED_EDGE('',*,*,#5786,.T.);
#5784=EDGE_CURVE('',#461,#97,#5787,.F.);
#5785=EDGE_CURVE('',#97,#465,#5788,.T.);
#5786=EDGE_CURVE('',#465,#461,#5789,.T.);
#5787=LINE('',#460,#5790);
#5788=LINE('',#96,#5791);
#5789=LINE('',#464,#5792);
#5790=VECTOR('',#5793,1.0);
#5791=VECTOR('',#5794,1.0);
#5792=VECTOR('',#5795,1.0);
#5793=DIRECTION('',(0.061905896944348976,0.0037901556110682415,-0.9980747941131263));
#5794=DIRECTION('',(0,0,1));
#5795=DIRECTION('',(-0.9981310348876843,-0.06111004167925623,0));
#5796=FACE_SURFACE('',(#5801),#5797,.T.);
#5797=PLANE('',#5798);
#5798=AXIS2_PLACEMENT_3D('',#266,#5799,#5800);
#5799=DIRECTION('',(0.20395430265759665,-0.978980409623938,0));
#5800=DIRECTION('',(-0.9789804096239381,-0.20395430265759665,0));
#5801=FACE_BOUND('',#5802,.T.);
#5802=EDGE_LOOP('',(#5803,#5804,#5805));
#5803=ORIENTED_EDGE('',*,*,#5806,.T.);
#5804=ORIENTED_EDGE('',*,*,#5807,.T.);
#5805=ORIENTED_EDGE('',*,*,#5808,.T.);
#5806=EDGE_CURVE('',#267,#465,#5809,.F.);
#5807=EDGE_CURVE('',#465,#97,#5810,.T.);
#5808=EDGE_CURVE('',#97,#267,#5811,.T.);
#5809=LINE('',#266,#5812);
#5810=LINE('',#464,#5813);
#5811=LINE('',#96,#5814);
#5812=VECTOR('',#5815,1.0);
#5813=VECTOR('',#5816,1.0);
#5814=VECTOR('',#5817,1.0);
#5815=DIRECTION('',(-0.9789804096239381,-0.20395430265759665,0));
#5816=DIRECTION('',(0,0,-1));
#5817=DIRECTION('',(0.06064278024133506,0.012633915687945696,0.9980795746727767));
#5818=FACE_SURFACE('',(#5823),#5819,.T.);
#5819=PLANE('',#5820);
#5820=AXIS2_PLACEMENT_3D('',#466,#5821,#5822);
#5821=DIRECTION('',(0,0,1));
#5822=DIRECTION('',(-0.12403499050235471,0.992277844724491,0));
#5823=FACE_BOUND('',#5824,.T.);
#5824=EDGE_LOOP('',(#5825,#5826,#5827));
#5825=ORIENTED_EDGE('',*,*,#5828,.T.);
#5826=ORIENTED_EDGE('',*,*,#5829,.T.);
#5827=ORIENTED_EDGE('',*,*,#5830,.T.);
#5828=EDGE_CURVE('',#467,#97,#5831,.F.);
#5829=EDGE_CURVE('',#97,#469,#5832,.T.);
#5830=EDGE_CURVE('',#469,#467,#5833,.T.);
#5831=LINE('',#466,#5834);
#5832=LINE('',#96,#5835);
#5833=LINE('',#468,#5836);
#5834=VECTOR('',#5837,1.0);
#5835=VECTOR('',#5838,1.0);
#5836=VECTOR('',#5839,1.0);
#5837=DIRECTION('',(-0.12403499050235471,0.992277844724491,0));
#5838=DIRECTION('',(-0.8098067035379841,-0.5866967725366686,0));
#5839=DIRECTION('',(0.9978266108002829,0.06589426969639137,0));
#5840=FACE_SURFACE('',(#5845),#5841,.T.);
#5841=PLANE('',#5842);
#5842=AXIS2_PLACEMENT_3D('',#462,#5843,#5844);
#5843=DIRECTION('',(0,0,1));
#5844=DIRECTION('',(-0.9981310348876843,0.06111004167925623,0));
#5845=FACE_BOUND('',#5846,.T.);
#5846=EDGE_LOOP('',(#5847,#5848,#5849));
#5847=ORIENTED_EDGE('',*,*,#5850,.T.);
#5848=ORIENTED_EDGE('',*,*,#5851,.T.);
#5849=ORIENTED_EDGE('',*,*,#5852,.T.);
#5850=EDGE_CURVE('',#463,#339,#5853,.F.);
#5851=EDGE_CURVE('',#339,#469,#5854,.T.);
#5852=EDGE_CURVE('',#469,#463,#5855,.T.);
#5853=LINE('',#462,#5856);
#5854=LINE('',#338,#5857);
#5855=LINE('',#468,#5858);
#5856=VECTOR('',#5859,1.0);
#5857=VECTOR('',#5860,1.0);
#5858=VECTOR('',#5861,1.0);
#5859=DIRECTION('',(-0.9981310348876843,0.06111004167925623,0));
#5860=DIRECTION('',(0.8098067035379841,-0.5866967725366686,0));
#5861=DIRECTION('',(0,1,0));
#5862=FACE_SURFACE('',(#5867),#5863,.T.);
#5863=PLANE('',#5864);
#5864=AXIS2_PLACEMENT_3D('',#470,#5865,#5866);
#5865=DIRECTION('',(-0,0,1));
#5866=DIRECTION('',(0.9978266108002829,-0.06589426969639137,0));
#5867=FACE_BOUND('',#5868,.T.);
#5868=EDGE_LOOP('',(#5869,#5870,#5871));
#5869=ORIENTED_EDGE('',*,*,#5872,.T.);
#5870=ORIENTED_EDGE('',*,*,#5873,.T.);
#5871=ORIENTED_EDGE('',*,*,#5874,.T.);
#5872=EDGE_CURVE('',#471,#469,#5875,.F.);
#5873=EDGE_CURVE('',#469,#339,#5876,.T.);
#5874=EDGE_CURVE('',#339,#471,#5877,.T.);
#5875=LINE('',#470,#5878);
#5876=LINE('',#468,#5879);
#5877=LINE('',#338,#5880);
#5878=VECTOR('',#5881,1.0);
#5879=VECTOR('',#5882,1.0);
#5880=VECTOR('',#5883,1.0);
#5881=DIRECTION('',(0.9978266108002829,-0.06589426969639137,0));
#5882=DIRECTION('',(-0.8098067035379841,0.5866967725366686,0));
#5883=DIRECTION('',(-0.12403499050235471,-0.992277844724491,0));
#5884=FACE_SURFACE('',(#5889),#5885,.T.);
#5885=PLANE('',#5886);
#5886=AXIS2_PLACEMENT_3D('',#322,#5887,#5888);
#5887=DIRECTION('',(0,0,1));
#5888=DIRECTION('',(-0.9486832828499929,0.31622781161839664,0));
#5889=FACE_BOUND('',#5890,.T.);
#5890=EDGE_LOOP('',(#5891,#5892,#5893));
#5891=ORIENTED_EDGE('',*,*,#5894,.T.);
#5892=ORIENTED_EDGE('',*,*,#5895,.T.);
#5893=ORIENTED_EDGE('',*,*,#5896,.T.);
#5894=EDGE_CURVE('',#323,#449,#5897,.F.);
#5895=EDGE_CURVE('',#449,#473,#5898,.T.);
#5896=EDGE_CURVE('',#473,#323,#5899,.T.);
#5897=LINE('',#322,#5900);
#5898=LINE('',#448,#5901);
#5899=LINE('',#472,#5902);
#5900=VECTOR('',#5903,1.0);
#5901=VECTOR('',#5904,1.0);
#5902=VECTOR('',#5905,1.0);
#5903=DIRECTION('',(-0.9486832828499929,0.31622781161839664,0));
#5904=DIRECTION('',(0.6287220384193846,-0.7776301167044483,0));
#5905=DIRECTION('',(0.260523317441545,0.9654675556792428,0));
#5906=FACE_SURFACE('',(#5911),#5907,.T.);
#5907=PLANE('',#5908);
#5908=AXIS2_PLACEMENT_3D('',#414,#5909,#5910);
#5909=DIRECTION('',(-0.8304890313400775,-0.557034979892484,-0));
#5910=DIRECTION('',(-0.557034979892484,0.8304890313400773,0));
#5911=FACE_BOUND('',#5912,.T.);
#5912=EDGE_LOOP('',(#5913,#5914,#5915));
#5913=ORIENTED_EDGE('',*,*,#5916,.T.);
#5914=ORIENTED_EDGE('',*,*,#5917,.T.);
#5915=ORIENTED_EDGE('',*,*,#5918,.T.);
#5916=EDGE_CURVE('',#415,#367,#5919,.F.);
#5917=EDGE_CURVE('',#367,#475,#5920,.T.);
#5918=EDGE_CURVE('',#475,#415,#5921,.T.);
#5919=LINE('',#414,#5922);
#5920=LINE('',#366,#5923);
#5921=LINE('',#474,#5924);
#5922=VECTOR('',#5925,1.0);
#5923=VECTOR('',#5926,1.0);
#5924=VECTOR('',#5927,1.0);
#5925=DIRECTION('',(-0.557034979892484,0.8304890313400773,0));
#5926=DIRECTION('',(0.03474233910489893,-0.05179770138544097,-0.998053088770685));
#5927=DIRECTION('',(0,0,1));
#5928=FACE_SURFACE('',(#5933),#5929,.T.);
#5929=PLANE('',#5930);
#5930=AXIS2_PLACEMENT_3D('',#446,#5931,#5932);
#5931=DIRECTION('',(-0.8304890313400775,-0.557034979892484,0));
#5932=DIRECTION('',(0.557034979892484,-0.8304890313400773,0));
#5933=FACE_BOUND('',#5934,.T.);
#5934=EDGE_LOOP('',(#5935,#5936,#5937));
#5935=ORIENTED_EDGE('',*,*,#5938,.T.);
#5936=ORIENTED_EDGE('',*,*,#5939,.T.);
#5937=ORIENTED_EDGE('',*,*,#5940,.T.);
#5938=EDGE_CURVE('',#447,#475,#5941,.F.);
#5939=EDGE_CURVE('',#475,#367,#5942,.T.);
#5940=EDGE_CURVE('',#367,#447,#5943,.T.);
#5941=LINE('',#446,#5944);
#5942=LINE('',#474,#5945);
#5943=LINE('',#366,#5946);
#5944=VECTOR('',#5947,1.0);
#5945=VECTOR('',#5948,1.0);
#5946=VECTOR('',#5949,1.0);
#5947=DIRECTION('',(0.557034979892484,-0.8304890313400773,0));
#5948=DIRECTION('',(-0.03474233910489893,0.05179770138544097,0.998053088770685));
#5949=DIRECTION('',(0,0,-1));
#5950=FACE_SURFACE('',(#5955),#5951,.T.);
#5951=PLANE('',#5952);
#5952=AXIS2_PLACEMENT_3D('',#264,#5953,#5954);
#5953=DIRECTION('',(0,0,1));
#5954=DIRECTION('',(-0.9799872917628322,-0.19906006124622186,0));
#5955=FACE_BOUND('',#5956,.T.);
#5956=EDGE_LOOP('',(#5957,#5958,#5959));
#5957=ORIENTED_EDGE('',*,*,#5960,.T.);
#5958=ORIENTED_EDGE('',*,*,#5961,.T.);
#5959=ORIENTED_EDGE('',*,*,#5962,.T.);
#5960=EDGE_CURVE('',#265,#477,#5963,.F.);
#5961=EDGE_CURVE('',#477,#267,#5964,.T.);
#5962=EDGE_CURVE('',#267,#265,#5965,.T.);
#5963=LINE('',#264,#5966);
#5964=LINE('',#476,#5967);
#5965=LINE('',#266,#5968);
#5966=VECTOR('',#5969,1.0);
#5967=VECTOR('',#5970,1.0);
#5968=VECTOR('',#5971,1.0);
#5969=DIRECTION('',(-0.9799872917628322,-0.19906006124622186,0));
#5970=DIRECTION('',(0.49243441839933627,-0.8703495525222652,0));
#5971=DIRECTION('',(-0.26040421868305513,0.9654996855991552,0));
#5972=FACE_SURFACE('',(#5977),#5973,.T.);
#5973=PLANE('',#5974);
#5974=AXIS2_PLACEMENT_3D('',#464,#5975,#5976);
#5975=DIRECTION('',(0,0,1));
#5976=DIRECTION('',(-0.13190187361825045,0.9912627783468898,0));
#5977=FACE_BOUND('',#5978,.T.);
#5978=EDGE_LOOP('',(#5979,#5980,#5981));
#5979=ORIENTED_EDGE('',*,*,#5982,.T.);
#5980=ORIENTED_EDGE('',*,*,#5983,.T.);
#5981=ORIENTED_EDGE('',*,*,#5984,.T.);
#5982=EDGE_CURVE('',#465,#477,#5985,.F.);
#5983=EDGE_CURVE('',#477,#461,#5986,.T.);
#5984=EDGE_CURVE('',#461,#465,#5987,.T.);
#5985=LINE('',#464,#5988);
#5986=LINE('',#476,#5989);
#5987=LINE('',#460,#5990);
#5988=VECTOR('',#5991,1.0);
#5989=VECTOR('',#5992,1.0);
#5990=VECTOR('',#5993,1.0);
#5991=DIRECTION('',(-0.13190187361825045,0.9912627783468898,0));
#5992=DIRECTION('',(-0.2479164986867889,-0.9687814044865247,0));
#5993=DIRECTION('',(0.9981310348876843,0.06111004167925623,0));
#5994=FACE_SURFACE('',(#5999),#5995,.T.);
#5995=PLANE('',#5996);
#5996=AXIS2_PLACEMENT_3D('',#200,#5997,#5998);
#5997=DIRECTION('',(0,0,1));
#5998=DIRECTION('',(-0.38376392238094736,0.9234312383056956,0));
#5999=FACE_BOUND('',#6000,.T.);
#6000=EDGE_LOOP('',(#6001,#6002,#6003));
#6001=ORIENTED_EDGE('',*,*,#6004,.T.);
#6002=ORIENTED_EDGE('',*,*,#6005,.T.);
#6003=ORIENTED_EDGE('',*,*,#6006,.T.);
#6004=EDGE_CURVE('',#201,#269,#6007,.F.);
#6005=EDGE_CURVE('',#269,#267,#6008,.T.);
#6006=EDGE_CURVE('',#267,#201,#6009,.T.);
#6007=LINE('',#200,#6010);
#6008=LINE('',#268,#6011);
#6009=LINE('',#266,#6012);
#6010=VECTOR('',#6013,1.0);
#6011=VECTOR('',#6014,1.0);
#6012=VECTOR('',#6015,1.0);
#6013=DIRECTION('',(-0.38376392238094736,0.9234312383056956,0));
#6014=DIRECTION('',(0.01144971076859305,-0.9999344499132509,0));
#6015=DIRECTION('',(0.9486833436520368,0.3162276292122363,0));
#6016=FACE_SURFACE('',(#6021),#6017,.T.);
#6017=PLANE('',#6018);
#6018=AXIS2_PLACEMENT_3D('',#478,#6019,#6020);
#6019=DIRECTION('',(0,0,1));
#6020=DIRECTION('',(-0.9981118621535902,0.06142239516896568,0));
#6021=FACE_BOUND('',#6022,.T.);
#6022=EDGE_LOOP('',(#6023,#6024,#6025));
#6023=ORIENTED_EDGE('',*,*,#6026,.T.);
#6024=ORIENTED_EDGE('',*,*,#6027,.T.);
#6025=ORIENTED_EDGE('',*,*,#6028,.T.);
#6026=EDGE_CURVE('',#479,#481,#6029,.F.);
#6027=EDGE_CURVE('',#481,#461,#6030,.T.);
#6028=EDGE_CURVE('',#461,#479,#6031,.T.);
#6029=LINE('',#478,#6032);
#6030=LINE('',#480,#6033);
#6031=LINE('',#460,#6034);
#6032=VECTOR('',#6035,1.0);
#6033=VECTOR('',#6036,1.0);
#6034=VECTOR('',#6037,1.0);
#6035=DIRECTION('',(-0.9981118621535902,0.06142239516896568,0));
#6036=DIRECTION('',(0.2479164986867889,-0.9687814044865247,0));
#6037=DIRECTION('',(0,1,0));
#6038=FACE_SURFACE('',(#6043),#6039,.T.);
#6039=PLANE('',#6040);
#6040=AXIS2_PLACEMENT_3D('',#482,#6041,#6042);
#6041=DIRECTION('',(-0,0,1));
#6042=DIRECTION('',(0.9981310348876843,-0.06111004167925623,0));
#6043=FACE_BOUND('',#6044,.T.);
#6044=EDGE_LOOP('',(#6045,#6046,#6047));
#6045=ORIENTED_EDGE('',*,*,#6048,.T.);
#6046=ORIENTED_EDGE('',*,*,#6049,.T.);
#6047=ORIENTED_EDGE('',*,*,#6050,.T.);
#6048=EDGE_CURVE('',#483,#461,#6051,.F.);
#6049=EDGE_CURVE('',#461,#481,#6052,.T.);
#6050=EDGE_CURVE('',#481,#483,#6053,.T.);
#6051=LINE('',#482,#6054);
#6052=LINE('',#460,#6055);
#6053=LINE('',#480,#6056);
#6054=VECTOR('',#6057,1.0);
#6055=VECTOR('',#6058,1.0);
#6056=VECTOR('',#6059,1.0);
#6057=DIRECTION('',(0.9981310348876843,-0.06111004167925623,0));
#6058=DIRECTION('',(-0.2479164986867889,0.9687814044865247,0));
#6059=DIRECTION('',(-0.13190187361825045,-0.9912627783468898,0));
#6060=FACE_SURFACE('',(#6065),#6061,.T.);
#6061=PLANE('',#6062);
#6062=AXIS2_PLACEMENT_3D('',#484,#6063,#6064);
#6063=DIRECTION('',(-0,0,1));
#6064=DIRECTION('',(0.898473815524052,-0.43902710943363354,0));
#6065=FACE_BOUND('',#6066,.T.);
#6066=EDGE_LOOP('',(#6067,#6068,#6069));
#6067=ORIENTED_EDGE('',*,*,#6070,.T.);
#6068=ORIENTED_EDGE('',*,*,#6071,.T.);
#6069=ORIENTED_EDGE('',*,*,#6072,.T.);
#6070=EDGE_CURVE('',#485,#327,#6073,.F.);
#6071=EDGE_CURVE('',#327,#487,#6074,.T.);
#6072=EDGE_CURVE('',#487,#485,#6075,.T.);
#6073=LINE('',#484,#6076);
#6074=LINE('',#326,#6077);
#6075=LINE('',#486,#6078);
#6076=VECTOR('',#6079,1.0);
#6077=VECTOR('',#6080,1.0);
#6078=VECTOR('',#6081,1.0);
#6079=DIRECTION('',(0.898473815524052,-0.43902710943363354,0));
#6080=DIRECTION('',(0.1408882519200339,0.9900255049598051,0));
#6081=DIRECTION('',(-0.4991462302498657,-0.8665177671735,0));
#6082=FACE_SURFACE('',(#6087),#6083,.T.);
#6083=PLANE('',#6084);
#6084=AXIS2_PLACEMENT_3D('',#488,#6085,#6086);
#6085=DIRECTION('',(0,0,1));
#6086=DIRECTION('',(-0.8974486584734777,0.4411189243323793,0));
#6087=FACE_BOUND('',#6088,.T.);
#6088=EDGE_LOOP('',(#6089,#6090,#6091));
#6089=ORIENTED_EDGE('',*,*,#6092,.T.);
#6090=ORIENTED_EDGE('',*,*,#6093,.T.);
#6091=ORIENTED_EDGE('',*,*,#6094,.T.);
#6092=EDGE_CURVE('',#489,#487,#6095,.F.);
#6093=EDGE_CURVE('',#487,#327,#6096,.T.);
#6094=EDGE_CURVE('',#327,#489,#6097,.T.);
#6095=LINE('',#488,#6098);
#6096=LINE('',#486,#6099);
#6097=LINE('',#326,#6100);
#6098=VECTOR('',#6101,1.0);
#6099=VECTOR('',#6102,1.0);
#6100=VECTOR('',#6103,1.0);
#6101=DIRECTION('',(-0.8974486584734777,0.4411189243323793,0));
#6102=DIRECTION('',(-0.1408882519200339,-0.9900255049598051,0));
#6103=DIRECTION('',(0.3837635160200475,0.9234314071829757,0));
#6104=FACE_SURFACE('',(#6109),#6105,.T.);
#6105=PLANE('',#6106);
#6106=AXIS2_PLACEMENT_3D('',#324,#6107,#6108);
#6107=DIRECTION('',(0,-0,1));
#6108=DIRECTION('',(0.011449483314690891,0.9999344525176771,0));
#6109=FACE_BOUND('',#6110,.T.);
#6110=EDGE_LOOP('',(#6111,#6112,#6113));
#6111=ORIENTED_EDGE('',*,*,#6114,.T.);
#6112=ORIENTED_EDGE('',*,*,#6115,.T.);
#6113=ORIENTED_EDGE('',*,*,#6116,.T.);
#6114=EDGE_CURVE('',#325,#489,#6117,.F.);
#6115=EDGE_CURVE('',#489,#327,#6118,.T.);
#6116=EDGE_CURVE('',#327,#325,#6119,.T.);
#6117=LINE('',#324,#6120);
#6118=LINE('',#488,#6121);
#6119=LINE('',#326,#6122);
#6120=VECTOR('',#6123,1.0);
#6121=VECTOR('',#6124,1.0);
#6122=VECTOR('',#6125,1.0);
#6123=DIRECTION('',(0.011449483314690891,0.9999344525176771,0));
#6124=DIRECTION('',(-0.3837635160200475,-0.9234314071829757,0));
#6125=DIRECTION('',(0.9486832828499929,-0.31622781161839664,0));
#6126=FACE_SURFACE('',(#6131),#6127,.T.);
#6127=PLANE('',#6128);
#6128=AXIS2_PLACEMENT_3D('',#482,#6129,#6130);
#6129=DIRECTION('',(0,-0,1));
#6130=DIRECTION('',(0.13190187361825045,0.9912627783468898,0));
#6131=FACE_BOUND('',#6132,.T.);
#6132=EDGE_LOOP('',(#6133,#6134,#6135));
#6133=ORIENTED_EDGE('',*,*,#6136,.T.);
#6134=ORIENTED_EDGE('',*,*,#6137,.T.);
#6135=ORIENTED_EDGE('',*,*,#6138,.T.);
#6136=EDGE_CURVE('',#483,#481,#6139,.F.);
#6137=EDGE_CURVE('',#481,#325,#6140,.T.);
#6138=EDGE_CURVE('',#325,#483,#6141,.T.);
#6139=LINE('',#482,#6142);
#6140=LINE('',#480,#6143);
#6141=LINE('',#324,#6144);
#6142=VECTOR('',#6145,1.0);
#6143=VECTOR('',#6146,1.0);
#6144=VECTOR('',#6147,1.0);
#6145=DIRECTION('',(0.13190187361825045,0.9912627783468898,0));
#6146=DIRECTION('',(-0.49243459075529994,-0.8703494550050918,0));
#6147=DIRECTION('',(0.9789804349080921,-0.20395418129365003,0));
#6148=FACE_SURFACE('',(#6153),#6149,.T.);
#6149=PLANE('',#6150);
#6150=AXIS2_PLACEMENT_3D('',#490,#6151,#6152);
#6151=DIRECTION('',(0.947740663738331,-0.31904174381548833,0));
#6152=DIRECTION('',(0.3190417438154884,0.9477406637383311,0));
#6153=FACE_BOUND('',#6154,.T.);
#6154=EDGE_LOOP('',(#6155,#6156,#6157));
#6155=ORIENTED_EDGE('',*,*,#6158,.T.);
#6156=ORIENTED_EDGE('',*,*,#6159,.T.);
#6157=ORIENTED_EDGE('',*,*,#6160,.T.);
#6158=EDGE_CURVE('',#491,#493,#6161,.F.);
#6159=EDGE_CURVE('',#493,#495,#6162,.T.);
#6160=EDGE_CURVE('',#495,#491,#6163,.T.);
#6161=LINE('',#490,#6164);
#6162=LINE('',#492,#6165);
#6163=LINE('',#494,#6166);
#6164=VECTOR('',#6167,1.0);
#6165=VECTOR('',#6168,1.0);
#6166=VECTOR('',#6169,1.0);
#6167=DIRECTION('',(0.3190417438154884,0.9477406637383311,0));
#6168=DIRECTION('',(0,0,1));
#6169=DIRECTION('',(-0.0480181984395142,-0.14264214681230936,-0.9886088562072459));
#6170=FACE_SURFACE('',(#6175),#6171,.T.);
#6171=PLANE('',#6172);
#6172=AXIS2_PLACEMENT_3D('',#490,#6173,#6174);
#6173=DIRECTION('',(0.947740663738331,-0.31904174381548833,0));
#6174=DIRECTION('',(0.0480181984395142,0.14264214681230936,0.9886088562072459));
#6175=FACE_BOUND('',#6176,.T.);
#6176=EDGE_LOOP('',(#6177,#6178,#6179));
#6177=ORIENTED_EDGE('',*,*,#6180,.T.);
#6178=ORIENTED_EDGE('',*,*,#6181,.T.);
#6179=ORIENTED_EDGE('',*,*,#6182,.T.);
#6180=EDGE_CURVE('',#491,#495,#6183,.F.);
#6181=EDGE_CURVE('',#495,#275,#6184,.T.);
#6182=EDGE_CURVE('',#275,#491,#6185,.T.);
#6183=LINE('',#490,#6186);
#6184=LINE('',#494,#6187);
#6185=LINE('',#274,#6188);
#6186=VECTOR('',#6189,1.0);
#6187=VECTOR('',#6190,1.0);
#6188=VECTOR('',#6191,1.0);
#6189=DIRECTION('',(0.0480181984395142,0.14264214681230936,0.9886088562072459));
#6190=DIRECTION('',(-0.3190417438154884,-0.9477406637383311,0));
#6191=DIRECTION('',(0,0,-1));
#6192=FACE_SURFACE('',(#6197),#6193,.T.);
#6193=PLANE('',#6194);
#6194=AXIS2_PLACEMENT_3D('',#80,#6195,#6196);
#6195=DIRECTION('',(0,0,-1));
#6196=DIRECTION('',(0.06707561472492926,-0.9977478949660946,0));
#6197=FACE_BOUND('',#6198,.T.);
#6198=EDGE_LOOP('',(#6199,#6200,#6201));
#6199=ORIENTED_EDGE('',*,*,#6202,.T.);
#6200=ORIENTED_EDGE('',*,*,#6203,.T.);
#6201=ORIENTED_EDGE('',*,*,#6204,.T.);
#6202=EDGE_CURVE('',#81,#401,#6205,.F.);
#6203=EDGE_CURVE('',#401,#395,#6206,.T.);
#6204=EDGE_CURVE('',#395,#81,#6207,.T.);
#6205=LINE('',#80,#6208);
#6206=LINE('',#400,#6209);
#6207=LINE('',#394,#6210);
#6208=VECTOR('',#6211,1.0);
#6209=VECTOR('',#6212,1.0);
#6210=VECTOR('',#6213,1.0);
#6211=DIRECTION('',(0.06707561472492926,-0.9977478949660946,0));
#6212=DIRECTION('',(-0.06707561472492926,-0.9977478949660946,0));
#6213=DIRECTION('',(0,1,0));
#6214=FACE_SURFACE('',(#6219),#6215,.T.);
#6215=PLANE('',#6216);
#6216=AXIS2_PLACEMENT_3D('',#80,#6217,#6218);
#6217=DIRECTION('',(0,-0,-1));
#6218=DIRECTION('',(0,-1,0));
#6219=FACE_BOUND('',#6220,.T.);
#6220=EDGE_LOOP('',(#6221,#6222,#6223));
#6221=ORIENTED_EDGE('',*,*,#6224,.T.);
#6222=ORIENTED_EDGE('',*,*,#6225,.T.);
#6223=ORIENTED_EDGE('',*,*,#6226,.T.);
#6224=EDGE_CURVE('',#81,#395,#6227,.F.);
#6225=EDGE_CURVE('',#395,#391,#6228,.T.);
#6226=EDGE_CURVE('',#391,#81,#6229,.T.);
#6227=LINE('',#80,#6230);
#6228=LINE('',#394,#6231);
#6229=LINE('',#390,#6232);
#6230=VECTOR('',#6233,1.0);
#6231=VECTOR('',#6234,1.0);
#6232=VECTOR('',#6235,1.0);
#6233=DIRECTION('',(0,-1,0));
#6234=DIRECTION('',(-0.19131488505358935,-0.9815287131596976,0));
#6235=DIRECTION('',(0.06447232039894114,0.9979194957021215,0));
#6236=FACE_SURFACE('',(#6241),#6237,.T.);
#6237=PLANE('',#6238);
#6238=AXIS2_PLACEMENT_3D('',#80,#6239,#6240);
#6239=DIRECTION('',(0,0,-1));
#6240=DIRECTION('',(-0.06447232039894114,-0.9979194957021215,0));
#6241=FACE_BOUND('',#6242,.T.);
#6242=EDGE_LOOP('',(#6243,#6244,#6245));
#6243=ORIENTED_EDGE('',*,*,#6246,.T.);
#6244=ORIENTED_EDGE('',*,*,#6247,.T.);
#6245=ORIENTED_EDGE('',*,*,#6248,.T.);
#6246=EDGE_CURVE('',#81,#391,#6249,.F.);
#6247=EDGE_CURVE('',#391,#385,#6250,.T.);
#6248=EDGE_CURVE('',#385,#81,#6251,.T.);
#6249=LINE('',#80,#6252);
#6250=LINE('',#390,#6253);
#6251=LINE('',#384,#6254);
#6252=VECTOR('',#6255,1.0);
#6253=VECTOR('',#6256,1.0);
#6254=VECTOR('',#6257,1.0);
#6255=DIRECTION('',(-0.06447232039894114,-0.9979194957021215,0));
#6256=DIRECTION('',(-0.32624879611734786,-0.9452839377837652,0));
#6257=DIRECTION('',(0.13105603024729162,0.9913749628348605,0));
#6258=FACE_SURFACE('',(#6263),#6259,.T.);
#6259=PLANE('',#6260);
#6260=AXIS2_PLACEMENT_3D('',#80,#6261,#6262);
#6261=DIRECTION('',(0,0,-1));
#6262=DIRECTION('',(-0.13105603024729162,-0.9913749628348605,0));
#6263=FACE_BOUND('',#6264,.T.);
#6264=EDGE_LOOP('',(#6265,#6266,#6267));
#6265=ORIENTED_EDGE('',*,*,#6268,.T.);
#6266=ORIENTED_EDGE('',*,*,#6269,.T.);
#6267=ORIENTED_EDGE('',*,*,#6270,.T.);
#6268=EDGE_CURVE('',#81,#385,#6271,.F.);
#6269=EDGE_CURVE('',#385,#375,#6272,.T.);
#6270=EDGE_CURVE('',#375,#81,#6273,.T.);
#6271=LINE('',#80,#6274);
#6272=LINE('',#384,#6275);
#6273=LINE('',#374,#6276);
#6274=VECTOR('',#6277,1.0);
#6275=VECTOR('',#6278,1.0);
#6276=VECTOR('',#6279,1.0);
#6277=DIRECTION('',(-0.13105603024729162,-0.9913749628348605,0));
#6278=DIRECTION('',(-0.44386041049585734,-0.8960959412889052,0));
#6279=DIRECTION('',(0.1957887225585238,0.9806461013632294,0));
#6280=FACE_SURFACE('',(#6285),#6281,.T.);
#6281=PLANE('',#6282);
#6282=AXIS2_PLACEMENT_3D('',#80,#6283,#6284);
#6283=DIRECTION('',(0,0,-1));
#6284=DIRECTION('',(-0.1957887225585238,-0.9806461013632294,0));
#6285=FACE_BOUND('',#6286,.T.);
#6286=EDGE_LOOP('',(#6287,#6288,#6289));
#6287=ORIENTED_EDGE('',*,*,#6290,.T.);
#6288=ORIENTED_EDGE('',*,*,#6291,.T.);
#6289=ORIENTED_EDGE('',*,*,#6292,.T.);
#6290=EDGE_CURVE('',#81,#375,#6293,.F.);
#6291=EDGE_CURVE('',#375,#371,#6294,.T.);
#6292=EDGE_CURVE('',#371,#81,#6295,.T.);
#6293=LINE('',#80,#6296);
#6294=LINE('',#374,#6297);
#6295=LINE('',#370,#6298);
#6296=VECTOR('',#6299,1.0);
#6297=VECTOR('',#6300,1.0);
#6298=VECTOR('',#6301,1.0);
#6299=DIRECTION('',(-0.1957887225585238,-0.9806461013632294,0));
#6300=DIRECTION('',(-0.5508421424916834,-0.834609450015498,0));
#6301=DIRECTION('',(0.25864083071723803,0.9659735610698137,0));
#6302=FACE_SURFACE('',(#6307),#6303,.T.);
#6303=PLANE('',#6304);
#6304=AXIS2_PLACEMENT_3D('',#80,#6305,#6306);
#6305=DIRECTION('',(0,0,-1));
#6306=DIRECTION('',(-0.25864083071723803,-0.9659735610698137,0));
#6307=FACE_BOUND('',#6308,.T.);
#6308=EDGE_LOOP('',(#6309,#6310,#6311));
#6309=ORIENTED_EDGE('',*,*,#6312,.T.);
#6310=ORIENTED_EDGE('',*,*,#6313,.T.);
#6311=ORIENTED_EDGE('',*,*,#6314,.T.);
#6312=EDGE_CURVE('',#81,#371,#6315,.F.);
#6313=EDGE_CURVE('',#371,#349,#6316,.T.);
#6314=EDGE_CURVE('',#349,#81,#6317,.T.);
#6315=LINE('',#80,#6318);
#6316=LINE('',#370,#6319);
#6317=LINE('',#348,#6320);
#6318=VECTOR('',#6321,1.0);
#6319=VECTOR('',#6322,1.0);
#6320=VECTOR('',#6323,1.0);
#6321=DIRECTION('',(-0.25864083071723803,-0.9659735610698137,0));
#6322=DIRECTION('',(-0.6596861280657305,-0.7515412247093599,0));
#6323=DIRECTION('',(0.321415097612886,0.9469384008616922,0));
#6324=FACE_SURFACE('',(#6329),#6325,.T.);
#6325=PLANE('',#6326);
#6326=AXIS2_PLACEMENT_3D('',#80,#6327,#6328);
#6327=DIRECTION('',(0,0,-1));
#6328=DIRECTION('',(-0.321415097612886,-0.9469384008616922,0));
#6329=FACE_BOUND('',#6330,.T.);
#6330=EDGE_LOOP('',(#6331,#6332,#6333));
#6331=ORIENTED_EDGE('',*,*,#6334,.T.);
#6332=ORIENTED_EDGE('',*,*,#6335,.T.);
#6333=ORIENTED_EDGE('',*,*,#6336,.T.);
#6334=EDGE_CURVE('',#81,#349,#6337,.F.);
#6335=EDGE_CURVE('',#349,#345,#6338,.T.);
#6336=EDGE_CURVE('',#345,#81,#6339,.T.);
#6337=LINE('',#80,#6340);
#6338=LINE('',#348,#6341);
#6339=LINE('',#344,#6342);
#6340=VECTOR('',#6343,1.0);
#6341=VECTOR('',#6344,1.0);
#6342=VECTOR('',#6345,1.0);
#6343=DIRECTION('',(-0.321415097612886,-0.9469384008616922,0));
#6344=DIRECTION('',(-0.751541271320179,-0.6596860749647889,0));
#6345=DIRECTION('',(0.3826736759402232,0.9238835736944331,0));
#6346=FACE_SURFACE('',(#6351),#6347,.T.);
#6347=PLANE('',#6348);
#6348=AXIS2_PLACEMENT_3D('',#80,#6349,#6350);
#6349=DIRECTION('',(0,0,-1));
#6350=DIRECTION('',(-0.3826736759402232,-0.9238835736944331,0));
#6351=FACE_BOUND('',#6352,.T.);
#6352=EDGE_LOOP('',(#6353,#6354,#6355));
#6353=ORIENTED_EDGE('',*,*,#6356,.T.);
#6354=ORIENTED_EDGE('',*,*,#6357,.T.);
#6355=ORIENTED_EDGE('',*,*,#6358,.T.);
#6356=EDGE_CURVE('',#81,#345,#6359,.F.);
#6357=EDGE_CURVE('',#345,#341,#6360,.T.);
#6358=EDGE_CURVE('',#341,#81,#6361,.T.);
#6359=LINE('',#80,#6362);
#6360=LINE('',#344,#6363);
#6361=LINE('',#340,#6364);
#6362=VECTOR('',#6365,1.0);
#6363=VECTOR('',#6366,1.0);
#6364=VECTOR('',#6367,1.0);
#6365=DIRECTION('',(-0.3826736759402232,-0.9238835736944331,0));
#6366=DIRECTION('',(-0.8320502654368682,-0.5547002395766899,0));
#6367=DIRECTION('',(0.4420863244470561,0.8969725089081003,0));
#6368=FACE_SURFACE('',(#6373),#6369,.T.);
#6369=PLANE('',#6370);
#6370=AXIS2_PLACEMENT_3D('',#80,#6371,#6372);
#6371=DIRECTION('',(0,0,-1));
#6372=DIRECTION('',(-0.4420863244470561,-0.8969725089081003,0));
#6373=FACE_BOUND('',#6374,.T.);
#6374=EDGE_LOOP('',(#6375,#6376,#6377));
#6375=ORIENTED_EDGE('',*,*,#6378,.T.);
#6376=ORIENTED_EDGE('',*,*,#6379,.T.);
#6377=ORIENTED_EDGE('',*,*,#6380,.T.);
#6378=EDGE_CURVE('',#81,#341,#6381,.F.);
#6379=EDGE_CURVE('',#341,#335,#6382,.T.);
#6380=EDGE_CURVE('',#335,#81,#6383,.T.);
#6381=LINE('',#80,#6384);
#6382=LINE('',#340,#6385);
#6383=LINE('',#334,#6386);
#6384=VECTOR('',#6387,1.0);
#6385=VECTOR('',#6388,1.0);
#6386=VECTOR('',#6389,1.0);
#6387=DIRECTION('',(-0.4420863244470561,-0.8969725089081003,0));
#6388=DIRECTION('',(-0.8977274414529742,-0.44055129197665144,0));
#6389=DIRECTION('',(0.5002925746294871,0.8658564198356441,0));
#6390=FACE_SURFACE('',(#6395),#6391,.T.);
#6391=PLANE('',#6392);
#6392=AXIS2_PLACEMENT_3D('',#80,#6393,#6394);
#6393=DIRECTION('',(0,0,-1));
#6394=DIRECTION('',(-0.5002925746294871,-0.8658564198356441,0));
#6395=FACE_BOUND('',#6396,.T.);
#6396=EDGE_LOOP('',(#6397,#6398,#6399));
#6397=ORIENTED_EDGE('',*,*,#6400,.T.);
#6398=ORIENTED_EDGE('',*,*,#6401,.T.);
#6399=ORIENTED_EDGE('',*,*,#6402,.T.);
#6400=EDGE_CURVE('',#81,#335,#6403,.F.);
#6401=EDGE_CURVE('',#335,#329,#6404,.T.);
#6402=EDGE_CURVE('',#329,#81,#6405,.T.);
#6403=LINE('',#80,#6406);
#6404=LINE('',#334,#6407);
#6405=LINE('',#328,#6408);
#6406=VECTOR('',#6409,1.0);
#6407=VECTOR('',#6410,1.0);
#6408=VECTOR('',#6411,1.0);
#6409=DIRECTION('',(-0.5002925746294871,-0.8658564198356441,0));
#6410=DIRECTION('',(-0.9452840773515323,-0.32624839172885184,0));
#6411=DIRECTION('',(0.555465269493565,0.8315397371060754,0));
#6412=FACE_SURFACE('',(#6417),#6413,.T.);
#6413=PLANE('',#6414);
#6414=AXIS2_PLACEMENT_3D('',#80,#6415,#6416);
#6415=DIRECTION('',(0,0,-1));
#6416=DIRECTION('',(-0.555465269493565,-0.8315397371060754,0));
#6417=FACE_BOUND('',#6418,.T.);
#6418=EDGE_LOOP('',(#6419,#6420,#6421));
#6419=ORIENTED_EDGE('',*,*,#6422,.T.);
#6420=ORIENTED_EDGE('',*,*,#6423,.T.);
#6421=ORIENTED_EDGE('',*,*,#6424,.T.);
#6422=EDGE_CURVE('',#81,#329,#6425,.F.);
#6423=EDGE_CURVE('',#329,#63,#6426,.T.);
#6424=EDGE_CURVE('',#63,#81,#6427,.T.);
#6425=LINE('',#80,#6428);
#6426=LINE('',#328,#6429);
#6427=LINE('',#62,#6430);
#6428=VECTOR('',#6431,1.0);
#6429=VECTOR('',#6432,1.0);
#6430=VECTOR('',#6433,1.0);
#6431=DIRECTION('',(-0.555465269493565,-0.8315397371060754,0));
#6432=DIRECTION('',(-0.9815286812302747,-0.19131504886536743,0));
#6433=DIRECTION('',(0.6091128678790964,0.7930835480478097,0));
#6434=FACE_SURFACE('',(#6439),#6435,.T.);
#6435=PLANE('',#6436);
#6436=AXIS2_PLACEMENT_3D('',#204,#6437,#6438);
#6437=DIRECTION('',(0,0,-1));
#6438=DIRECTION('',(0.9815286768661731,-0.19131507125508856,0));
#6439=FACE_BOUND('',#6440,.T.);
#6440=EDGE_LOOP('',(#6441,#6442,#6443));
#6441=ORIENTED_EDGE('',*,*,#6444,.T.);
#6442=ORIENTED_EDGE('',*,*,#6445,.T.);
#6443=ORIENTED_EDGE('',*,*,#6446,.T.);
#6444=EDGE_CURVE('',#205,#65,#6447,.F.);
#6445=EDGE_CURVE('',#65,#63,#6448,.T.);
#6446=EDGE_CURVE('',#63,#205,#6449,.T.);
#6447=LINE('',#204,#6450);
#6448=LINE('',#64,#6451);
#6449=LINE('',#62,#6452);
#6450=VECTOR('',#6453,1.0);
#6451=VECTOR('',#6454,1.0);
#6452=VECTOR('',#6455,1.0);
#6453=DIRECTION('',(0.9815286768661731,-0.19131507125508856,0));
#6454=DIRECTION('',(-0.06574239646330061,-0.9978366285656497,0));
#6455=DIRECTION('',(0,1,0));
#6456=FACE_SURFACE('',(#6461),#6457,.T.);
#6457=PLANE('',#6458);
#6458=AXIS2_PLACEMENT_3D('',#496,#6459,#6460);
#6459=DIRECTION('',(0,0,1));
#6460=DIRECTION('',(-0.9230769230769231,-0.38461538461538464,0));
#6461=FACE_BOUND('',#6462,.T.);
#6462=EDGE_LOOP('',(#6463,#6464,#6465));
#6463=ORIENTED_EDGE('',*,*,#6466,.T.);
#6464=ORIENTED_EDGE('',*,*,#6467,.T.);
#6465=ORIENTED_EDGE('',*,*,#6468,.T.);
#6466=EDGE_CURVE('',#497,#499,#6469,.F.);
#6467=EDGE_CURVE('',#499,#501,#6470,.T.);
#6468=EDGE_CURVE('',#501,#497,#6471,.T.);
#6469=LINE('',#496,#6472);
#6470=LINE('',#498,#6473);
#6471=LINE('',#500,#6474);
#6472=VECTOR('',#6475,1.0);
#6473=VECTOR('',#6476,1.0);
#6474=VECTOR('',#6477,1.0);
#6475=DIRECTION('',(-0.9230769230769231,-0.38461538461538464,0));
#6476=DIRECTION('',(0.7776300679759782,-0.628722098688821,0));
#6477=DIRECTION('',(-0.31904191293177747,0.947740606808019,0));
#6478=FACE_SURFACE('',(#6483),#6479,.T.);
#6479=PLANE('',#6480);
#6480=AXIS2_PLACEMENT_3D('',#464,#6481,#6482);
#6481=DIRECTION('',(0,-0,1));
#6482=DIRECTION('',(0.9789804096239381,0.20395430265759665,0));
#6483=FACE_BOUND('',#6484,.T.);
#6484=EDGE_LOOP('',(#6485,#6486,#6487));
#6485=ORIENTED_EDGE('',*,*,#6488,.T.);
#6486=ORIENTED_EDGE('',*,*,#6489,.T.);
#6487=ORIENTED_EDGE('',*,*,#6490,.T.);
#6488=EDGE_CURVE('',#465,#267,#6491,.F.);
#6489=EDGE_CURVE('',#267,#477,#6492,.T.);
#6490=EDGE_CURVE('',#477,#465,#6493,.T.);
#6491=LINE('',#464,#6494);
#6492=LINE('',#266,#6495);
#6493=LINE('',#476,#6496);
#6494=VECTOR('',#6497,1.0);
#6495=VECTOR('',#6498,1.0);
#6496=VECTOR('',#6499,1.0);
#6497=DIRECTION('',(0.9789804096239381,0.20395430265759665,0));
#6498=DIRECTION('',(-0.49243441839933627,0.8703495525222652,0));
#6499=DIRECTION('',(0.13190187361825045,-0.9912627783468898,0));
#6500=FACE_SURFACE('',(#6505),#6501,.T.);
#6501=PLANE('',#6502);
#6502=AXIS2_PLACEMENT_3D('',#478,#6503,#6504);
#6503=DIRECTION('',(-0,0,1));
#6504=DIRECTION('',(0,-1,0));
#6505=FACE_BOUND('',#6506,.T.);
#6506=EDGE_LOOP('',(#6507,#6508,#6509));
#6507=ORIENTED_EDGE('',*,*,#6510,.T.);
#6508=ORIENTED_EDGE('',*,*,#6511,.T.);
#6509=ORIENTED_EDGE('',*,*,#6512,.T.);
#6510=EDGE_CURVE('',#479,#461,#6513,.F.);
#6511=EDGE_CURVE('',#461,#477,#6514,.T.);
#6512=EDGE_CURVE('',#477,#479,#6515,.T.);
#6513=LINE('',#478,#6516);
#6514=LINE('',#460,#6517);
#6515=LINE('',#476,#6518);
#6516=VECTOR('',#6519,1.0);
#6517=VECTOR('',#6520,1.0);
#6518=VECTOR('',#6521,1.0);
#6519=DIRECTION('',(0,-1,0));
#6520=DIRECTION('',(0.2479164986867889,0.9687814044865247,0));
#6521=DIRECTION('',(-0.9981118621535902,-0.06142239516896568,0));
#6522=FACE_SURFACE('',(#6527),#6523,.T.);
#6523=PLANE('',#6524);
#6524=AXIS2_PLACEMENT_3D('',#492,#6525,#6526);
#6525=DIRECTION('',(0.9805806328724722,-0.19611634923030274,0));
#6526=DIRECTION('',(0.19611634923030272,0.9805806328724721,0));
#6527=FACE_BOUND('',#6528,.T.);
#6528=EDGE_LOOP('',(#6529,#6530,#6531));
#6529=ORIENTED_EDGE('',*,*,#6532,.T.);
#6530=ORIENTED_EDGE('',*,*,#6533,.T.);
#6531=ORIENTED_EDGE('',*,*,#6534,.T.);
#6532=EDGE_CURVE('',#493,#503,#6535,.F.);
#6533=EDGE_CURVE('',#503,#505,#6536,.T.);
#6534=EDGE_CURVE('',#505,#493,#6537,.T.);
#6535=LINE('',#492,#6538);
#6536=LINE('',#502,#6539);
#6537=LINE('',#504,#6540);
#6538=VECTOR('',#6541,1.0);
#6539=VECTOR('',#6542,1.0);
#6540=VECTOR('',#6543,1.0);
#6541=DIRECTION('',(0.19611634923030272,0.9805806328724721,0));
#6542=DIRECTION('',(0,0,1));
#6543=DIRECTION('',(-0.029655080499861774,-0.14827523415852686,-0.9885014067444622));
#6544=FACE_SURFACE('',(#6549),#6545,.T.);
#6545=PLANE('',#6546);
#6546=AXIS2_PLACEMENT_3D('',#492,#6547,#6548);
#6547=DIRECTION('',(0.9805806328724722,-0.19611634923030274,0));
#6548=DIRECTION('',(0.029655080499861774,0.14827523415852686,0.9885014067444622));
#6549=FACE_BOUND('',#6550,.T.);
#6550=EDGE_LOOP('',(#6551,#6552,#6553));
#6551=ORIENTED_EDGE('',*,*,#6554,.T.);
#6552=ORIENTED_EDGE('',*,*,#6555,.T.);
#6553=ORIENTED_EDGE('',*,*,#6556,.T.);
#6554=EDGE_CURVE('',#493,#505,#6557,.F.);
#6555=EDGE_CURVE('',#505,#495,#6558,.T.);
#6556=EDGE_CURVE('',#495,#493,#6559,.T.);
#6557=LINE('',#492,#6560);
#6558=LINE('',#504,#6561);
#6559=LINE('',#494,#6562);
#6560=VECTOR('',#6563,1.0);
#6561=VECTOR('',#6564,1.0);
#6562=VECTOR('',#6565,1.0);
#6563=DIRECTION('',(0.029655080499861774,0.14827523415852686,0.9885014067444622));
#6564=DIRECTION('',(-0.19611634923030272,-0.9805806328724721,0));
#6565=DIRECTION('',(0,0,-1));
#6566=FACE_SURFACE('',(#6571),#6567,.T.);
#6567=PLANE('',#6568);
#6568=AXIS2_PLACEMENT_3D('',#502,#6569,#6570);
#6569=DIRECTION('',(0.997826633857713,-0.06589392054040594,0));
#6570=DIRECTION('',(0.06589392054040595,0.9978266338577131,0));
#6571=FACE_BOUND('',#6572,.T.);
#6572=EDGE_LOOP('',(#6573,#6574,#6575));
#6573=ORIENTED_EDGE('',*,*,#6576,.T.);
#6574=ORIENTED_EDGE('',*,*,#6577,.T.);
#6575=ORIENTED_EDGE('',*,*,#6578,.T.);
#6576=EDGE_CURVE('',#503,#507,#6579,.F.);
#6577=EDGE_CURVE('',#507,#287,#6580,.T.);
#6578=EDGE_CURVE('',#287,#503,#6581,.T.);
#6579=LINE('',#502,#6582);
#6580=LINE('',#506,#6583);
#6581=LINE('',#286,#6584);
#6582=VECTOR('',#6585,1.0);
#6583=VECTOR('',#6586,1.0);
#6584=VECTOR('',#6587,1.0);
#6585=DIRECTION('',(0.06589392054040595,0.9978266338577131,0));
#6586=DIRECTION('',(0,0,1));
#6587=DIRECTION('',(-0.009886755194026372,-0.1497143829677162,-0.9886798549603049));
#6588=FACE_SURFACE('',(#6593),#6589,.T.);
#6589=PLANE('',#6590);
#6590=AXIS2_PLACEMENT_3D('',#502,#6591,#6592);
#6591=DIRECTION('',(0.997826633857713,-0.06589392054040594,0));
#6592=DIRECTION('',(0.009886755194026372,0.1497143829677162,0.9886798549603049));
#6593=FACE_BOUND('',#6594,.T.);
#6594=EDGE_LOOP('',(#6595,#6596,#6597));
#6595=ORIENTED_EDGE('',*,*,#6598,.T.);
#6596=ORIENTED_EDGE('',*,*,#6599,.T.);
#6597=ORIENTED_EDGE('',*,*,#6600,.T.);
#6598=EDGE_CURVE('',#503,#287,#6601,.F.);
#6599=EDGE_CURVE('',#287,#505,#6602,.T.);
#6600=EDGE_CURVE('',#505,#503,#6603,.T.);
#6601=LINE('',#502,#6604);
#6602=LINE('',#286,#6605);
#6603=LINE('',#504,#6606);
#6604=VECTOR('',#6607,1.0);
#6605=VECTOR('',#6608,1.0);
#6606=VECTOR('',#6609,1.0);
#6607=DIRECTION('',(0.009886755194026372,0.1497143829677162,0.9886798549603049));
#6608=DIRECTION('',(-0.06589392054040595,-0.9978266338577131,0));
#6609=DIRECTION('',(0,0,-1));
#6610=FACE_SURFACE('',(#6615),#6611,.T.);
#6611=PLANE('',#6612);
#6612=AXIS2_PLACEMENT_3D('',#288,#6613,#6614);
#6613=DIRECTION('',(0.997826633857713,0.06589392054040594,0));
#6614=DIRECTION('',(0.06589392054040595,-0.9978266338577131,0));
#6615=FACE_BOUND('',#6616,.T.);
#6616=EDGE_LOOP('',(#6617,#6618,#6619));
#6617=ORIENTED_EDGE('',*,*,#6620,.T.);
#6618=ORIENTED_EDGE('',*,*,#6621,.T.);
#6619=ORIENTED_EDGE('',*,*,#6622,.T.);
#6620=EDGE_CURVE('',#289,#287,#6623,.F.);
#6621=EDGE_CURVE('',#287,#507,#6624,.T.);
#6622=EDGE_CURVE('',#507,#289,#6625,.T.);
#6623=LINE('',#288,#6626);
#6624=LINE('',#286,#6627);
#6625=LINE('',#506,#6628);
#6626=VECTOR('',#6629,1.0);
#6627=VECTOR('',#6630,1.0);
#6628=VECTOR('',#6631,1.0);
#6629=DIRECTION('',(0.06589392054040595,-0.9978266338577131,0));
#6630=DIRECTION('',(0,0,-1));
#6631=DIRECTION('',(-0.009886755194026372,0.1497143829677162,0.9886798549603049));
#6632=FACE_SURFACE('',(#6637),#6633,.T.);
#6633=PLANE('',#6634);
#6634=AXIS2_PLACEMENT_3D('',#508,#6635,#6636);
#6635=DIRECTION('',(0,0,1));
#6636=DIRECTION('',(-0.12403496206750894,-0.9922778482788537,0));
#6637=FACE_BOUND('',#6638,.T.);
#6638=EDGE_LOOP('',(#6639,#6640,#6641));
#6639=ORIENTED_EDGE('',*,*,#6642,.T.);
#6640=ORIENTED_EDGE('',*,*,#6643,.T.);
#6641=ORIENTED_EDGE('',*,*,#6644,.T.);
#6642=EDGE_CURVE('',#509,#511,#6645,.F.);
#6643=EDGE_CURVE('',#511,#513,#6646,.T.);
#6644=EDGE_CURVE('',#513,#509,#6647,.T.);
#6645=LINE('',#508,#6648);
#6646=LINE('',#510,#6649);
#6647=LINE('',#512,#6650);
#6648=VECTOR('',#6651,1.0);
#6649=VECTOR('',#6652,1.0);
#6650=VECTOR('',#6653,1.0);
#6651=DIRECTION('',(-0.12403496206750894,-0.9922778482788537,0));
#6652=DIRECTION('',(0.9346187808833852,0.355651141457545,0));
#6653=DIRECTION('',(-0.9805806328724721,0.19611634923030272,0));
#6654=FACE_SURFACE('',(#6659),#6655,.T.);
#6655=PLANE('',#6656);
#6656=AXIS2_PLACEMENT_3D('',#514,#6657,#6658);
#6657=DIRECTION('',(0,0,-1));
#6658=DIRECTION('',(0.25858911363407944,0.9659874069106394,0));
#6659=FACE_BOUND('',#6660,.T.);
#6660=EDGE_LOOP('',(#6661,#6662,#6663));
#6661=ORIENTED_EDGE('',*,*,#6664,.T.);
#6662=ORIENTED_EDGE('',*,*,#6665,.T.);
#6663=ORIENTED_EDGE('',*,*,#6666,.T.);
#6664=EDGE_CURVE('',#515,#205,#6667,.F.);
#6665=EDGE_CURVE('',#205,#517,#6668,.T.);
#6666=EDGE_CURVE('',#517,#515,#6669,.T.);
#6667=LINE('',#514,#6670);
#6668=LINE('',#204,#6671);
#6669=LINE('',#516,#6672);
#6670=VECTOR('',#6673,1.0);
#6671=VECTOR('',#6674,1.0);
#6672=VECTOR('',#6675,1.0);
#6673=DIRECTION('',(0.25858911363407944,0.9659874069106394,0));
#6674=DIRECTION('',(-0.19495757451573628,-0.9808116761840375,0));
#6675=DIRECTION('',(-0.9452840242800846,0.3262485454999734,0));
#6676=FACE_SURFACE('',(#6681),#6677,.T.);
#6677=PLANE('',#6678);
#6678=AXIS2_PLACEMENT_3D('',#518,#6679,#6680);
#6679=DIRECTION('',(0,0,-1));
#6680=DIRECTION('',(0.3210731905183715,0.947054384040512,0));
#6681=FACE_BOUND('',#6682,.T.);
#6682=EDGE_LOOP('',(#6683,#6684,#6685));
#6683=ORIENTED_EDGE('',*,*,#6686,.T.);
#6684=ORIENTED_EDGE('',*,*,#6687,.T.);
#6685=ORIENTED_EDGE('',*,*,#6688,.T.);
#6686=EDGE_CURVE('',#519,#205,#6689,.F.);
#6687=EDGE_CURVE('',#205,#515,#6690,.T.);
#6688=EDGE_CURVE('',#515,#519,#6691,.T.);
#6689=LINE('',#518,#6692);
#6690=LINE('',#204,#6693);
#6691=LINE('',#514,#6694);
#6692=VECTOR('',#6695,1.0);
#6693=VECTOR('',#6696,1.0);
#6694=VECTOR('',#6697,1.0);
#6695=DIRECTION('',(0.3210731905183715,0.947054384040512,0));
#6696=DIRECTION('',(-0.25858911363407944,-0.9659874069106394,0));
#6697=DIRECTION('',(-0.8960958420180327,0.4438606109106697,0));
#6698=FACE_SURFACE('',(#6703),#6699,.T.);
#6699=PLANE('',#6700);
#6700=AXIS2_PLACEMENT_3D('',#520,#6701,#6702);
#6701=DIRECTION('',(0,0,-1));
#6702=DIRECTION('',(-0.9815287175237908,0.1913148626638883,0));
#6703=FACE_BOUND('',#6704,.T.);
#6704=EDGE_LOOP('',(#6705,#6706,#6707));
#6705=ORIENTED_EDGE('',*,*,#6708,.T.);
#6706=ORIENTED_EDGE('',*,*,#6709,.T.);
#6707=ORIENTED_EDGE('',*,*,#6710,.T.);
#6708=EDGE_CURVE('',#521,#517,#6711,.F.);
#6709=EDGE_CURVE('',#517,#205,#6712,.T.);
#6710=EDGE_CURVE('',#205,#521,#6713,.T.);
#6711=LINE('',#520,#6714);
#6712=LINE('',#516,#6715);
#6713=LINE('',#204,#6716);
#6714=VECTOR('',#6717,1.0);
#6715=VECTOR('',#6718,1.0);
#6716=VECTOR('',#6719,1.0);
#6717=DIRECTION('',(-0.9815287175237908,0.1913148626638883,0));
#6718=DIRECTION('',(0.19495757451573628,0.9808116761840375,0));
#6719=DIRECTION('',(-0.13008690697946768,-0.991502595373565,0));
#6720=FACE_SURFACE('',(#6725),#6721,.T.);
#6721=PLANE('',#6722);
#6722=AXIS2_PLACEMENT_3D('',#442,#6723,#6724);
#6723=DIRECTION('',(0,0,-1));
#6724=DIRECTION('',(0.3824850625141193,0.9239616750458702,0));
#6725=FACE_BOUND('',#6726,.T.);
#6726=EDGE_LOOP('',(#6727,#6728,#6729));
#6727=ORIENTED_EDGE('',*,*,#6730,.T.);
#6728=ORIENTED_EDGE('',*,*,#6731,.T.);
#6729=ORIENTED_EDGE('',*,*,#6732,.T.);
#6730=EDGE_CURVE('',#443,#205,#6733,.F.);
#6731=EDGE_CURVE('',#205,#519,#6734,.T.);
#6732=EDGE_CURVE('',#519,#443,#6735,.T.);
#6733=LINE('',#442,#6736);
#6734=LINE('',#204,#6737);
#6735=LINE('',#518,#6738);
#6736=VECTOR('',#6739,1.0);
#6737=VECTOR('',#6740,1.0);
#6738=VECTOR('',#6741,1.0);
#6739=DIRECTION('',(0.3824850625141193,0.9239616750458702,0));
#6740=DIRECTION('',(-0.3210731905183715,-0.947054384040512,0));
#6741=DIRECTION('',(-0.8346094214274897,0.5508421858068525,0));
#6742=FACE_SURFACE('',(#6747),#6743,.T.);
#6743=PLANE('',#6744);
#6744=AXIS2_PLACEMENT_3D('',#438,#6745,#6746);
#6745=DIRECTION('',(0,0,-1));
#6746=DIRECTION('',(0.4421271277439922,0.8969523972390328,0));
#6747=FACE_BOUND('',#6748,.T.);
#6748=EDGE_LOOP('',(#6749,#6750,#6751));
#6749=ORIENTED_EDGE('',*,*,#6752,.T.);
#6750=ORIENTED_EDGE('',*,*,#6753,.T.);
#6751=ORIENTED_EDGE('',*,*,#6754,.T.);
#6752=EDGE_CURVE('',#439,#205,#6755,.F.);
#6753=EDGE_CURVE('',#205,#443,#6756,.T.);
#6754=EDGE_CURVE('',#443,#439,#6757,.T.);
#6755=LINE('',#438,#6758);
#6756=LINE('',#204,#6759);
#6757=LINE('',#442,#6760);
#6758=VECTOR('',#6761,1.0);
#6759=VECTOR('',#6762,1.0);
#6760=VECTOR('',#6763,1.0);
#6761=DIRECTION('',(0.4421271277439922,0.8969523972390328,0));
#6762=DIRECTION('',(-0.3824850625141193,-0.9239616750458702,0));
#6763=DIRECTION('',(-0.7515411630185401,0.6596861983464108,0));
#6764=FACE_SURFACE('',(#6769),#6765,.T.);
#6765=PLANE('',#6766);
#6766=AXIS2_PLACEMENT_3D('',#430,#6767,#6768);
#6767=DIRECTION('',(0,0,-1));
#6768=DIRECTION('',(0.49989317284049495,0.8660870716893672,0));
#6769=FACE_BOUND('',#6770,.T.);
#6770=EDGE_LOOP('',(#6771,#6772,#6773));
#6771=ORIENTED_EDGE('',*,*,#6774,.T.);
#6772=ORIENTED_EDGE('',*,*,#6775,.T.);
#6773=ORIENTED_EDGE('',*,*,#6776,.T.);
#6774=EDGE_CURVE('',#431,#205,#6777,.F.);
#6775=EDGE_CURVE('',#205,#439,#6778,.T.);
#6776=EDGE_CURVE('',#439,#431,#6779,.T.);
#6777=LINE('',#430,#6780);
#6778=LINE('',#204,#6781);
#6779=LINE('',#438,#6782);
#6780=VECTOR('',#6783,1.0);
#6781=VECTOR('',#6784,1.0);
#6782=VECTOR('',#6785,1.0);
#6783=DIRECTION('',(0.49989317284049495,0.8660870716893672,0));
#6784=DIRECTION('',(-0.4421271277439922,-0.8969523972390328,0));
#6785=DIRECTION('',(-0.6596861983464108,0.7515411630185401,0));
#6786=FACE_SURFACE('',(#6791),#6787,.T.);
#6787=PLANE('',#6788);
#6788=AXIS2_PLACEMENT_3D('',#428,#6789,#6790);
#6789=DIRECTION('',(0,0,-1));
#6790=DIRECTION('',(0.5554034646145226,0.8315810192002849,0));
#6791=FACE_BOUND('',#6792,.T.);
#6792=EDGE_LOOP('',(#6793,#6794,#6795));
#6793=ORIENTED_EDGE('',*,*,#6796,.T.);
#6794=ORIENTED_EDGE('',*,*,#6797,.T.);
#6795=ORIENTED_EDGE('',*,*,#6798,.T.);
#6796=EDGE_CURVE('',#429,#205,#6799,.F.);
#6797=EDGE_CURVE('',#205,#431,#6800,.T.);
#6798=EDGE_CURVE('',#431,#429,#6801,.T.);
#6799=LINE('',#428,#6802);
#6800=LINE('',#204,#6803);
#6801=LINE('',#430,#6804);
#6802=VECTOR('',#6805,1.0);
#6803=VECTOR('',#6806,1.0);
#6804=VECTOR('',#6807,1.0);
#6805=DIRECTION('',(0.5554034646145226,0.8315810192002849,0));
#6806=DIRECTION('',(-0.49989317284049495,-0.8660870716893672,0));
#6807=DIRECTION('',(-0.5508421858068525,0.8346094214274897,0));
#6808=FACE_SURFACE('',(#6813),#6809,.T.);
#6809=PLANE('',#6810);
#6810=AXIS2_PLACEMENT_3D('',#426,#6811,#6812);
#6811=DIRECTION('',(0,0,-1));
#6812=DIRECTION('',(0.6085508188702246,0.7935149027285998,0));
#6813=FACE_BOUND('',#6814,.T.);
#6814=EDGE_LOOP('',(#6815,#6816,#6817));
#6815=ORIENTED_EDGE('',*,*,#6818,.T.);
#6816=ORIENTED_EDGE('',*,*,#6819,.T.);
#6817=ORIENTED_EDGE('',*,*,#6820,.T.);
#6818=EDGE_CURVE('',#427,#205,#6821,.F.);
#6819=EDGE_CURVE('',#205,#429,#6822,.T.);
#6820=EDGE_CURVE('',#429,#427,#6823,.T.);
#6821=LINE('',#426,#6824);
#6822=LINE('',#204,#6825);
#6823=LINE('',#428,#6826);
#6824=VECTOR('',#6827,1.0);
#6825=VECTOR('',#6828,1.0);
#6826=VECTOR('',#6829,1.0);
#6827=DIRECTION('',(0.6085508188702246,0.7935149027285998,0));
#6828=DIRECTION('',(-0.5554034646145226,-0.8315810192002849,0));
#6829=DIRECTION('',(-0.4438606109106697,0.8960958420180327,0));
#6830=FACE_SURFACE('',(#6835),#6831,.T.);
#6831=PLANE('',#6832);
#6832=AXIS2_PLACEMENT_3D('',#422,#6833,#6834);
#6833=DIRECTION('',(0,0,-1));
#6834=DIRECTION('',(0.6592488090786149,0.7519248684066966,0));
#6835=FACE_BOUND('',#6836,.T.);
#6836=EDGE_LOOP('',(#6837,#6838,#6839));
#6837=ORIENTED_EDGE('',*,*,#6840,.T.);
#6838=ORIENTED_EDGE('',*,*,#6841,.T.);
#6839=ORIENTED_EDGE('',*,*,#6842,.T.);
#6840=EDGE_CURVE('',#423,#205,#6843,.F.);
#6841=EDGE_CURVE('',#205,#427,#6844,.T.);
#6842=EDGE_CURVE('',#427,#423,#6845,.T.);
#6843=LINE('',#422,#6846);
#6844=LINE('',#204,#6847);
#6845=LINE('',#426,#6848);
#6846=VECTOR('',#6849,1.0);
#6847=VECTOR('',#6850,1.0);
#6848=VECTOR('',#6851,1.0);
#6849=DIRECTION('',(0.6592488090786149,0.7519248684066966,0));
#6850=DIRECTION('',(-0.6085508188702246,-0.7935149027285998,0));
#6851=DIRECTION('',(-0.3262485454999734,0.9452840242800846,0));
#6852=FACE_SURFACE('',(#6857),#6853,.T.);
#6853=PLANE('',#6854);
#6854=AXIS2_PLACEMENT_3D('',#418,#6855,#6856);
#6855=DIRECTION('',(0,0,-1));
#6856=DIRECTION('',(0.7071067866423255,0.7071067757307696,0));
#6857=FACE_BOUND('',#6858,.T.);
#6858=EDGE_LOOP('',(#6859,#6860,#6861));
#6859=ORIENTED_EDGE('',*,*,#6862,.T.);
#6860=ORIENTED_EDGE('',*,*,#6863,.T.);
#6861=ORIENTED_EDGE('',*,*,#6864,.T.);
#6862=EDGE_CURVE('',#419,#205,#6865,.F.);
#6863=EDGE_CURVE('',#205,#423,#6866,.T.);
#6864=EDGE_CURVE('',#423,#419,#6867,.T.);
#6865=LINE('',#418,#6868);
#6866=LINE('',#204,#6869);
#6867=LINE('',#422,#6870);
#6868=VECTOR('',#6871,1.0);
#6869=VECTOR('',#6872,1.0);
#6870=VECTOR('',#6873,1.0);
#6871=DIRECTION('',(0.7071067866423255,0.7071067757307696,0));
#6872=DIRECTION('',(-0.6592488090786149,-0.7519248684066966,0));
#6873=DIRECTION('',(-0.1913148626638883,0.9815287175237908,0));
#6874=FACE_SURFACE('',(#6879),#6875,.T.);
#6875=PLANE('',#6876);
#6876=AXIS2_PLACEMENT_3D('',#416,#6877,#6878);
#6877=DIRECTION('',(0,0,-1));
#6878=DIRECTION('',(0.751765446545829,0.6594305978491978,0));
#6879=FACE_BOUND('',#6880,.T.);
#6880=EDGE_LOOP('',(#6881,#6882,#6883));
#6881=ORIENTED_EDGE('',*,*,#6884,.T.);
#6882=ORIENTED_EDGE('',*,*,#6885,.T.);
#6883=ORIENTED_EDGE('',*,*,#6886,.T.);
#6884=EDGE_CURVE('',#417,#205,#6887,.F.);
#6885=EDGE_CURVE('',#205,#419,#6888,.T.);
#6886=EDGE_CURVE('',#419,#417,#6889,.T.);
#6887=LINE('',#416,#6890);
#6888=LINE('',#204,#6891);
#6889=LINE('',#418,#6892);
#6890=VECTOR('',#6893,1.0);
#6891=VECTOR('',#6894,1.0);
#6892=VECTOR('',#6895,1.0);
#6893=DIRECTION('',(0.751765446545829,0.6594305978491978,0));
#6894=DIRECTION('',(-0.7071067866423255,-0.7071067757307696,0));
#6895=DIRECTION('',(-0.06707548257574335,0.9977479038500814,0));
#6896=FACE_SURFACE('',(#6901),#6897,.T.);
#6897=PLANE('',#6898);
#6898=AXIS2_PLACEMENT_3D('',#316,#6899,#6900);
#6899=DIRECTION('',(0,-0,-1));
#6900=DIRECTION('',(0.7930835480478097,0.6091128678790964,0));
#6901=FACE_BOUND('',#6902,.T.);
#6902=EDGE_LOOP('',(#6903,#6904,#6905));
#6903=ORIENTED_EDGE('',*,*,#6906,.T.);
#6904=ORIENTED_EDGE('',*,*,#6907,.T.);
#6905=ORIENTED_EDGE('',*,*,#6908,.T.);
#6906=EDGE_CURVE('',#317,#205,#6909,.F.);
#6907=EDGE_CURVE('',#205,#417,#6910,.T.);
#6908=EDGE_CURVE('',#417,#317,#6911,.T.);
#6909=LINE('',#316,#6912);
#6910=LINE('',#204,#6913);
#6911=LINE('',#416,#6914);
#6912=VECTOR('',#6915,1.0);
#6913=VECTOR('',#6916,1.0);
#6914=VECTOR('',#6917,1.0);
#6915=DIRECTION('',(0.7930835480478097,0.6091128678790964,0));
#6916=DIRECTION('',(-0.751765446545829,-0.6594305978491978,0));
#6917=DIRECTION('',(0.06707548257574335,0.9977479038500814,0));
#6918=FACE_SURFACE('',(#6923),#6919,.T.);
#6919=PLANE('',#6920);
#6920=AXIS2_PLACEMENT_3D('',#408,#6921,#6922);
#6921=DIRECTION('',(0,0,-1));
#6922=DIRECTION('',(-0.9977479038500814,0.06707548257574335,0));
#6923=FACE_BOUND('',#6924,.T.);
#6924=EDGE_LOOP('',(#6925,#6926,#6927));
#6925=ORIENTED_EDGE('',*,*,#6928,.T.);
#6926=ORIENTED_EDGE('',*,*,#6929,.T.);
#6927=ORIENTED_EDGE('',*,*,#6930,.T.);
#6928=EDGE_CURVE('',#409,#521,#6931,.F.);
#6929=EDGE_CURVE('',#521,#205,#6932,.T.);
#6930=EDGE_CURVE('',#205,#409,#6933,.T.);
#6931=LINE('',#408,#6934);
#6932=LINE('',#520,#6935);
#6933=LINE('',#204,#6936);
#6934=VECTOR('',#6937,1.0);
#6935=VECTOR('',#6938,1.0);
#6936=VECTOR('',#6939,1.0);
#6937=DIRECTION('',(-0.9977479038500814,0.06707548257574335,0));
#6938=DIRECTION('',(0.13008690697946768,0.991502595373565,0));
#6939=DIRECTION('',(-0.06517399110245381,-0.9978739153238636,0));
#6940=FACE_SURFACE('',(#6945),#6941,.T.);
#6941=PLANE('',#6942);
#6942=AXIS2_PLACEMENT_3D('',#408,#6943,#6944);
#6943=DIRECTION('',(0,0,-1));
#6944=DIRECTION('',(0.06517399110245381,0.9978739153238636,0));
#6945=FACE_BOUND('',#6946,.T.);
#6946=EDGE_LOOP('',(#6947,#6948,#6949));
#6947=ORIENTED_EDGE('',*,*,#6950,.T.);
#6948=ORIENTED_EDGE('',*,*,#6951,.T.);
#6949=ORIENTED_EDGE('',*,*,#6952,.T.);
#6950=EDGE_CURVE('',#409,#205,#6953,.F.);
#6951=EDGE_CURVE('',#205,#63,#6954,.T.);
#6952=EDGE_CURVE('',#63,#409,#6955,.T.);
#6953=LINE('',#408,#6956);
#6954=LINE('',#204,#6957);
#6955=LINE('',#62,#6958);
#6956=VECTOR('',#6959,1.0);
#6957=VECTOR('',#6960,1.0);
#6958=VECTOR('',#6961,1.0);
#6959=DIRECTION('',(0.06517399110245381,0.9978739153238636,0));
#6960=DIRECTION('',(0,-1,0));
#6961=DIRECTION('',(-0.9977479038500814,-0.06707548257574335,0));
#6962=FACE_SURFACE('',(#6967),#6963,.T.);
#6963=PLANE('',#6964);
#6964=AXIS2_PLACEMENT_3D('',#468,#6965,#6966);
#6965=DIRECTION('',(0.06589426969639137,-0.9978266108002829,0));
#6966=DIRECTION('',(0,0,-1));
#6967=FACE_BOUND('',#6968,.T.);
#6968=EDGE_LOOP('',(#6969,#6970,#6971));
#6969=ORIENTED_EDGE('',*,*,#6972,.T.);
#6970=ORIENTED_EDGE('',*,*,#6973,.T.);
#6971=ORIENTED_EDGE('',*,*,#6974,.T.);
#6972=EDGE_CURVE('',#469,#523,#6975,.F.);
#6973=EDGE_CURVE('',#523,#467,#6976,.T.);
#6974=EDGE_CURVE('',#467,#469,#6977,.T.);
#6975=LINE('',#468,#6978);
#6976=LINE('',#522,#6979);
#6977=LINE('',#466,#6980);
#6978=VECTOR('',#6981,1.0);
#6979=VECTOR('',#6982,1.0);
#6980=VECTOR('',#6983,1.0);
#6981=DIRECTION('',(0,0,-1));
#6982=DIRECTION('',(0.14971438288983435,0.00988680780487434,0.9886798544459908));
#6983=DIRECTION('',(-0.9978266108002829,-0.06589426969639137,0));
#6984=FACE_SURFACE('',(#6989),#6985,.T.);
#6985=PLANE('',#6986);
#6986=AXIS2_PLACEMENT_3D('',#432,#6987,#6988);
#6987=DIRECTION('',(-0,0,1));
#6988=DIRECTION('',(0.8304890313400773,-0.557034979892484,0));
#6989=FACE_BOUND('',#6990,.T.);
#6990=EDGE_LOOP('',(#6991,#6992,#6993));
#6991=ORIENTED_EDGE('',*,*,#6994,.T.);
#6992=ORIENTED_EDGE('',*,*,#6995,.T.);
#6993=ORIENTED_EDGE('',*,*,#6996,.T.);
#6994=EDGE_CURVE('',#433,#485,#6997,.F.);
#6995=EDGE_CURVE('',#485,#525,#6998,.T.);
#6996=EDGE_CURVE('',#525,#433,#6999,.T.);
#6997=LINE('',#432,#7000);
#6998=LINE('',#484,#7001);
#6999=LINE('',#524,#7002);
#7000=VECTOR('',#7003,1.0);
#7001=VECTOR('',#7004,1.0);
#7002=VECTOR('',#7005,1.0);
#7003=DIRECTION('',(0.8304890313400773,-0.557034979892484,0));
#7004=DIRECTION('',(0.27019443986017566,0.9628057772306136,0));
#7005=DIRECTION('',(-0.6114474671787836,-0.7912850275852881,0));
#7006=FACE_SURFACE('',(#7011),#7007,.T.);
#7007=PLANE('',#7008);
#7008=AXIS2_PLACEMENT_3D('',#414,#7009,#7010);
#7009=DIRECTION('',(-0,0,1));
#7010=DIRECTION('',(0.6649985271124303,-0.7468446685478167,0));
#7011=FACE_BOUND('',#7012,.T.);
#7012=EDGE_LOOP('',(#7013,#7014,#7015));
#7013=ORIENTED_EDGE('',*,*,#7016,.T.);
#7014=ORIENTED_EDGE('',*,*,#7017,.T.);
#7015=ORIENTED_EDGE('',*,*,#7018,.T.);
#7016=EDGE_CURVE('',#415,#459,#7019,.F.);
#7017=EDGE_CURVE('',#459,#411,#7020,.T.);
#7018=EDGE_CURVE('',#411,#415,#7021,.T.);
#7019=LINE('',#414,#7022);
#7020=LINE('',#458,#7023);
#7021=LINE('',#410,#7024);
#7022=VECTOR('',#7025,1.0);
#7023=VECTOR('',#7026,1.0);
#7024=VECTOR('',#7027,1.0);
#7025=DIRECTION('',(0.6649985271124303,-0.7468446685478167,0));
#7026=DIRECTION('',(0.7071067811865475,0.7071067811865475,0));
#7027=DIRECTION('',(-0.919539295534897,-0.3929980712003375,0));
#7028=FACE_SURFACE('',(#7033),#7029,.T.);
#7029=PLANE('',#7030);
#7030=AXIS2_PLACEMENT_3D('',#524,#7031,#7032);
#7031=DIRECTION('',(0,0,1));
#7032=DIRECTION('',(-0.7581854018497268,0.6520390298302459,0));
#7033=FACE_BOUND('',#7034,.T.);
#7034=EDGE_LOOP('',(#7035,#7036,#7037));
#7035=ORIENTED_EDGE('',*,*,#7038,.T.);
#7036=ORIENTED_EDGE('',*,*,#7039,.T.);
#7037=ORIENTED_EDGE('',*,*,#7040,.T.);
#7038=EDGE_CURVE('',#525,#411,#7041,.F.);
#7039=EDGE_CURVE('',#411,#433,#7042,.T.);
#7040=EDGE_CURVE('',#433,#525,#7043,.T.);
#7041=LINE('',#524,#7044);
#7042=LINE('',#410,#7045);
#7043=LINE('',#432,#7046);
#7044=VECTOR('',#7047,1.0);
#7045=VECTOR('',#7048,1.0);
#7046=VECTOR('',#7049,1.0);
#7047=DIRECTION('',(-0.7581854018497268,0.6520390298302459,0));
#7048=DIRECTION('',(-0.3929980712003375,-0.919539295534897,0));
#7049=DIRECTION('',(0.6114474671787836,0.7912850275852881,0));
#7050=FACE_SURFACE('',(#7055),#7051,.T.);
#7051=PLANE('',#7052);
#7052=AXIS2_PLACEMENT_3D('',#526,#7053,#7054);
#7053=DIRECTION('',(0,0,1));
#7054=DIRECTION('',(-0.8615384901877607,-0.5076922590753119,0));
#7055=FACE_BOUND('',#7056,.T.);
#7056=EDGE_LOOP('',(#7057,#7058,#7059));
#7057=ORIENTED_EDGE('',*,*,#7060,.T.);
#7058=ORIENTED_EDGE('',*,*,#7061,.T.);
#7059=ORIENTED_EDGE('',*,*,#7062,.T.);
#7060=EDGE_CURVE('',#527,#529,#7063,.F.);
#7061=EDGE_CURVE('',#529,#497,#7064,.T.);
#7062=EDGE_CURVE('',#497,#527,#7065,.T.);
#7063=LINE('',#526,#7066);
#7064=LINE('',#528,#7067);
#7065=LINE('',#496,#7068);
#7066=VECTOR('',#7069,1.0);
#7067=VECTOR('',#7070,1.0);
#7068=VECTOR('',#7071,1.0);
#7069=DIRECTION('',(-0.8615384901877607,-0.5076922590753119,0));
#7070=DIRECTION('',(0.8530770027068688,-0.5217850395063707,0));
#7071=DIRECTION('',(-0.43971309743413567,0.8981382922161143,0));
#7072=FACE_SURFACE('',(#7077),#7073,.T.);
#7073=PLANE('',#7074);
#7074=AXIS2_PLACEMENT_3D('',#456,#7075,#7076);
#7075=DIRECTION('',(-0.9978266108002829,-0.06589426969639137,-0));
#7076=DIRECTION('',(0,0,-1));
#7077=FACE_BOUND('',#7078,.T.);
#7078=EDGE_LOOP('',(#7079,#7080,#7081));
#7079=ORIENTED_EDGE('',*,*,#7082,.T.);
#7080=ORIENTED_EDGE('',*,*,#7083,.T.);
#7081=ORIENTED_EDGE('',*,*,#7084,.T.);
#7082=EDGE_CURVE('',#457,#47,#7085,.F.);
#7083=EDGE_CURVE('',#47,#51,#7086,.T.);
#7084=EDGE_CURVE('',#51,#457,#7087,.T.);
#7085=LINE('',#456,#7088);
#7086=LINE('',#46,#7089);
#7087=LINE('',#50,#7090);
#7088=VECTOR('',#7091,1.0);
#7089=VECTOR('',#7092,1.0);
#7090=VECTOR('',#7093,1.0);
#7091=DIRECTION('',(0,0,-1));
#7092=DIRECTION('',(0.06589426969639137,-0.9978266108002829,0));
#7093=DIRECTION('',(-0.00988680780487434,0.14971438288983435,0.9886798544459908));
#7094=FACE_SURFACE('',(#7099),#7095,.T.);
#7095=PLANE('',#7096);
#7096=AXIS2_PLACEMENT_3D('',#456,#7097,#7098);
#7097=DIRECTION('',(-0.9978266108002829,-0.06589426969639137,0));
#7098=DIRECTION('',(0.00988680780487434,-0.14971438288983435,-0.9886798544459908));
#7099=FACE_BOUND('',#7100,.T.);
#7100=EDGE_LOOP('',(#7101,#7102,#7103));
#7101=ORIENTED_EDGE('',*,*,#7104,.T.);
#7102=ORIENTED_EDGE('',*,*,#7105,.T.);
#7103=ORIENTED_EDGE('',*,*,#7106,.T.);
#7104=EDGE_CURVE('',#457,#51,#7107,.F.);
#7105=EDGE_CURVE('',#51,#453,#7108,.T.);
#7106=EDGE_CURVE('',#453,#457,#7109,.T.);
#7107=LINE('',#456,#7110);
#7108=LINE('',#50,#7111);
#7109=LINE('',#452,#7112);
#7110=VECTOR('',#7113,1.0);
#7111=VECTOR('',#7114,1.0);
#7112=VECTOR('',#7115,1.0);
#7113=DIRECTION('',(0.00988680780487434,-0.14971438288983435,-0.9886798544459908));
#7114=DIRECTION('',(0,0,1));
#7115=DIRECTION('',(-0.06589426969639137,0.9978266108002829,0));
#7116=FACE_SURFACE('',(#7121),#7117,.T.);
#7117=PLANE('',#7118);
#7118=AXIS2_PLACEMENT_3D('',#486,#7119,#7120);
#7119=DIRECTION('',(0,0,1));
#7120=DIRECTION('',(-0.8320502943378436,0.554700196225229,0));
#7121=FACE_BOUND('',#7122,.T.);
#7122=EDGE_LOOP('',(#7123,#7124,#7125));
#7123=ORIENTED_EDGE('',*,*,#7126,.T.);
#7124=ORIENTED_EDGE('',*,*,#7127,.T.);
#7125=ORIENTED_EDGE('',*,*,#7128,.T.);
#7126=EDGE_CURVE('',#487,#525,#7129,.F.);
#7127=EDGE_CURVE('',#525,#485,#7130,.T.);
#7128=EDGE_CURVE('',#485,#487,#7131,.T.);
#7129=LINE('',#486,#7132);
#7130=LINE('',#524,#7133);
#7131=LINE('',#484,#7134);
#7132=VECTOR('',#7135,1.0);
#7133=VECTOR('',#7136,1.0);
#7134=VECTOR('',#7137,1.0);
#7135=DIRECTION('',(-0.8320502943378436,0.554700196225229,0));
#7136=DIRECTION('',(-0.27019443986017566,-0.9628057772306136,0));
#7137=DIRECTION('',(0.4991462302498657,0.8665177671735,0));
#7138=FACE_SURFACE('',(#7143),#7139,.T.);
#7139=PLANE('',#7140);
#7140=AXIS2_PLACEMENT_3D('',#488,#7141,#7142);
#7141=DIRECTION('',(0,0,1));
#7142=DIRECTION('',(-0.011449483314690891,-0.9999344525176771,0));
#7143=FACE_BOUND('',#7144,.T.);
#7144=EDGE_LOOP('',(#7145,#7146,#7147));
#7145=ORIENTED_EDGE('',*,*,#7148,.T.);
#7146=ORIENTED_EDGE('',*,*,#7149,.T.);
#7147=ORIENTED_EDGE('',*,*,#7150,.T.);
#7148=EDGE_CURVE('',#489,#325,#7151,.F.);
#7149=EDGE_CURVE('',#325,#531,#7152,.T.);
#7150=EDGE_CURVE('',#531,#489,#7153,.T.);
#7151=LINE('',#488,#7154);
#7152=LINE('',#324,#7155);
#7153=LINE('',#530,#7156);
#7154=VECTOR('',#7157,1.0);
#7155=VECTOR('',#7158,1.0);
#7156=VECTOR('',#7159,1.0);
#7157=DIRECTION('',(-0.011449483314690891,-0.9999344525176771,0));
#7158=DIRECTION('',(0.26040444128010803,0.9654996255626382,0));
#7159=DIRECTION('',(-0.9471446425644768,0.32080683605778987,0));
#7160=FACE_SURFACE('',(#7165),#7161,.T.);
#7161=PLANE('',#7162);
#7162=AXIS2_PLACEMENT_3D('',#532,#7163,#7164);
#7163=DIRECTION('',(0,0,1));
#7164=DIRECTION('',(-0.896540863544764,-0.4429610366549284,0));
#7165=FACE_BOUND('',#7166,.T.);
#7166=EDGE_LOOP('',(#7167,#7168,#7169));
#7167=ORIENTED_EDGE('',*,*,#7170,.T.);
#7168=ORIENTED_EDGE('',*,*,#7171,.T.);
#7169=ORIENTED_EDGE('',*,*,#7172,.T.);
#7170=EDGE_CURVE('',#533,#535,#7173,.F.);
#7171=EDGE_CURVE('',#535,#537,#7174,.T.);
#7172=EDGE_CURVE('',#537,#533,#7175,.T.);
#7173=LINE('',#532,#7176);
#7174=LINE('',#534,#7177);
#7175=LINE('',#536,#7178);
#7176=VECTOR('',#7179,1.0);
#7177=VECTOR('',#7180,1.0);
#7178=VECTOR('',#7181,1.0);
#7179=DIRECTION('',(-0.896540863544764,-0.4429610366549284,0));
#7180=DIRECTION('',(0.9236199827929049,0.3833094407729011,0));
#7181=DIRECTION('',(-0.9471443168052506,0.3208077978221775,0));
#7182=FACE_SURFACE('',(#7187),#7183,.T.);
#7183=PLANE('',#7184);
#7184=AXIS2_PLACEMENT_3D('',#538,#7185,#7186);
#7185=DIRECTION('',(0,0,1));
#7186=DIRECTION('',(-0.4411178351818742,0.8974491938179325,0));
#7187=FACE_BOUND('',#7188,.T.);
#7188=EDGE_LOOP('',(#7189,#7190,#7191));
#7189=ORIENTED_EDGE('',*,*,#7192,.T.);
#7190=ORIENTED_EDGE('',*,*,#7193,.T.);
#7191=ORIENTED_EDGE('',*,*,#7194,.T.);
#7192=EDGE_CURVE('',#539,#541,#7195,.F.);
#7193=EDGE_CURVE('',#541,#535,#7196,.T.);
#7194=EDGE_CURVE('',#535,#539,#7197,.T.);
#7195=LINE('',#538,#7198);
#7196=LINE('',#540,#7199);
#7197=LINE('',#534,#7200);
#7198=VECTOR('',#7201,1.0);
#7199=VECTOR('',#7202,1.0);
#7200=VECTOR('',#7203,1.0);
#7201=DIRECTION('',(-0.4411178351818742,0.8974491938179325,0));
#7202=DIRECTION('',(-0.9978342143397211,-0.06577902928009506,0));
#7203=DIRECTION('',(1,0,0));
#7204=FACE_SURFACE('',(#7209),#7205,.T.);
#7205=PLANE('',#7206);
#7206=AXIS2_PLACEMENT_3D('',#540,#7207,#7208);
#7207=DIRECTION('',(0,0,1));
#7208=DIRECTION('',(-0.554700196225229,0.8320502943378436,0));
#7209=FACE_BOUND('',#7210,.T.);
#7210=EDGE_LOOP('',(#7211,#7212,#7213));
#7211=ORIENTED_EDGE('',*,*,#7214,.T.);
#7212=ORIENTED_EDGE('',*,*,#7215,.T.);
#7213=ORIENTED_EDGE('',*,*,#7216,.T.);
#7214=EDGE_CURVE('',#541,#543,#7217,.F.);
#7215=EDGE_CURVE('',#543,#535,#7218,.T.);
#7216=EDGE_CURVE('',#535,#541,#7219,.T.);
#7217=LINE('',#540,#7220);
#7218=LINE('',#542,#7221);
#7219=LINE('',#534,#7222);
#7220=VECTOR('',#7223,1.0);
#7221=VECTOR('',#7224,1.0);
#7222=VECTOR('',#7225,1.0);
#7223=DIRECTION('',(-0.554700196225229,0.8320502943378436,0));
#7224=DIRECTION('',(-0.9914582188846669,-0.1304246917038485,0));
#7225=DIRECTION('',(0.9978342143397211,0.06577902928009506,0));
#7226=FACE_SURFACE('',(#7231),#7227,.T.);
#7227=PLANE('',#7228);
#7228=AXIS2_PLACEMENT_3D('',#542,#7229,#7230);
#7229=DIRECTION('',(0,0,1));
#7230=DIRECTION('',(-0.6520385830085654,0.758185786115898,0));
#7231=FACE_BOUND('',#7232,.T.);
#7232=EDGE_LOOP('',(#7233,#7234,#7235));
#7233=ORIENTED_EDGE('',*,*,#7236,.T.);
#7234=ORIENTED_EDGE('',*,*,#7237,.T.);
#7235=ORIENTED_EDGE('',*,*,#7238,.T.);
#7236=EDGE_CURVE('',#543,#39,#7239,.F.);
#7237=EDGE_CURVE('',#39,#535,#7240,.T.);
#7238=EDGE_CURVE('',#535,#543,#7241,.T.);
#7239=LINE('',#542,#7242);
#7240=LINE('',#38,#7243);
#7241=LINE('',#534,#7244);
#7242=VECTOR('',#7245,1.0);
#7243=VECTOR('',#7246,1.0);
#7244=VECTOR('',#7247,1.0);
#7245=DIRECTION('',(-0.6520385830085654,0.758185786115898,0));
#7246=DIRECTION('',(-0.9806268469458245,-0.19588513738691518,0));
#7247=DIRECTION('',(0.9914582188846669,0.1304246917038485,0));
#7248=FACE_SURFACE('',(#7253),#7249,.T.);
#7249=PLANE('',#7250);
#7250=AXIS2_PLACEMENT_3D('',#38,#7251,#7252);
#7251=DIRECTION('',(0,0,1));
#7252=DIRECTION('',(-0.758185786115898,0.6520385830085654,0));
#7253=FACE_BOUND('',#7254,.T.);
#7254=EDGE_LOOP('',(#7255,#7256,#7257));
#7255=ORIENTED_EDGE('',*,*,#7258,.T.);
#7256=ORIENTED_EDGE('',*,*,#7259,.T.);
#7257=ORIENTED_EDGE('',*,*,#7260,.T.);
#7258=EDGE_CURVE('',#39,#545,#7261,.F.);
#7259=EDGE_CURVE('',#545,#535,#7262,.T.);
#7260=EDGE_CURVE('',#535,#39,#7263,.T.);
#7261=LINE('',#38,#7264);
#7262=LINE('',#544,#7265);
#7263=LINE('',#534,#7266);
#7264=VECTOR('',#7267,1.0);
#7265=VECTOR('',#7268,1.0);
#7266=VECTOR('',#7269,1.0);
#7267=DIRECTION('',(-0.758185786115898,0.6520385830085654,0));
#7268=DIRECTION('',(-0.9656887228557385,-0.25970231140529476,0));
#7269=DIRECTION('',(0.9806268469458245,0.19588513738691518,0));
#7270=FACE_SURFACE('',(#7275),#7271,.T.);
#7271=PLANE('',#7272);
#7272=AXIS2_PLACEMENT_3D('',#544,#7273,#7274);
#7273=DIRECTION('',(0,0,1));
#7274=DIRECTION('',(-0.8320502943378436,0.554700196225229,0));
#7275=FACE_BOUND('',#7276,.T.);
#7276=EDGE_LOOP('',(#7277,#7278,#7279));
#7277=ORIENTED_EDGE('',*,*,#7280,.T.);
#7278=ORIENTED_EDGE('',*,*,#7281,.T.);
#7279=ORIENTED_EDGE('',*,*,#7282,.T.);
#7280=EDGE_CURVE('',#545,#547,#7283,.F.);
#7281=EDGE_CURVE('',#547,#535,#7284,.T.);
#7282=EDGE_CURVE('',#535,#545,#7285,.T.);
#7283=LINE('',#544,#7286);
#7284=LINE('',#546,#7287);
#7285=LINE('',#534,#7288);
#7286=VECTOR('',#7289,1.0);
#7287=VECTOR('',#7290,1.0);
#7288=VECTOR('',#7291,1.0);
#7289=DIRECTION('',(-0.8320502943378436,0.554700196225229,0));
#7290=DIRECTION('',(-0.9468051138763374,-0.32180751442067934,0));
#7291=DIRECTION('',(0.9656887228557385,0.25970231140529476,0));
#7292=FACE_SURFACE('',(#7297),#7293,.T.);
#7293=PLANE('',#7294);
#7294=AXIS2_PLACEMENT_3D('',#536,#7295,#7296);
#7295=DIRECTION('',(0,0,1));
#7296=DIRECTION('',(-0.9236199827929049,-0.3833094407729011,0));
#7297=FACE_BOUND('',#7298,.T.);
#7298=EDGE_LOOP('',(#7299,#7300,#7301));
#7299=ORIENTED_EDGE('',*,*,#7302,.T.);
#7300=ORIENTED_EDGE('',*,*,#7303,.T.);
#7301=ORIENTED_EDGE('',*,*,#7304,.T.);
#7302=EDGE_CURVE('',#537,#535,#7305,.F.);
#7303=EDGE_CURVE('',#535,#547,#7306,.T.);
#7304=EDGE_CURVE('',#547,#537,#7307,.T.);
#7305=LINE('',#536,#7308);
#7306=LINE('',#534,#7309);
#7307=LINE('',#546,#7310);
#7308=VECTOR('',#7311,1.0);
#7309=VECTOR('',#7312,1.0);
#7310=VECTOR('',#7313,1.0);
#7311=DIRECTION('',(-0.9236199827929049,-0.3833094407729011,0));
#7312=DIRECTION('',(0.9468051138763374,0.32180751442067934,0));
#7313=DIRECTION('',(-0.8974491938179325,0.4411178351818742,0));
#7314=FACE_SURFACE('',(#7319),#7315,.T.);
#7315=PLANE('',#7316);
#7316=AXIS2_PLACEMENT_3D('',#548,#7317,#7318);
#7317=DIRECTION('',(0,0,1));
#7318=DIRECTION('',(0.024785934236150994,-0.9996927815404297,0));
#7319=FACE_BOUND('',#7320,.T.);
#7320=EDGE_LOOP('',(#7321,#7322,#7323));
#7321=ORIENTED_EDGE('',*,*,#7324,.T.);
#7322=ORIENTED_EDGE('',*,*,#7325,.T.);
#7323=ORIENTED_EDGE('',*,*,#7326,.T.);
#7324=EDGE_CURVE('',#549,#529,#7327,.F.);
#7325=EDGE_CURVE('',#529,#527,#7328,.T.);
#7326=EDGE_CURVE('',#527,#549,#7329,.T.);
#7327=LINE('',#548,#7330);
#7328=LINE('',#528,#7331);
#7329=LINE('',#526,#7332);
#7330=VECTOR('',#7333,1.0);
#7331=VECTOR('',#7334,1.0);
#7332=VECTOR('',#7335,1.0);
#7333=DIRECTION('',(0.024785934236150994,-0.9996927815404297,0));
#7334=DIRECTION('',(0.8615384901877607,0.5076922590753119,0));
#7335=DIRECTION('',(-0.556876271479699,0.8305954600543327,0));
#7336=FACE_SURFACE('',(#7341),#7337,.T.);
#7337=PLANE('',#7338);
#7338=AXIS2_PLACEMENT_3D('',#550,#7339,#7340);
#7339=DIRECTION('',(0,-0,1));
#7340=DIRECTION('',(0.9654672949270212,0.2605242837554689,0));
#7341=FACE_BOUND('',#7342,.T.);
#7342=EDGE_LOOP('',(#7343,#7344,#7345));
#7343=ORIENTED_EDGE('',*,*,#7346,.T.);
#7344=ORIENTED_EDGE('',*,*,#7347,.T.);
#7345=ORIENTED_EDGE('',*,*,#7348,.T.);
#7346=EDGE_CURVE('',#551,#501,#7349,.F.);
#7347=EDGE_CURVE('',#501,#499,#7350,.T.);
#7348=EDGE_CURVE('',#499,#551,#7351,.T.);
#7349=LINE('',#550,#7352);
#7350=LINE('',#500,#7353);
#7351=LINE('',#498,#7354);
#7352=VECTOR('',#7355,1.0);
#7353=VECTOR('',#7356,1.0);
#7354=VECTOR('',#7357,1.0);
#7355=DIRECTION('',(0.9654672949270212,0.2605242837554689,0));
#7356=DIRECTION('',(-0.7776300679759782,0.628722098688821,0));
#7357=DIRECTION('',(0.31622776601683794,-0.9486832980505138,0));
#7358=FACE_SURFACE('',(#7363),#7359,.T.);
#7359=PLANE('',#7360);
#7360=AXIS2_PLACEMENT_3D('',#50,#7361,#7362);
#7361=DIRECTION('',(-0.9805806863955254,-0.19611608161514996,0));
#7362=DIRECTION('',(0.19611608161514998,-0.9805806863955254,0));
#7363=FACE_BOUND('',#7364,.T.);
#7364=EDGE_LOOP('',(#7365,#7366,#7367));
#7365=ORIENTED_EDGE('',*,*,#7368,.T.);
#7366=ORIENTED_EDGE('',*,*,#7369,.T.);
#7367=ORIENTED_EDGE('',*,*,#7370,.T.);
#7368=EDGE_CURVE('',#51,#59,#7371,.F.);
#7369=EDGE_CURVE('',#59,#451,#7372,.T.);
#7370=EDGE_CURVE('',#451,#51,#7373,.T.);
#7371=LINE('',#50,#7374);
#7372=LINE('',#58,#7375);
#7373=LINE('',#450,#7376);
#7374=VECTOR('',#7377,1.0);
#7375=VECTOR('',#7378,1.0);
#7376=VECTOR('',#7379,1.0);
#7377=DIRECTION('',(0.19611608161514998,-0.9805806863955254,0));
#7378=DIRECTION('',(0,0,1));
#7379=DIRECTION('',(-0.029655038451676916,0.14827523434358014,-0.9885014079781506));
#7380=FACE_SURFACE('',(#7385),#7381,.T.);
#7381=PLANE('',#7382);
#7382=AXIS2_PLACEMENT_3D('',#50,#7383,#7384);
#7383=DIRECTION('',(-0.9805806863955254,-0.19611608161514996,0));
#7384=DIRECTION('',(0.029655038451676916,-0.14827523434358014,0.9885014079781506));
#7385=FACE_BOUND('',#7386,.T.);
#7386=EDGE_LOOP('',(#7387,#7388,#7389));
#7387=ORIENTED_EDGE('',*,*,#7390,.T.);
#7388=ORIENTED_EDGE('',*,*,#7391,.T.);
#7389=ORIENTED_EDGE('',*,*,#7392,.T.);
#7390=EDGE_CURVE('',#51,#451,#7393,.F.);
#7391=EDGE_CURVE('',#451,#453,#7394,.T.);
#7392=EDGE_CURVE('',#453,#51,#7395,.T.);
#7393=LINE('',#50,#7396);
#7394=LINE('',#450,#7397);
#7395=LINE('',#452,#7398);
#7396=VECTOR('',#7399,1.0);
#7397=VECTOR('',#7400,1.0);
#7398=VECTOR('',#7401,1.0);
#7399=DIRECTION('',(0.029655038451676916,-0.14827523434358014,0.9885014079781506));
#7400=DIRECTION('',(-0.19611608161514998,0.9805806863955254,0));
#7401=DIRECTION('',(0,0,-1));
#7402=FACE_SURFACE('',(#7407),#7403,.T.);
#7403=PLANE('',#7404);
#7404=AXIS2_PLACEMENT_3D('',#58,#7405,#7406);
#7405=DIRECTION('',(-0.9477407905754267,-0.3190413670348495,0));
#7406=DIRECTION('',(0.3190413670348494,-0.9477407905754266,0));
#7407=FACE_BOUND('',#7408,.T.);
#7408=EDGE_LOOP('',(#7409,#7410,#7411));
#7409=ORIENTED_EDGE('',*,*,#7412,.T.);
#7410=ORIENTED_EDGE('',*,*,#7413,.T.);
#7411=ORIENTED_EDGE('',*,*,#7414,.T.);
#7412=EDGE_CURVE('',#59,#87,#7415,.F.);
#7413=EDGE_CURVE('',#87,#455,#7416,.T.);
#7414=EDGE_CURVE('',#455,#59,#7417,.T.);
#7415=LINE('',#58,#7418);
#7416=LINE('',#86,#7419);
#7417=LINE('',#454,#7420);
#7418=VECTOR('',#7421,1.0);
#7419=VECTOR('',#7422,1.0);
#7420=VECTOR('',#7423,1.0);
#7421=DIRECTION('',(0.3190413670348494,-0.9477407905754266,0));
#7422=DIRECTION('',(0,0,1));
#7423=DIRECTION('',(-0.04801813545043128,0.14264214724474478,-0.9886088592043228));
#7424=FACE_SURFACE('',(#7429),#7425,.T.);
#7425=PLANE('',#7426);
#7426=AXIS2_PLACEMENT_3D('',#58,#7427,#7428);
#7427=DIRECTION('',(-0.9477407905754267,-0.3190413670348495,0));
#7428=DIRECTION('',(0.04801813545043128,-0.14264214724474478,0.9886088592043228));
#7429=FACE_BOUND('',#7430,.T.);
#7430=EDGE_LOOP('',(#7431,#7432,#7433));
#7431=ORIENTED_EDGE('',*,*,#7434,.T.);
#7432=ORIENTED_EDGE('',*,*,#7435,.T.);
#7433=ORIENTED_EDGE('',*,*,#7436,.T.);
#7434=EDGE_CURVE('',#59,#455,#7437,.F.);
#7435=EDGE_CURVE('',#455,#451,#7438,.T.);
#7436=EDGE_CURVE('',#451,#59,#7439,.T.);
#7437=LINE('',#58,#7440);
#7438=LINE('',#454,#7441);
#7439=LINE('',#450,#7442);
#7440=VECTOR('',#7443,1.0);
#7441=VECTOR('',#7444,1.0);
#7442=VECTOR('',#7445,1.0);
#7443=DIRECTION('',(0.04801813545043128,-0.14264214724474478,0.9886088592043228));
#7444=DIRECTION('',(-0.3190413670348494,0.9477407905754266,0));
#7445=DIRECTION('',(0,0,-1));
#7446=FACE_SURFACE('',(#7451),#7447,.T.);
#7447=PLANE('',#7448);
#7448=AXIS2_PLACEMENT_3D('',#552,#7449,#7450);
#7449=DIRECTION('',(-0,0,1));
#7450=DIRECTION('',(0.6649978841222481,-0.7468452410726957,0));
#7451=FACE_BOUND('',#7452,.T.);
#7452=EDGE_LOOP('',(#7453,#7454,#7455));
#7453=ORIENTED_EDGE('',*,*,#7456,.T.);
#7454=ORIENTED_EDGE('',*,*,#7457,.T.);
#7455=ORIENTED_EDGE('',*,*,#7458,.T.);
#7456=EDGE_CURVE('',#553,#555,#7459,.F.);
#7457=EDGE_CURVE('',#555,#557,#7460,.T.);
#7458=EDGE_CURVE('',#557,#553,#7461,.T.);
#7459=LINE('',#552,#7462);
#7460=LINE('',#554,#7463);
#7461=LINE('',#556,#7464);
#7462=VECTOR('',#7465,1.0);
#7463=VECTOR('',#7466,1.0);
#7464=VECTOR('',#7467,1.0);
#7465=DIRECTION('',(0.6649978841222481,-0.7468452410726957,0));
#7466=DIRECTION('',(-0.15766621544059278,0.9874924630135871,0));
#7467=DIRECTION('',(-0.7071067811865475,-0.7071067811865475,0));
#7468=FACE_SURFACE('',(#7473),#7469,.T.);
#7469=PLANE('',#7470);
#7470=AXIS2_PLACEMENT_3D('',#498,#7471,#7472);
#7471=DIRECTION('',(0,-0,1));
#7472=DIRECTION('',(0.9230769230769231,0.38461538461538464,0));
#7473=FACE_BOUND('',#7474,.T.);
#7474=EDGE_LOOP('',(#7475,#7476,#7477));
#7475=ORIENTED_EDGE('',*,*,#7478,.T.);
#7476=ORIENTED_EDGE('',*,*,#7479,.T.);
#7477=ORIENTED_EDGE('',*,*,#7480,.T.);
#7478=EDGE_CURVE('',#499,#497,#7481,.F.);
#7479=EDGE_CURVE('',#497,#529,#7482,.T.);
#7480=EDGE_CURVE('',#529,#499,#7483,.T.);
#7481=LINE('',#498,#7484);
#7482=LINE('',#496,#7485);
#7483=LINE('',#528,#7486);
#7484=VECTOR('',#7487,1.0);
#7485=VECTOR('',#7488,1.0);
#7486=VECTOR('',#7489,1.0);
#7487=DIRECTION('',(0.9230769230769231,0.38461538461538464,0));
#7488=DIRECTION('',(-0.8530770027068688,0.5217850395063707,0));
#7489=DIRECTION('',(0.439027103851172,-0.8984738182518467,0));
#7490=FACE_SURFACE('',(#7495),#7491,.T.);
#7491=PLANE('',#7492);
#7492=AXIS2_PLACEMENT_3D('',#530,#7493,#7494);
#7493=DIRECTION('',(0,0,1));
#7494=DIRECTION('',(-0.26040444128010803,-0.9654996255626382,0));
#7495=FACE_BOUND('',#7496,.T.);
#7496=EDGE_LOOP('',(#7497,#7498,#7499));
#7497=ORIENTED_EDGE('',*,*,#7500,.T.);
#7498=ORIENTED_EDGE('',*,*,#7501,.T.);
#7499=ORIENTED_EDGE('',*,*,#7502,.T.);
#7500=EDGE_CURVE('',#531,#325,#7503,.F.);
#7501=EDGE_CURVE('',#325,#481,#7504,.T.);
#7502=EDGE_CURVE('',#481,#531,#7505,.T.);
#7503=LINE('',#530,#7506);
#7504=LINE('',#324,#7507);
#7505=LINE('',#480,#7508);
#7506=VECTOR('',#7509,1.0);
#7507=VECTOR('',#7510,1.0);
#7508=VECTOR('',#7511,1.0);
#7509=DIRECTION('',(-0.26040444128010803,-0.9654996255626382,0));
#7510=DIRECTION('',(0.49243459075529994,0.8703494550050918,0));
#7511=DIRECTION('',(-0.9799872917628322,0.19906006124622186,0));
#7512=FACE_SURFACE('',(#7517),#7513,.T.);
#7513=PLANE('',#7514);
#7514=AXIS2_PLACEMENT_3D('',#86,#7515,#7516);
#7515=DIRECTION('',(-0.89630611017079,-0.4434358542906828,0));
#7516=DIRECTION('',(0.4434358542906828,-0.89630611017079,0));
#7517=FACE_BOUND('',#7518,.T.);
#7518=EDGE_LOOP('',(#7519,#7520,#7521));
#7519=ORIENTED_EDGE('',*,*,#7522,.T.);
#7520=ORIENTED_EDGE('',*,*,#7523,.T.);
#7521=ORIENTED_EDGE('',*,*,#7524,.T.);
#7522=EDGE_CURVE('',#87,#43,#7525,.F.);
#7523=EDGE_CURVE('',#43,#559,#7526,.T.);
#7524=EDGE_CURVE('',#559,#87,#7527,.T.);
#7525=LINE('',#86,#7528);
#7526=LINE('',#42,#7529);
#7527=LINE('',#558,#7530);
#7528=VECTOR('',#7531,1.0);
#7529=VECTOR('',#7532,1.0);
#7530=VECTOR('',#7533,1.0);
#7531=DIRECTION('',(0.4434358542906828,-0.89630611017079,0));
#7532=DIRECTION('',(0,0,1));
#7533=DIRECTION('',(-0.06638617433008565,0.13418475999893734,-0.9887301583555763));
#7534=FACE_SURFACE('',(#7539),#7535,.T.);
#7535=PLANE('',#7536);
#7536=AXIS2_PLACEMENT_3D('',#86,#7537,#7538);
#7537=DIRECTION('',(-0.89630611017079,-0.4434358542906828,0));
#7538=DIRECTION('',(0.06638617433008565,-0.13418475999893734,0.9887301583555763));
#7539=FACE_BOUND('',#7540,.T.);
#7540=EDGE_LOOP('',(#7541,#7542,#7543));
#7541=ORIENTED_EDGE('',*,*,#7544,.T.);
#7542=ORIENTED_EDGE('',*,*,#7545,.T.);
#7543=ORIENTED_EDGE('',*,*,#7546,.T.);
#7544=EDGE_CURVE('',#87,#559,#7547,.F.);
#7545=EDGE_CURVE('',#559,#455,#7548,.T.);
#7546=EDGE_CURVE('',#455,#87,#7549,.T.);
#7547=LINE('',#86,#7550);
#7548=LINE('',#558,#7551);
#7549=LINE('',#454,#7552);
#7550=VECTOR('',#7553,1.0);
#7551=VECTOR('',#7554,1.0);
#7552=VECTOR('',#7555,1.0);
#7553=DIRECTION('',(0.06638617433008565,-0.13418475999893734,0.9887301583555763));
#7554=DIRECTION('',(-0.4434358542906828,0.89630611017079,0));
#7555=DIRECTION('',(0,0,-1));
#7556=FACE_SURFACE('',(#7561),#7557,.T.);
#7557=PLANE('',#7558);
#7558=AXIS2_PLACEMENT_3D('',#560,#7559,#7560);
#7559=DIRECTION('',(0,0,1));
#7560=DIRECTION('',(-0.6,-0.8,0));
#7561=FACE_BOUND('',#7562,.T.);
#7562=EDGE_LOOP('',(#7563,#7564,#7565));
#7563=ORIENTED_EDGE('',*,*,#7566,.T.);
#7564=ORIENTED_EDGE('',*,*,#7567,.T.);
#7565=ORIENTED_EDGE('',*,*,#7568,.T.);
#7566=EDGE_CURVE('',#561,#563,#7569,.F.);
#7567=EDGE_CURVE('',#563,#557,#7570,.T.);
#7568=EDGE_CURVE('',#557,#561,#7571,.T.);
#7569=LINE('',#560,#7572);
#7570=LINE('',#562,#7573);
#7571=LINE('',#556,#7574);
#7572=VECTOR('',#7575,1.0);
#7573=VECTOR('',#7576,1.0);
#7574=VECTOR('',#7577,1.0);
#7575=DIRECTION('',(-0.6,-0.8,0));
#7576=DIRECTION('',(0.9874924630135871,-0.15766621544059278,0));
#7577=DIRECTION('',(-0.747925173430332,0.6637830481032246,0));
#7578=FACE_SURFACE('',(#7583),#7579,.T.);
#7579=PLANE('',#7580);
#7580=AXIS2_PLACEMENT_3D('',#528,#7581,#7582);
#7581=DIRECTION('',(0,0,1));
#7582=DIRECTION('',(-0.024785934236150994,0.9996927815404297,0));
#7583=FACE_BOUND('',#7584,.T.);
#7584=EDGE_LOOP('',(#7585,#7586,#7587));
#7585=ORIENTED_EDGE('',*,*,#7588,.T.);
#7586=ORIENTED_EDGE('',*,*,#7589,.T.);
#7587=ORIENTED_EDGE('',*,*,#7590,.T.);
#7588=EDGE_CURVE('',#529,#549,#7591,.F.);
#7589=EDGE_CURVE('',#549,#555,#7592,.T.);
#7590=EDGE_CURVE('',#555,#529,#7593,.T.);
#7591=LINE('',#528,#7594);
#7592=LINE('',#548,#7595);
#7593=LINE('',#554,#7596);
#7594=VECTOR('',#7597,1.0);
#7595=VECTOR('',#7598,1.0);
#7596=VECTOR('',#7599,1.0);
#7597=DIRECTION('',(-0.024785934236150994,0.9996927815404297,0));
#7598=DIRECTION('',(-0.8,-0.6,0));
#7599=DIRECTION('',(0.5570356044303771,-0.8304886124426296,0));
#7600=FACE_SURFACE('',(#7605),#7601,.T.);
#7601=PLANE('',#7602);
#7602=AXIS2_PLACEMENT_3D('',#564,#7603,#7604);
#7603=DIRECTION('',(0,0,1));
#7604=DIRECTION('',(1,0,0));
#7605=FACE_BOUND('',#7606,.T.);
#7606=EDGE_LOOP('',(#7607,#7608,#7609));
#7607=ORIENTED_EDGE('',*,*,#7610,.T.);
#7608=ORIENTED_EDGE('',*,*,#7611,.T.);
#7609=ORIENTED_EDGE('',*,*,#7612,.T.);
#7610=EDGE_CURVE('',#565,#533,#7613,.F.);
#7611=EDGE_CURVE('',#533,#167,#7614,.T.);
#7612=EDGE_CURVE('',#167,#565,#7615,.T.);
#7613=LINE('',#564,#7616);
#7614=LINE('',#532,#7617);
#7615=LINE('',#166,#7618);
#7616=VECTOR('',#7619,1.0);
#7617=VECTOR('',#7620,1.0);
#7618=VECTOR('',#7621,1.0);
#7619=DIRECTION('',(1,0,0));
#7620=DIRECTION('',(-0.9977623385690871,0.06686041977991514,0));
#7621=DIRECTION('',(-0.9799872917628322,-0.19906006124622186,0));
#7622=FACE_SURFACE('',(#7627),#7623,.T.);
#7623=PLANE('',#7624);
#7624=AXIS2_PLACEMENT_3D('',#178,#7625,#7626);
#7625=DIRECTION('',(0,0,1));
#7626=DIRECTION('',(0.9978536050685887,0.06548421834015533,0));
#7627=FACE_BOUND('',#7628,.T.);
#7628=EDGE_LOOP('',(#7629,#7630,#7631));
#7629=ORIENTED_EDGE('',*,*,#7632,.T.);
#7630=ORIENTED_EDGE('',*,*,#7633,.T.);
#7631=ORIENTED_EDGE('',*,*,#7634,.T.);
#7632=EDGE_CURVE('',#179,#533,#7635,.F.);
#7633=EDGE_CURVE('',#533,#565,#7636,.T.);
#7634=EDGE_CURVE('',#565,#179,#7637,.T.);
#7635=LINE('',#178,#7638);
#7636=LINE('',#532,#7639);
#7637=LINE('',#564,#7640);
#7638=VECTOR('',#7641,1.0);
#7639=VECTOR('',#7642,1.0);
#7640=VECTOR('',#7643,1.0);
#7641=DIRECTION('',(0.9978536050685887,0.06548421834015533,0));
#7642=DIRECTION('',(-1,0,0));
#7643=DIRECTION('',(-0.9471445042286701,-0.3208072444777805,0));
#7644=FACE_SURFACE('',(#7649),#7645,.T.);
#7645=PLANE('',#7646);
#7646=AXIS2_PLACEMENT_3D('',#184,#7647,#7648);
#7647=DIRECTION('',(0,0,1));
#7648=DIRECTION('',(0.9914097367067684,0.13079271372296103,0));
#7649=FACE_BOUND('',#7650,.T.);
#7650=EDGE_LOOP('',(#7651,#7652,#7653));
#7651=ORIENTED_EDGE('',*,*,#7654,.T.);
#7652=ORIENTED_EDGE('',*,*,#7655,.T.);
#7653=ORIENTED_EDGE('',*,*,#7656,.T.);
#7654=EDGE_CURVE('',#185,#533,#7657,.F.);
#7655=EDGE_CURVE('',#533,#179,#7658,.T.);
#7656=EDGE_CURVE('',#179,#185,#7659,.T.);
#7657=LINE('',#184,#7660);
#7658=LINE('',#532,#7661);
#7659=LINE('',#178,#7662);
#7660=VECTOR('',#7663,1.0);
#7661=VECTOR('',#7664,1.0);
#7662=VECTOR('',#7665,1.0);
#7663=DIRECTION('',(0.9914097367067684,0.13079271372296103,0));
#7664=DIRECTION('',(-0.9978536050685887,-0.06548421834015533,0));
#7665=DIRECTION('',(-0.8974490173980141,-0.44111819410600034,0));
#7666=FACE_SURFACE('',(#7671),#7667,.T.);
#7667=PLANE('',#7668);
#7668=AXIS2_PLACEMENT_3D('',#566,#7669,#7670);
#7669=DIRECTION('',(0,0,1));
#7670=DIRECTION('',(0.9808411939004075,0.19480901505839862,0));
#7671=FACE_BOUND('',#7672,.T.);
#7672=EDGE_LOOP('',(#7673,#7674,#7675));
#7673=ORIENTED_EDGE('',*,*,#7676,.T.);
#7674=ORIENTED_EDGE('',*,*,#7677,.T.);
#7675=ORIENTED_EDGE('',*,*,#7678,.T.);
#7676=EDGE_CURVE('',#567,#533,#7679,.F.);
#7677=EDGE_CURVE('',#533,#185,#7680,.T.);
#7678=EDGE_CURVE('',#185,#567,#7681,.T.);
#7679=LINE('',#566,#7682);
#7680=LINE('',#532,#7683);
#7681=LINE('',#184,#7684);
#7682=VECTOR('',#7685,1.0);
#7683=VECTOR('',#7686,1.0);
#7684=VECTOR('',#7687,1.0);
#7685=DIRECTION('',(0.9808411939004075,0.19480901505839862,0));
#7686=DIRECTION('',(-0.9914097367067684,-0.13079271372296103,0));
#7687=DIRECTION('',(-0.8320502943378436,-0.554700196225229,0));
#7688=FACE_SURFACE('',(#7693),#7689,.T.);
#7689=PLANE('',#7690);
#7690=AXIS2_PLACEMENT_3D('',#208,#7691,#7692);
#7691=DIRECTION('',(0,0,1));
#7692=DIRECTION('',(0.96613529942209,0.2580360114607817,0));
#7693=FACE_BOUND('',#7694,.T.);
#7694=EDGE_LOOP('',(#7695,#7696,#7697));
#7695=ORIENTED_EDGE('',*,*,#7698,.T.);
#7696=ORIENTED_EDGE('',*,*,#7699,.T.);
#7697=ORIENTED_EDGE('',*,*,#7700,.T.);
#7698=EDGE_CURVE('',#209,#533,#7701,.F.);
#7699=EDGE_CURVE('',#533,#567,#7702,.T.);
#7700=EDGE_CURVE('',#567,#209,#7703,.T.);
#7701=LINE('',#208,#7704);
#7702=LINE('',#532,#7705);
#7703=LINE('',#566,#7706);
#7704=VECTOR('',#7707,1.0);
#7705=VECTOR('',#7708,1.0);
#7706=VECTOR('',#7709,1.0);
#7707=DIRECTION('',(0.96613529942209,0.2580360114607817,0));
#7708=DIRECTION('',(-0.9808411939004075,-0.19480901505839862,0));
#7709=DIRECTION('',(-0.7581854018497268,-0.6520390298302459,0));
#7710=FACE_SURFACE('',(#7715),#7711,.T.);
#7711=PLANE('',#7712);
#7712=AXIS2_PLACEMENT_3D('',#568,#7713,#7714);
#7713=DIRECTION('',(0,0,1));
#7714=DIRECTION('',(0.9466849401852755,0.32216086668992133,0));
#7715=FACE_BOUND('',#7716,.T.);
#7716=EDGE_LOOP('',(#7717,#7718,#7719));
#7717=ORIENTED_EDGE('',*,*,#7720,.T.);
#7718=ORIENTED_EDGE('',*,*,#7721,.T.);
#7719=ORIENTED_EDGE('',*,*,#7722,.T.);
#7720=EDGE_CURVE('',#569,#533,#7723,.F.);
#7721=EDGE_CURVE('',#533,#209,#7724,.T.);
#7722=EDGE_CURVE('',#209,#569,#7725,.T.);
#7723=LINE('',#568,#7726);
#7724=LINE('',#532,#7727);
#7725=LINE('',#208,#7728);
#7726=VECTOR('',#7729,1.0);
#7727=VECTOR('',#7730,1.0);
#7728=VECTOR('',#7731,1.0);
#7729=DIRECTION('',(0.9466849401852755,0.32216086668992133,0));
#7730=DIRECTION('',(-0.96613529942209,-0.2580360114607817,0));
#7731=DIRECTION('',(-0.6520385830085654,-0.758185786115898,0));
#7732=FACE_SURFACE('',(#7737),#7733,.T.);
#7733=PLANE('',#7734);
#7734=AXIS2_PLACEMENT_3D('',#570,#7735,#7736);
#7735=DIRECTION('',(0,0,1));
#7736=DIRECTION('',(0.9237562825487892,0.38298084867476306,0));
#7737=FACE_BOUND('',#7738,.T.);
#7738=EDGE_LOOP('',(#7739,#7740,#7741));
#7739=ORIENTED_EDGE('',*,*,#7742,.T.);
#7740=ORIENTED_EDGE('',*,*,#7743,.T.);
#7741=ORIENTED_EDGE('',*,*,#7744,.T.);
#7742=EDGE_CURVE('',#571,#533,#7745,.F.);
#7743=EDGE_CURVE('',#533,#569,#7746,.T.);
#7744=EDGE_CURVE('',#569,#571,#7747,.T.);
#7745=LINE('',#570,#7748);
#7746=LINE('',#532,#7749);
#7747=LINE('',#568,#7750);
#7748=VECTOR('',#7751,1.0);
#7749=VECTOR('',#7752,1.0);
#7750=VECTOR('',#7753,1.0);
#7751=DIRECTION('',(0.9237562825487892,0.38298084867476306,0));
#7752=DIRECTION('',(-0.9466849401852755,-0.32216086668992133,0));
#7753=DIRECTION('',(-0.554700196225229,-0.8320502943378436,0));
#7754=FACE_SURFACE('',(#7759),#7755,.T.);
#7755=PLANE('',#7756);
#7756=AXIS2_PLACEMENT_3D('',#534,#7757,#7758);
#7757=DIRECTION('',(0,0,1));
#7758=DIRECTION('',(0.896540863544764,0.4429610366549284,0));
#7759=FACE_BOUND('',#7760,.T.);
#7760=EDGE_LOOP('',(#7761,#7762,#7763));
#7761=ORIENTED_EDGE('',*,*,#7764,.T.);
#7762=ORIENTED_EDGE('',*,*,#7765,.T.);
#7763=ORIENTED_EDGE('',*,*,#7766,.T.);
#7764=EDGE_CURVE('',#535,#533,#7767,.F.);
#7765=EDGE_CURVE('',#533,#571,#7768,.T.);
#7766=EDGE_CURVE('',#571,#535,#7769,.T.);
#7767=LINE('',#534,#7770);
#7768=LINE('',#532,#7771);
#7769=LINE('',#570,#7772);
#7770=VECTOR('',#7773,1.0);
#7771=VECTOR('',#7774,1.0);
#7772=VECTOR('',#7775,1.0);
#7773=DIRECTION('',(0.896540863544764,0.4429610366549284,0));
#7774=DIRECTION('',(-0.9237562825487892,-0.38298084867476306,0));
#7775=DIRECTION('',(-0.44111856540794603,-0.8974488348939095,0));
#7776=FACE_SURFACE('',(#7781),#7777,.T.);
#7777=PLANE('',#7778);
#7778=AXIS2_PLACEMENT_3D('',#262,#7779,#7780);
#7779=DIRECTION('',(0,0,1));
#7780=DIRECTION('',(0.9978546935220255,0.06546763029210986,0));
#7781=FACE_BOUND('',#7782,.T.);
#7782=EDGE_LOOP('',(#7783,#7784,#7785));
#7783=ORIENTED_EDGE('',*,*,#7786,.T.);
#7784=ORIENTED_EDGE('',*,*,#7787,.T.);
#7785=ORIENTED_EDGE('',*,*,#7788,.T.);
#7786=EDGE_CURVE('',#263,#539,#7789,.F.);
#7787=EDGE_CURVE('',#539,#535,#7790,.T.);
#7788=EDGE_CURVE('',#535,#263,#7791,.T.);
#7789=LINE('',#262,#7792);
#7790=LINE('',#538,#7793);
#7791=LINE('',#534,#7794);
#7792=VECTOR('',#7795,1.0);
#7793=VECTOR('',#7796,1.0);
#7794=VECTOR('',#7797,1.0);
#7795=DIRECTION('',(0.9978546935220255,0.06546763029210986,0));
#7796=DIRECTION('',(-1,0,0));
#7797=DIRECTION('',(-0.32080738940164394,-0.9471444551415068,0));
#7798=FACE_SURFACE('',(#7803),#7799,.T.);
#7799=PLANE('',#7800);
#7800=AXIS2_PLACEMENT_3D('',#160,#7801,#7802);
#7801=DIRECTION('',(0,0,1));
#7802=DIRECTION('',(-0.9981119182646854,-0.06142148335875533,0));
#7803=FACE_BOUND('',#7804,.T.);
#7804=EDGE_LOOP('',(#7805,#7806,#7807));
#7805=ORIENTED_EDGE('',*,*,#7808,.T.);
#7806=ORIENTED_EDGE('',*,*,#7809,.T.);
#7807=ORIENTED_EDGE('',*,*,#7810,.T.);
#7808=EDGE_CURVE('',#161,#167,#7811,.F.);
#7809=EDGE_CURVE('',#167,#533,#7812,.T.);
#7810=EDGE_CURVE('',#533,#161,#7813,.T.);
#7811=LINE('',#160,#7814);
#7812=LINE('',#166,#7815);
#7813=LINE('',#532,#7816);
#7814=VECTOR('',#7817,1.0);
#7815=VECTOR('',#7818,1.0);
#7816=VECTOR('',#7819,1.0);
#7817=DIRECTION('',(-0.9981119182646854,-0.06142148335875533,0));
#7818=DIRECTION('',(0.9977623385690871,-0.06686041977991514,0));
#7819=DIRECTION('',(-0.9914281576333822,0.1306530070517984,0));
#7820=FACE_SURFACE('',(#7825),#7821,.T.);
#7821=PLANE('',#7822);
#7822=AXIS2_PLACEMENT_3D('',#160,#7823,#7824);
#7823=DIRECTION('',(0,0,1));
#7824=DIRECTION('',(0.9914281576333822,-0.1306530070517984,0));
#7825=FACE_BOUND('',#7826,.T.);
#7826=EDGE_LOOP('',(#7827,#7828,#7829));
#7827=ORIENTED_EDGE('',*,*,#7830,.T.);
#7828=ORIENTED_EDGE('',*,*,#7831,.T.);
#7829=ORIENTED_EDGE('',*,*,#7832,.T.);
#7830=EDGE_CURVE('',#161,#533,#7833,.F.);
#7831=EDGE_CURVE('',#533,#573,#7834,.T.);
#7832=EDGE_CURVE('',#573,#161,#7835,.T.);
#7833=LINE('',#160,#7836);
#7834=LINE('',#532,#7837);
#7835=LINE('',#572,#7838);
#7836=VECTOR('',#7839,1.0);
#7837=VECTOR('',#7840,1.0);
#7838=VECTOR('',#7841,1.0);
#7839=DIRECTION('',(0.9914281576333822,-0.1306530070517984,0));
#7840=DIRECTION('',(-0.9799872917628322,0.19906006124622186,0));
#7841=DIRECTION('',(-0.9981119182646854,0.06142148335875533,0));
#7842=FACE_SURFACE('',(#7847),#7843,.T.);
#7843=PLANE('',#7844);
#7844=AXIS2_PLACEMENT_3D('',#42,#7845,#7846);
#7845=DIRECTION('',(-0.8334883080012829,-0.5525370941621554,0));
#7846=DIRECTION('',(0.5525370941621554,-0.8334883080012829,0));
#7847=FACE_BOUND('',#7848,.T.);
#7848=EDGE_LOOP('',(#7849,#7850,#7851));
#7849=ORIENTED_EDGE('',*,*,#7852,.T.);
#7850=ORIENTED_EDGE('',*,*,#7853,.T.);
#7851=ORIENTED_EDGE('',*,*,#7854,.T.);
#7852=EDGE_CURVE('',#43,#55,#7855,.F.);
#7853=EDGE_CURVE('',#55,#575,#7856,.T.);
#7854=EDGE_CURVE('',#575,#43,#7857,.T.);
#7855=LINE('',#42,#7858);
#7856=LINE('',#54,#7859);
#7857=LINE('',#574,#7860);
#7858=VECTOR('',#7861,1.0);
#7859=VECTOR('',#7862,1.0);
#7860=VECTOR('',#7863,1.0);
#7861=DIRECTION('',(0.5525370941621554,-0.8334883080012829,0));
#7862=DIRECTION('',(0,0,1));
#7863=DIRECTION('',(-0.08332186287819071,0.12568893426995317,-0.9885644940865473));
#7864=FACE_SURFACE('',(#7869),#7865,.T.);
#7865=PLANE('',#7866);
#7866=AXIS2_PLACEMENT_3D('',#42,#7867,#7868);
#7867=DIRECTION('',(-0.8334883080012829,-0.5525370941621554,0));
#7868=DIRECTION('',(0.08332186287819071,-0.12568893426995317,0.9885644940865473));
#7869=FACE_BOUND('',#7870,.T.);
#7870=EDGE_LOOP('',(#7871,#7872,#7873));
#7871=ORIENTED_EDGE('',*,*,#7874,.T.);
#7872=ORIENTED_EDGE('',*,*,#7875,.T.);
#7873=ORIENTED_EDGE('',*,*,#7876,.T.);
#7874=EDGE_CURVE('',#43,#575,#7877,.F.);
#7875=EDGE_CURVE('',#575,#559,#7878,.T.);
#7876=EDGE_CURVE('',#559,#43,#7879,.T.);
#7877=LINE('',#42,#7880);
#7878=LINE('',#574,#7881);
#7879=LINE('',#558,#7882);
#7880=VECTOR('',#7883,1.0);
#7881=VECTOR('',#7884,1.0);
#7882=VECTOR('',#7885,1.0);
#7883=DIRECTION('',(0.08332186287819071,-0.12568893426995317,0.9885644940865473));
#7884=DIRECTION('',(-0.5525370941621554,0.8334883080012829,0));
#7885=DIRECTION('',(0,0,-1));
#7886=FACE_SURFACE('',(#7891),#7887,.T.);
#7887=PLANE('',#7888);
#7888=AXIS2_PLACEMENT_3D('',#548,#7889,#7890);
#7889=DIRECTION('',(0,0,1));
#7890=DIRECTION('',(-0.6637830481032246,0.747925173430332,0));
#7891=FACE_BOUND('',#7892,.T.);
#7892=EDGE_LOOP('',(#7893,#7894,#7895));
#7893=ORIENTED_EDGE('',*,*,#7896,.T.);
#7894=ORIENTED_EDGE('',*,*,#7897,.T.);
#7895=ORIENTED_EDGE('',*,*,#7898,.T.);
#7896=EDGE_CURVE('',#549,#557,#7899,.F.);
#7897=EDGE_CURVE('',#557,#555,#7900,.T.);
#7898=EDGE_CURVE('',#555,#549,#7901,.T.);
#7899=LINE('',#548,#7902);
#7900=LINE('',#556,#7903);
#7901=LINE('',#554,#7904);
#7902=VECTOR('',#7905,1.0);
#7903=VECTOR('',#7906,1.0);
#7904=VECTOR('',#7907,1.0);
#7905=DIRECTION('',(-0.6637830481032246,0.747925173430332,0));
#7906=DIRECTION('',(0.15766621544059278,-0.9874924630135871,0));
#7907=DIRECTION('',(0.8,0.6,0));
#7908=FACE_SURFACE('',(#7913),#7909,.T.);
#7909=PLANE('',#7910);
#7910=AXIS2_PLACEMENT_3D('',#576,#7911,#7912);
#7911=DIRECTION('',(0,0,1));
#7912=DIRECTION('',(-0.5076922590753119,-0.8615384901877607,0));
#7913=FACE_BOUND('',#7914,.T.);
#7914=EDGE_LOOP('',(#7915,#7916,#7917));
#7915=ORIENTED_EDGE('',*,*,#7918,.T.);
#7916=ORIENTED_EDGE('',*,*,#7919,.T.);
#7917=ORIENTED_EDGE('',*,*,#7920,.T.);
#7918=EDGE_CURVE('',#577,#579,#7921,.F.);
#7919=EDGE_CURVE('',#579,#561,#7922,.T.);
#7920=EDGE_CURVE('',#561,#577,#7923,.T.);
#7921=LINE('',#576,#7924);
#7922=LINE('',#578,#7925);
#7923=LINE('',#560,#7926);
#7924=VECTOR('',#7927,1.0);
#7925=VECTOR('',#7928,1.0);
#7926=VECTOR('',#7929,1.0);
#7927=DIRECTION('',(-0.5076922590753119,-0.8615384901877607,0));
#7928=DIRECTION('',(0.9996927815404297,-0.024785934236150994,0));
#7929=DIRECTION('',(-0.8305954600543327,0.556876271479699,0));
#7930=FACE_SURFACE('',(#7935),#7931,.T.);
#7931=PLANE('',#7932);
#7932=AXIS2_PLACEMENT_3D('',#54,#7933,#7934);
#7933=DIRECTION('',(-0.7479247895769694,-0.6637834806141577,0));
#7934=DIRECTION('',(0.6637834806141578,-0.7479247895769695,0));
#7935=FACE_BOUND('',#7936,.T.);
#7936=EDGE_LOOP('',(#7937,#7938,#7939));
#7937=ORIENTED_EDGE('',*,*,#7940,.T.);
#7938=ORIENTED_EDGE('',*,*,#7941,.T.);
#7939=ORIENTED_EDGE('',*,*,#7942,.T.);
#7940=EDGE_CURVE('',#55,#129,#7943,.F.);
#7941=EDGE_CURVE('',#129,#581,#7944,.T.);
#7942=EDGE_CURVE('',#581,#55,#7945,.T.);
#7943=LINE('',#54,#7946);
#7944=LINE('',#128,#7947);
#7945=LINE('',#580,#7948);
#7946=VECTOR('',#7949,1.0);
#7947=VECTOR('',#7950,1.0);
#7948=VECTOR('',#7951,1.0);
#7949=DIRECTION('',(0.6637834806141578,-0.7479247895769695,0));
#7950=DIRECTION('',(0,0,1));
#7951=DIRECTION('',(-0.10026479675173386,0.11297437975276828,-0.9885260543110691));
#7952=FACE_SURFACE('',(#7957),#7953,.T.);
#7953=PLANE('',#7954);
#7954=AXIS2_PLACEMENT_3D('',#54,#7955,#7956);
#7955=DIRECTION('',(-0.7479247895769694,-0.6637834806141577,0));
#7956=DIRECTION('',(0.10026479675173386,-0.11297437975276828,0.9885260543110691));
#7957=FACE_BOUND('',#7958,.T.);
#7958=EDGE_LOOP('',(#7959,#7960,#7961));
#7959=ORIENTED_EDGE('',*,*,#7962,.T.);
#7960=ORIENTED_EDGE('',*,*,#7963,.T.);
#7961=ORIENTED_EDGE('',*,*,#7964,.T.);
#7962=EDGE_CURVE('',#55,#581,#7965,.F.);
#7963=EDGE_CURVE('',#581,#575,#7966,.T.);
#7964=EDGE_CURVE('',#575,#55,#7967,.T.);
#7965=LINE('',#54,#7968);
#7966=LINE('',#580,#7969);
#7967=LINE('',#574,#7970);
#7968=VECTOR('',#7971,1.0);
#7969=VECTOR('',#7972,1.0);
#7970=VECTOR('',#7973,1.0);
#7971=DIRECTION('',(0.10026479675173386,-0.11297437975276828,0.9885260543110691));
#7972=DIRECTION('',(-0.6637834806141578,0.7479247895769695,0));
#7973=DIRECTION('',(0,0,-1));
#7974=FACE_SURFACE('',(#7979),#7975,.T.);
#7975=PLANE('',#7976);
#7976=AXIS2_PLACEMENT_3D('',#552,#7977,#7978);
#7977=DIRECTION('',(0,-0,1));
#7978=DIRECTION('',(0.7071067811865475,0.7071067811865475,0));
#7979=FACE_BOUND('',#7980,.T.);
#7980=EDGE_LOOP('',(#7981,#7982,#7983));
#7981=ORIENTED_EDGE('',*,*,#7984,.T.);
#7982=ORIENTED_EDGE('',*,*,#7985,.T.);
#7983=ORIENTED_EDGE('',*,*,#7986,.T.);
#7984=EDGE_CURVE('',#553,#557,#7987,.F.);
#7985=EDGE_CURVE('',#557,#563,#7988,.T.);
#7986=EDGE_CURVE('',#563,#553,#7989,.T.);
#7987=LINE('',#552,#7990);
#7988=LINE('',#556,#7991);
#7989=LINE('',#562,#7992);
#7990=VECTOR('',#7993,1.0);
#7991=VECTOR('',#7994,1.0);
#7992=VECTOR('',#7995,1.0);
#7993=DIRECTION('',(0.7071067811865475,0.7071067811865475,0));
#7994=DIRECTION('',(-0.9874924630135871,0.15766621544059278,0));
#7995=DIRECTION('',(0.7468452410726957,-0.6649978841222481,0));
#7996=FACE_SURFACE('',(#8001),#7997,.T.);
#7997=PLANE('',#7998);
#7998=AXIS2_PLACEMENT_3D('',#582,#7999,#8000);
#7999=DIRECTION('',(-0,0,1));
#8000=DIRECTION('',(0.8984738182518467,-0.439027103851172,0));
#8001=FACE_BOUND('',#8002,.T.);
#8002=EDGE_LOOP('',(#8003,#8004,#8005));
#8003=ORIENTED_EDGE('',*,*,#8006,.T.);
#8004=ORIENTED_EDGE('',*,*,#8007,.T.);
#8005=ORIENTED_EDGE('',*,*,#8008,.T.);
#8006=EDGE_CURVE('',#583,#579,#8009,.F.);
#8007=EDGE_CURVE('',#579,#585,#8010,.T.);
#8008=EDGE_CURVE('',#585,#583,#8011,.T.);
#8009=LINE('',#582,#8012);
#8010=LINE('',#578,#8013);
#8011=LINE('',#584,#8014);
#8012=VECTOR('',#8015,1.0);
#8013=VECTOR('',#8016,1.0);
#8014=VECTOR('',#8017,1.0);
#8015=DIRECTION('',(0.8984738182518467,-0.439027103851172,0));
#8016=DIRECTION('',(-0.5217850395063707,0.8530770027068688,0));
#8017=DIRECTION('',(-0.38461538461538464,-0.9230769230769231,0));
#8018=FACE_SURFACE('',(#8023),#8019,.T.);
#8019=PLANE('',#8020);
#8020=AXIS2_PLACEMENT_3D('',#512,#8021,#8022);
#8021=DIRECTION('',(0,0,1));
#8022=DIRECTION('',(0.628722098688821,-0.7776300679759782,0));
#8023=FACE_BOUND('',#8024,.T.);
#8024=EDGE_LOOP('',(#8025,#8026,#8027));
#8025=ORIENTED_EDGE('',*,*,#8028,.T.);
#8026=ORIENTED_EDGE('',*,*,#8029,.T.);
#8027=ORIENTED_EDGE('',*,*,#8030,.T.);
#8028=EDGE_CURVE('',#513,#583,#8031,.F.);
#8029=EDGE_CURVE('',#583,#585,#8032,.T.);
#8030=EDGE_CURVE('',#585,#513,#8033,.T.);
#8031=LINE('',#512,#8034);
#8032=LINE('',#582,#8035);
#8033=LINE('',#584,#8036);
#8034=VECTOR('',#8037,1.0);
#8035=VECTOR('',#8038,1.0);
#8036=VECTOR('',#8039,1.0);
#8037=DIRECTION('',(0.628722098688821,-0.7776300679759782,0));
#8038=DIRECTION('',(0.38461538461538464,0.9230769230769231,0));
#8039=DIRECTION('',(-0.947740606808019,0.31904191293177747,0));
#8040=FACE_SURFACE('',(#8045),#8041,.T.);
#8041=PLANE('',#8042);
#8042=AXIS2_PLACEMENT_3D('',#128,#8043,#8044);
#8043=DIRECTION('',(-0.6637834806141577,-0.7479247895769694,0));
#8044=DIRECTION('',(0.7479247895769695,-0.6637834806141578,0));
#8045=FACE_BOUND('',#8046,.T.);
#8046=EDGE_LOOP('',(#8047,#8048,#8049));
#8047=ORIENTED_EDGE('',*,*,#8050,.T.);
#8048=ORIENTED_EDGE('',*,*,#8051,.T.);
#8049=ORIENTED_EDGE('',*,*,#8052,.T.);
#8050=EDGE_CURVE('',#129,#109,#8053,.F.);
#8051=EDGE_CURVE('',#109,#587,#8054,.T.);
#8052=EDGE_CURVE('',#587,#129,#8055,.T.);
#8053=LINE('',#128,#8056);
#8054=LINE('',#108,#8057);
#8055=LINE('',#586,#8058);
#8056=VECTOR('',#8059,1.0);
#8057=VECTOR('',#8060,1.0);
#8058=VECTOR('',#8061,1.0);
#8059=DIRECTION('',(0.7479247895769695,-0.6637834806141578,0));
#8060=DIRECTION('',(0,0,1));
#8061=DIRECTION('',(-0.11297437975276828,0.10026479675173386,-0.9885260543110691));
#8062=FACE_SURFACE('',(#8067),#8063,.T.);
#8063=PLANE('',#8064);
#8064=AXIS2_PLACEMENT_3D('',#128,#8065,#8066);
#8065=DIRECTION('',(-0.6637834806141577,-0.7479247895769694,0));
#8066=DIRECTION('',(0.11297437975276828,-0.10026479675173386,0.9885260543110691));
#8067=FACE_BOUND('',#8068,.T.);
#8068=EDGE_LOOP('',(#8069,#8070,#8071));
#8069=ORIENTED_EDGE('',*,*,#8072,.T.);
#8070=ORIENTED_EDGE('',*,*,#8073,.T.);
#8071=ORIENTED_EDGE('',*,*,#8074,.T.);
#8072=EDGE_CURVE('',#129,#587,#8075,.F.);
#8073=EDGE_CURVE('',#587,#581,#8076,.T.);
#8074=EDGE_CURVE('',#581,#129,#8077,.T.);
#8075=LINE('',#128,#8078);
#8076=LINE('',#586,#8079);
#8077=LINE('',#580,#8080);
#8078=VECTOR('',#8081,1.0);
#8079=VECTOR('',#8082,1.0);
#8080=VECTOR('',#8083,1.0);
#8081=DIRECTION('',(0.11297437975276828,-0.10026479675173386,0.9885260543110691));
#8082=DIRECTION('',(-0.7479247895769695,0.6637834806141578,0));
#8083=DIRECTION('',(0,0,-1));
#8084=FACE_SURFACE('',(#8089),#8085,.T.);
#8085=PLANE('',#8086);
#8086=AXIS2_PLACEMENT_3D('',#562,#8087,#8088);
#8087=DIRECTION('',(0,-0,1));
#8088=DIRECTION('',(0.6,0.8,0));
#8089=FACE_BOUND('',#8090,.T.);
#8090=EDGE_LOOP('',(#8091,#8092,#8093));
#8091=ORIENTED_EDGE('',*,*,#8094,.T.);
#8092=ORIENTED_EDGE('',*,*,#8095,.T.);
#8093=ORIENTED_EDGE('',*,*,#8096,.T.);
#8094=EDGE_CURVE('',#563,#561,#8097,.F.);
#8095=EDGE_CURVE('',#561,#579,#8098,.T.);
#8096=EDGE_CURVE('',#579,#563,#8099,.T.);
#8097=LINE('',#562,#8100);
#8098=LINE('',#560,#8101);
#8099=LINE('',#578,#8102);
#8100=VECTOR('',#8103,1.0);
#8101=VECTOR('',#8104,1.0);
#8102=VECTOR('',#8105,1.0);
#8103=DIRECTION('',(0.6,0.8,0));
#8104=DIRECTION('',(-0.9996927815404297,0.024785934236150994,0));
#8105=DIRECTION('',(0.8304886124426296,-0.5570356044303771,0));
#8106=FACE_SURFACE('',(#8111),#8107,.T.);
#8107=PLANE('',#8108);
#8108=AXIS2_PLACEMENT_3D('',#554,#8109,#8110);
#8109=DIRECTION('',(0.8304886124426297,0.5570356044303773,-0));
#8110=DIRECTION('',(0,0,1));
#8111=FACE_BOUND('',#8112,.T.);
#8112=EDGE_LOOP('',(#8113,#8114,#8115));
#8113=ORIENTED_EDGE('',*,*,#8116,.T.);
#8114=ORIENTED_EDGE('',*,*,#8117,.T.);
#8115=ORIENTED_EDGE('',*,*,#8118,.T.);
#8116=EDGE_CURVE('',#555,#589,#8119,.F.);
#8117=EDGE_CURVE('',#589,#591,#8120,.T.);
#8118=EDGE_CURVE('',#591,#555,#8121,.T.);
#8119=LINE('',#554,#8122);
#8120=LINE('',#588,#8123);
#8121=LINE('',#590,#8124);
#8122=VECTOR('',#8125,1.0);
#8123=VECTOR('',#8126,1.0);
#8124=VECTOR('',#8127,1.0);
#8125=DIRECTION('',(0,0,1));
#8126=DIRECTION('',(0.5570356044303771,-0.8304886124426296,0));
#8127=DIRECTION('',(-0.03474239551324718,0.05179770128380726,-0.9980530868123771));
#8128=FACE_SURFACE('',(#8133),#8129,.T.);
#8129=PLANE('',#8130);
#8130=AXIS2_PLACEMENT_3D('',#108,#8131,#8132);
#8131=DIRECTION('',(-0.5525370941621554,-0.8334883080012829,0));
#8132=DIRECTION('',(0.8334883080012829,-0.5525370941621554,0));
#8133=FACE_BOUND('',#8134,.T.);
#8134=EDGE_LOOP('',(#8135,#8136,#8137));
#8135=ORIENTED_EDGE('',*,*,#8138,.T.);
#8136=ORIENTED_EDGE('',*,*,#8139,.T.);
#8137=ORIENTED_EDGE('',*,*,#8140,.T.);
#8138=EDGE_CURVE('',#109,#131,#8141,.F.);
#8139=EDGE_CURVE('',#131,#593,#8142,.T.);
#8140=EDGE_CURVE('',#593,#109,#8143,.T.);
#8141=LINE('',#108,#8144);
#8142=LINE('',#130,#8145);
#8143=LINE('',#592,#8146);
#8144=VECTOR('',#8147,1.0);
#8145=VECTOR('',#8148,1.0);
#8146=VECTOR('',#8149,1.0);
#8147=DIRECTION('',(0.8334883080012829,-0.5525370941621554,0));
#8148=DIRECTION('',(0,0,1));
#8149=DIRECTION('',(-0.12568893426995317,0.08332186287819071,-0.9885644940865473));
#8150=FACE_SURFACE('',(#8155),#8151,.T.);
#8151=PLANE('',#8152);
#8152=AXIS2_PLACEMENT_3D('',#108,#8153,#8154);
#8153=DIRECTION('',(-0.5525370941621554,-0.8334883080012829,0));
#8154=DIRECTION('',(0.12568893426995317,-0.08332186287819071,0.9885644940865473));
#8155=FACE_BOUND('',#8156,.T.);
#8156=EDGE_LOOP('',(#8157,#8158,#8159));
#8157=ORIENTED_EDGE('',*,*,#8160,.T.);
#8158=ORIENTED_EDGE('',*,*,#8161,.T.);
#8159=ORIENTED_EDGE('',*,*,#8162,.T.);
#8160=EDGE_CURVE('',#109,#593,#8163,.F.);
#8161=EDGE_CURVE('',#593,#587,#8164,.T.);
#8162=EDGE_CURVE('',#587,#109,#8165,.T.);
#8163=LINE('',#108,#8166);
#8164=LINE('',#592,#8167);
#8165=LINE('',#586,#8168);
#8166=VECTOR('',#8169,1.0);
#8167=VECTOR('',#8170,1.0);
#8168=VECTOR('',#8171,1.0);
#8169=DIRECTION('',(0.12568893426995317,-0.08332186287819071,0.9885644940865473));
#8170=DIRECTION('',(-0.8334883080012829,0.5525370941621554,0));
#8171=DIRECTION('',(0,0,-1));
#8172=FACE_SURFACE('',(#8177),#8173,.T.);
#8173=PLANE('',#8174);
#8174=AXIS2_PLACEMENT_3D('',#474,#8175,#8176);
#8175=DIRECTION('',(-0.7468446685478167,-0.6649985271124302,0));
#8176=DIRECTION('',(0.6649985271124303,-0.7468446685478167,0));
#8177=FACE_BOUND('',#8178,.T.);
#8178=EDGE_LOOP('',(#8179,#8180,#8181));
#8179=ORIENTED_EDGE('',*,*,#8182,.T.);
#8180=ORIENTED_EDGE('',*,*,#8183,.T.);
#8181=ORIENTED_EDGE('',*,*,#8184,.T.);
#8182=EDGE_CURVE('',#475,#435,#8185,.F.);
#8183=EDGE_CURVE('',#435,#459,#8186,.T.);
#8184=EDGE_CURVE('',#459,#475,#8187,.T.);
#8185=LINE('',#474,#8188);
#8186=LINE('',#434,#8189);
#8187=LINE('',#458,#8190);
#8188=VECTOR('',#8191,1.0);
#8189=VECTOR('',#8192,1.0);
#8190=VECTOR('',#8193,1.0);
#8191=DIRECTION('',(0.6649985271124303,-0.7468446685478167,0));
#8192=DIRECTION('',(0,0,1));
#8193=DIRECTION('',(-0.04106074089522092,0.046114380970703105,-0.9980919193264839));
#8194=FACE_SURFACE('',(#8199),#8195,.T.);
#8195=PLANE('',#8196);
#8196=AXIS2_PLACEMENT_3D('',#474,#8197,#8198);
#8197=DIRECTION('',(-0.7468446685478167,-0.6649985271124302,0));
#8198=DIRECTION('',(0.04106074089522092,-0.046114380970703105,0.9980919193264839));
#8199=FACE_BOUND('',#8200,.T.);
#8200=EDGE_LOOP('',(#8201,#8202,#8203));
#8201=ORIENTED_EDGE('',*,*,#8204,.T.);
#8202=ORIENTED_EDGE('',*,*,#8205,.T.);
#8203=ORIENTED_EDGE('',*,*,#8206,.T.);
#8204=EDGE_CURVE('',#475,#459,#8207,.F.);
#8205=EDGE_CURVE('',#459,#415,#8208,.T.);
#8206=EDGE_CURVE('',#415,#475,#8209,.T.);
#8207=LINE('',#474,#8210);
#8208=LINE('',#458,#8211);
#8209=LINE('',#414,#8212);
#8210=VECTOR('',#8213,1.0);
#8211=VECTOR('',#8214,1.0);
#8212=VECTOR('',#8215,1.0);
#8213=DIRECTION('',(0.04106074089522092,-0.046114380970703105,0.9980919193264839));
#8214=DIRECTION('',(-0.6649985271124303,0.7468446685478167,0));
#8215=DIRECTION('',(0,0,-1));
#8216=FACE_SURFACE('',(#8221),#8217,.T.);
#8217=PLANE('',#8218);
#8218=AXIS2_PLACEMENT_3D('',#594,#8219,#8220);
#8219=DIRECTION('',(0.7468452410726957,0.6649978841222481,0));
#8220=DIRECTION('',(0.6649978841222481,-0.7468452410726957,0));
#8221=FACE_BOUND('',#8222,.T.);
#8222=EDGE_LOOP('',(#8223,#8224,#8225));
#8223=ORIENTED_EDGE('',*,*,#8226,.T.);
#8224=ORIENTED_EDGE('',*,*,#8227,.T.);
#8225=ORIENTED_EDGE('',*,*,#8228,.T.);
#8226=EDGE_CURVE('',#595,#589,#8229,.F.);
#8227=EDGE_CURVE('',#589,#555,#8230,.T.);
#8228=EDGE_CURVE('',#555,#595,#8231,.T.);
#8229=LINE('',#594,#8232);
#8230=LINE('',#588,#8233);
#8231=LINE('',#554,#8234);
#8232=VECTOR('',#8235,1.0);
#8233=VECTOR('',#8236,1.0);
#8234=VECTOR('',#8237,1.0);
#8235=DIRECTION('',(0.6649978841222481,-0.7468452410726957,0));
#8236=DIRECTION('',(0,0,-1));
#8237=DIRECTION('',(-0.041060703234931356,0.04611441861440468,0.9980919191365635));
#8238=FACE_SURFACE('',(#8243),#8239,.T.);
#8239=PLANE('',#8240);
#8240=AXIS2_PLACEMENT_3D('',#518,#8241,#8242);
#8241=DIRECTION('',(-0.5508421858068524,-0.8346094214274896,0));
#8242=DIRECTION('',(0,0,1));
#8243=FACE_BOUND('',#8244,.T.);
#8244=EDGE_LOOP('',(#8245,#8246,#8247));
#8245=ORIENTED_EDGE('',*,*,#8248,.T.);
#8246=ORIENTED_EDGE('',*,*,#8249,.T.);
#8247=ORIENTED_EDGE('',*,*,#8250,.T.);
#8248=EDGE_CURVE('',#519,#119,#8251,.F.);
#8249=EDGE_CURVE('',#119,#107,#8252,.T.);
#8250=EDGE_CURVE('',#107,#519,#8253,.T.);
#8251=LINE('',#518,#8254);
#8252=LINE('',#118,#8255);
#8253=LINE('',#106,#8256);
#8254=VECTOR('',#8257,1.0);
#8255=VECTOR('',#8258,1.0);
#8256=VECTOR('',#8259,1.0);
#8257=DIRECTION('',(0,0,1));
#8258=DIRECTION('',(-0.8346094214274897,0.5508421858068525,0));
#8259=DIRECTION('',(0.23411050698868413,-0.15451292554238313,-0.9598531274928656));
#8260=FACE_SURFACE('',(#8265),#8261,.T.);
#8261=PLANE('',#8262);
#8262=AXIS2_PLACEMENT_3D('',#518,#8263,#8264);
#8263=DIRECTION('',(-0.5508421858068524,-0.8346094214274896,0));
#8264=DIRECTION('',(-0.23411050698868413,0.15451292554238313,0.9598531274928656));
#8265=FACE_BOUND('',#8266,.T.);
#8266=EDGE_LOOP('',(#8267,#8268,#8269));
#8267=ORIENTED_EDGE('',*,*,#8270,.T.);
#8268=ORIENTED_EDGE('',*,*,#8271,.T.);
#8269=ORIENTED_EDGE('',*,*,#8272,.T.);
#8270=EDGE_CURVE('',#519,#107,#8273,.F.);
#8271=EDGE_CURVE('',#107,#443,#8274,.T.);
#8272=EDGE_CURVE('',#443,#519,#8275,.T.);
#8273=LINE('',#518,#8276);
#8274=LINE('',#106,#8277);
#8275=LINE('',#442,#8278);
#8276=VECTOR('',#8279,1.0);
#8277=VECTOR('',#8280,1.0);
#8278=VECTOR('',#8281,1.0);
#8279=DIRECTION('',(-0.23411050698868413,0.15451292554238313,0.9598531274928656));
#8280=DIRECTION('',(0,0,-1));
#8281=DIRECTION('',(0.8346094214274897,-0.5508421858068525,0));
#8282=FACE_SURFACE('',(#8287),#8283,.T.);
#8283=PLANE('',#8284);
#8284=AXIS2_PLACEMENT_3D('',#458,#8285,#8286);
#8285=DIRECTION('',(-0.6649985271124302,-0.7468446685478167,-0));
#8286=DIRECTION('',(0,0,-1));
#8287=FACE_BOUND('',#8288,.T.);
#8288=EDGE_LOOP('',(#8289,#8290,#8291));
#8289=ORIENTED_EDGE('',*,*,#8292,.T.);
#8290=ORIENTED_EDGE('',*,*,#8293,.T.);
#8291=ORIENTED_EDGE('',*,*,#8294,.T.);
#8292=EDGE_CURVE('',#459,#435,#8295,.F.);
#8293=EDGE_CURVE('',#435,#433,#8296,.T.);
#8294=EDGE_CURVE('',#433,#459,#8297,.T.);
#8295=LINE('',#458,#8298);
#8296=LINE('',#434,#8299);
#8297=LINE('',#432,#8300);
#8298=VECTOR('',#8301,1.0);
#8299=VECTOR('',#8302,1.0);
#8300=VECTOR('',#8303,1.0);
#8301=DIRECTION('',(0,0,-1));
#8302=DIRECTION('',(0.046114380970703105,-0.04106074089522092,0.9980919193264839));
#8303=DIRECTION('',(-0.7468446685478167,0.6649985271124303,0));
#8304=FACE_SURFACE('',(#8309),#8305,.T.);
#8305=PLANE('',#8306);
#8306=AXIS2_PLACEMENT_3D('',#130,#8307,#8308);
#8307=DIRECTION('',(-0.4434358542906828,-0.89630611017079,0));
#8308=DIRECTION('',(0.89630611017079,-0.4434358542906828,0));
#8309=FACE_BOUND('',#8310,.T.);
#8310=EDGE_LOOP('',(#8311,#8312,#8313));
#8311=ORIENTED_EDGE('',*,*,#8314,.T.);
#8312=ORIENTED_EDGE('',*,*,#8315,.T.);
#8313=ORIENTED_EDGE('',*,*,#8316,.T.);
#8314=EDGE_CURVE('',#131,#597,#8317,.F.);
#8315=EDGE_CURVE('',#597,#599,#8318,.T.);
#8316=EDGE_CURVE('',#599,#131,#8319,.T.);
#8317=LINE('',#130,#8320);
#8318=LINE('',#596,#8321);
#8319=LINE('',#598,#8322);
#8320=VECTOR('',#8323,1.0);
#8321=VECTOR('',#8324,1.0);
#8322=VECTOR('',#8325,1.0);
#8323=DIRECTION('',(0.89630611017079,-0.4434358542906828,0));
#8324=DIRECTION('',(0,0,1));
#8325=DIRECTION('',(-0.13418475999893734,0.06638617433008565,-0.9887301583555763));
#8326=FACE_SURFACE('',(#8331),#8327,.T.);
#8327=PLANE('',#8328);
#8328=AXIS2_PLACEMENT_3D('',#130,#8329,#8330);
#8329=DIRECTION('',(-0.4434358542906828,-0.89630611017079,0));
#8330=DIRECTION('',(0.13418475999893734,-0.06638617433008565,0.9887301583555763));
#8331=FACE_BOUND('',#8332,.T.);
#8332=EDGE_LOOP('',(#8333,#8334,#8335));
#8333=ORIENTED_EDGE('',*,*,#8336,.T.);
#8334=ORIENTED_EDGE('',*,*,#8337,.T.);
#8335=ORIENTED_EDGE('',*,*,#8338,.T.);
#8336=EDGE_CURVE('',#131,#599,#8339,.F.);
#8337=EDGE_CURVE('',#599,#593,#8340,.T.);
#8338=EDGE_CURVE('',#593,#131,#8341,.T.);
#8339=LINE('',#130,#8342);
#8340=LINE('',#598,#8343);
#8341=LINE('',#592,#8344);
#8342=VECTOR('',#8345,1.0);
#8343=VECTOR('',#8346,1.0);
#8344=VECTOR('',#8347,1.0);
#8345=DIRECTION('',(0.13418475999893734,-0.06638617433008565,0.9887301583555763));
#8346=DIRECTION('',(-0.89630611017079,0.4434358542906828,0));
#8347=DIRECTION('',(0,0,-1));
#8348=FACE_SURFACE('',(#8353),#8349,.T.);
#8349=PLANE('',#8350);
#8350=AXIS2_PLACEMENT_3D('',#596,#8351,#8352);
#8351=DIRECTION('',(-0.3190413670348495,-0.9477407905754267,0));
#8352=DIRECTION('',(0.9477407905754266,-0.3190413670348494,0));
#8353=FACE_BOUND('',#8354,.T.);
#8354=EDGE_LOOP('',(#8355,#8356,#8357));
#8355=ORIENTED_EDGE('',*,*,#8358,.T.);
#8356=ORIENTED_EDGE('',*,*,#8359,.T.);
#8357=ORIENTED_EDGE('',*,*,#8360,.T.);
#8358=EDGE_CURVE('',#597,#601,#8361,.F.);
#8359=EDGE_CURVE('',#601,#473,#8362,.T.);
#8360=EDGE_CURVE('',#473,#597,#8363,.T.);
#8361=LINE('',#596,#8364);
#8362=LINE('',#600,#8365);
#8363=LINE('',#472,#8366);
#8364=VECTOR('',#8367,1.0);
#8365=VECTOR('',#8368,1.0);
#8366=VECTOR('',#8369,1.0);
#8367=DIRECTION('',(0.9477407905754266,-0.3190413670348494,0));
#8368=DIRECTION('',(0,0,1));
#8369=DIRECTION('',(-0.14264214724474478,0.04801813545043128,-0.9886088592043228));
#8370=FACE_SURFACE('',(#8375),#8371,.T.);
#8371=PLANE('',#8372);
#8372=AXIS2_PLACEMENT_3D('',#596,#8373,#8374);
#8373=DIRECTION('',(-0.3190413670348495,-0.9477407905754267,0));
#8374=DIRECTION('',(0.14264214724474478,-0.04801813545043128,0.9886088592043228));
#8375=FACE_BOUND('',#8376,.T.);
#8376=EDGE_LOOP('',(#8377,#8378,#8379));
#8377=ORIENTED_EDGE('',*,*,#8380,.T.);
#8378=ORIENTED_EDGE('',*,*,#8381,.T.);
#8379=ORIENTED_EDGE('',*,*,#8382,.T.);
#8380=EDGE_CURVE('',#597,#473,#8383,.F.);
#8381=EDGE_CURVE('',#473,#599,#8384,.T.);
#8382=EDGE_CURVE('',#599,#597,#8385,.T.);
#8383=LINE('',#596,#8386);
#8384=LINE('',#472,#8387);
#8385=LINE('',#598,#8388);
#8386=VECTOR('',#8389,1.0);
#8387=VECTOR('',#8390,1.0);
#8388=VECTOR('',#8391,1.0);
#8389=DIRECTION('',(0.14264214724474478,-0.04801813545043128,0.9886088592043228));
#8390=DIRECTION('',(-0.9477407905754266,0.3190413670348494,0));
#8391=DIRECTION('',(0,0,-1));
#8392=FACE_SURFACE('',(#8397),#8393,.T.);
#8393=PLANE('',#8394);
#8394=AXIS2_PLACEMENT_3D('',#444,#8395,#8396);
#8395=DIRECTION('',(-0.557034979892484,-0.8304890313400775,0));
#8396=DIRECTION('',(0,0,1));
#8397=FACE_BOUND('',#8398,.T.);
#8398=EDGE_LOOP('',(#8399,#8400,#8401));
#8399=ORIENTED_EDGE('',*,*,#8402,.T.);
#8400=ORIENTED_EDGE('',*,*,#8403,.T.);
#8401=ORIENTED_EDGE('',*,*,#8404,.T.);
#8402=EDGE_CURVE('',#445,#485,#8405,.F.);
#8403=EDGE_CURVE('',#485,#433,#8406,.T.);
#8404=EDGE_CURVE('',#433,#445,#8407,.T.);
#8405=LINE('',#444,#8408);
#8406=LINE('',#484,#8409);
#8407=LINE('',#432,#8410);
#8408=VECTOR('',#8411,1.0);
#8409=VECTOR('',#8412,1.0);
#8410=VECTOR('',#8413,1.0);
#8411=DIRECTION('',(0,0,1));
#8412=DIRECTION('',(-0.8304890313400773,0.557034979892484,0));
#8413=DIRECTION('',(0.05179770138544097,-0.03474233910489893,-0.998053088770685));
#8414=FACE_SURFACE('',(#8419),#8415,.T.);
#8415=PLANE('',#8416);
#8416=AXIS2_PLACEMENT_3D('',#514,#8417,#8418);
#8417=DIRECTION('',(-0.4438606109106697,-0.8960958420180328,0));
#8418=DIRECTION('',(0,0,1));
#8419=FACE_BOUND('',#8420,.T.);
#8420=EDGE_LOOP('',(#8421,#8422,#8423));
#8421=ORIENTED_EDGE('',*,*,#8424,.T.);
#8422=ORIENTED_EDGE('',*,*,#8425,.T.);
#8423=ORIENTED_EDGE('',*,*,#8426,.T.);
#8424=EDGE_CURVE('',#515,#603,#8427,.F.);
#8425=EDGE_CURVE('',#603,#119,#8428,.T.);
#8426=EDGE_CURVE('',#119,#515,#8429,.T.);
#8427=LINE('',#514,#8430);
#8428=LINE('',#602,#8431);
#8429=LINE('',#118,#8432);
#8430=VECTOR('',#8433,1.0);
#8431=VECTOR('',#8434,1.0);
#8432=VECTOR('',#8435,1.0);
#8433=DIRECTION('',(0,0,1));
#8434=DIRECTION('',(-0.8960958420180327,0.4438606109106697,0));
#8435=DIRECTION('',(0.25056554140455,-0.12411191868776486,-0.9601110045720164));
#8436=FACE_SURFACE('',(#8441),#8437,.T.);
#8437=PLANE('',#8438);
#8438=AXIS2_PLACEMENT_3D('',#514,#8439,#8440);
#8439=DIRECTION('',(-0.4438606109106697,-0.8960958420180328,0));
#8440=DIRECTION('',(-0.25056554140455,0.12411191868776486,0.9601110045720164));
#8441=FACE_BOUND('',#8442,.T.);
#8442=EDGE_LOOP('',(#8443,#8444,#8445));
#8443=ORIENTED_EDGE('',*,*,#8446,.T.);
#8444=ORIENTED_EDGE('',*,*,#8447,.T.);
#8445=ORIENTED_EDGE('',*,*,#8448,.T.);
#8446=EDGE_CURVE('',#515,#119,#8449,.F.);
#8447=EDGE_CURVE('',#119,#519,#8450,.T.);
#8448=EDGE_CURVE('',#519,#515,#8451,.T.);
#8449=LINE('',#514,#8452);
#8450=LINE('',#118,#8453);
#8451=LINE('',#518,#8454);
#8452=VECTOR('',#8455,1.0);
#8453=VECTOR('',#8456,1.0);
#8454=VECTOR('',#8457,1.0);
#8455=DIRECTION('',(-0.25056554140455,0.12411191868776486,0.9601110045720164));
#8456=DIRECTION('',(0,0,-1));
#8457=DIRECTION('',(0.8960958420180327,-0.4438606109106697,0));
#8458=FACE_SURFACE('',(#8463),#8459,.T.);
#8459=PLANE('',#8460);
#8460=AXIS2_PLACEMENT_3D('',#516,#8461,#8462);
#8461=DIRECTION('',(-0.32624854549997345,-0.9452840242800848,0));
#8462=DIRECTION('',(0,0,1));
#8463=FACE_BOUND('',#8464,.T.);
#8464=EDGE_LOOP('',(#8465,#8466,#8467));
#8465=ORIENTED_EDGE('',*,*,#8468,.T.);
#8466=ORIENTED_EDGE('',*,*,#8469,.T.);
#8467=ORIENTED_EDGE('',*,*,#8470,.T.);
#8468=EDGE_CURVE('',#517,#605,#8471,.F.);
#8469=EDGE_CURVE('',#605,#603,#8472,.T.);
#8470=EDGE_CURVE('',#603,#517,#8473,.T.);
#8471=LINE('',#516,#8474);
#8472=LINE('',#604,#8475);
#8473=LINE('',#602,#8476);
#8474=VECTOR('',#8477,1.0);
#8475=VECTOR('',#8478,1.0);
#8476=VECTOR('',#8479,1.0);
#8477=DIRECTION('',(0,0,1));
#8478=DIRECTION('',(-0.9452840242800846,0.3262485454999734,0));
#8479=DIRECTION('',(0.2645926940870457,-0.09131962392103314,-0.9600267873984977));
#8480=FACE_SURFACE('',(#8485),#8481,.T.);
#8481=PLANE('',#8482);
#8482=AXIS2_PLACEMENT_3D('',#516,#8483,#8484);
#8483=DIRECTION('',(-0.32624854549997345,-0.9452840242800848,0));
#8484=DIRECTION('',(-0.2645926940870457,0.09131962392103314,0.9600267873984977));
#8485=FACE_BOUND('',#8486,.T.);
#8486=EDGE_LOOP('',(#8487,#8488,#8489));
#8487=ORIENTED_EDGE('',*,*,#8490,.T.);
#8488=ORIENTED_EDGE('',*,*,#8491,.T.);
#8489=ORIENTED_EDGE('',*,*,#8492,.T.);
#8490=EDGE_CURVE('',#517,#603,#8493,.F.);
#8491=EDGE_CURVE('',#603,#515,#8494,.T.);
#8492=EDGE_CURVE('',#515,#517,#8495,.T.);
#8493=LINE('',#516,#8496);
#8494=LINE('',#602,#8497);
#8495=LINE('',#514,#8498);
#8496=VECTOR('',#8499,1.0);
#8497=VECTOR('',#8500,1.0);
#8498=VECTOR('',#8501,1.0);
#8499=DIRECTION('',(-0.2645926940870457,0.09131962392103314,0.9600267873984977));
#8500=DIRECTION('',(0,0,-1));
#8501=DIRECTION('',(0.9452840242800846,-0.3262485454999734,0));
#8502=FACE_SURFACE('',(#8507),#8503,.T.);
#8503=PLANE('',#8504);
#8504=AXIS2_PLACEMENT_3D('',#600,#8505,#8506);
#8505=DIRECTION('',(-0.19611608161514996,-0.9805806863955254,0));
#8506=DIRECTION('',(0.9805806863955254,-0.19611608161514998,0));
#8507=FACE_BOUND('',#8508,.T.);
#8508=EDGE_LOOP('',(#8509,#8510,#8511));
#8509=ORIENTED_EDGE('',*,*,#8512,.T.);
#8510=ORIENTED_EDGE('',*,*,#8513,.T.);
#8511=ORIENTED_EDGE('',*,*,#8514,.T.);
#8512=EDGE_CURVE('',#601,#607,#8515,.F.);
#8513=EDGE_CURVE('',#607,#471,#8516,.T.);
#8514=EDGE_CURVE('',#471,#601,#8517,.T.);
#8515=LINE('',#600,#8518);
#8516=LINE('',#606,#8519);
#8517=LINE('',#470,#8520);
#8518=VECTOR('',#8521,1.0);
#8519=VECTOR('',#8522,1.0);
#8520=VECTOR('',#8523,1.0);
#8521=DIRECTION('',(0.9805806863955254,-0.19611608161514998,0));
#8522=DIRECTION('',(0,0,1));
#8523=DIRECTION('',(-0.14827523434358014,0.029655038451676916,-0.9885014079781506));
#8524=FACE_SURFACE('',(#8529),#8525,.T.);
#8525=PLANE('',#8526);
#8526=AXIS2_PLACEMENT_3D('',#600,#8527,#8528);
#8527=DIRECTION('',(-0.19611608161514996,-0.9805806863955254,0));
#8528=DIRECTION('',(0.14827523434358014,-0.029655038451676916,0.9885014079781506));
#8529=FACE_BOUND('',#8530,.T.);
#8530=EDGE_LOOP('',(#8531,#8532,#8533));
#8531=ORIENTED_EDGE('',*,*,#8534,.T.);
#8532=ORIENTED_EDGE('',*,*,#8535,.T.);
#8533=ORIENTED_EDGE('',*,*,#8536,.T.);
#8534=EDGE_CURVE('',#601,#471,#8537,.F.);
#8535=EDGE_CURVE('',#471,#473,#8538,.T.);
#8536=EDGE_CURVE('',#473,#601,#8539,.T.);
#8537=LINE('',#600,#8540);
#8538=LINE('',#470,#8541);
#8539=LINE('',#472,#8542);
#8540=VECTOR('',#8543,1.0);
#8541=VECTOR('',#8544,1.0);
#8542=VECTOR('',#8545,1.0);
#8543=DIRECTION('',(0.14827523434358014,-0.029655038451676916,0.9885014079781506));
#8544=DIRECTION('',(-0.9805806863955254,0.19611608161514998,0));
#8545=DIRECTION('',(0,0,-1));
#8546=FACE_SURFACE('',(#8551),#8547,.T.);
#8547=PLANE('',#8548);
#8548=AXIS2_PLACEMENT_3D('',#326,#8549,#8550);
#8549=DIRECTION('',(-0.43902710943363354,-0.898473815524052,0));
#8550=DIRECTION('',(-0.898473815524052,0.43902710943363354,0));
#8551=FACE_BOUND('',#8552,.T.);
#8552=EDGE_LOOP('',(#8553,#8554,#8555));
#8553=ORIENTED_EDGE('',*,*,#8556,.T.);
#8554=ORIENTED_EDGE('',*,*,#8557,.T.);
#8555=ORIENTED_EDGE('',*,*,#8558,.T.);
#8556=EDGE_CURVE('',#327,#485,#8559,.F.);
#8557=EDGE_CURVE('',#485,#445,#8560,.T.);
#8558=EDGE_CURVE('',#445,#327,#8561,.T.);
#8559=LINE('',#326,#8562);
#8560=LINE('',#484,#8563);
#8561=LINE('',#444,#8564);
#8562=VECTOR('',#8565,1.0);
#8563=VECTOR('',#8566,1.0);
#8564=VECTOR('',#8567,1.0);
#8565=DIRECTION('',(-0.898473815524052,0.43902710943363354,0));
#8566=DIRECTION('',(0,0,-1));
#8567=DIRECTION('',(0.05558949531455448,-0.027163056976333266,0.9980841529382047));
#8568=FACE_SURFACE('',(#8573),#8569,.T.);
#8569=PLANE('',#8570);
#8570=AXIS2_PLACEMENT_3D('',#520,#8571,#8572);
#8571=DIRECTION('',(-0.1913148626638883,-0.9815287175237907,0));
#8572=DIRECTION('',(0,0,1));
#8573=FACE_BOUND('',#8574,.T.);
#8574=EDGE_LOOP('',(#8575,#8576,#8577));
#8575=ORIENTED_EDGE('',*,*,#8578,.T.);
#8576=ORIENTED_EDGE('',*,*,#8579,.T.);
#8577=ORIENTED_EDGE('',*,*,#8580,.T.);
#8578=EDGE_CURVE('',#521,#609,#8581,.F.);
#8579=EDGE_CURVE('',#609,#605,#8582,.T.);
#8580=EDGE_CURVE('',#605,#521,#8583,.T.);
#8581=LINE('',#520,#8584);
#8582=LINE('',#608,#8585);
#8583=LINE('',#604,#8586);
#8584=VECTOR('',#8587,1.0);
#8585=VECTOR('',#8588,1.0);
#8586=VECTOR('',#8589,1.0);
#8587=DIRECTION('',(0,0,1));
#8588=DIRECTION('',(-0.9815287175237908,0.1913148626638883,0));
#8589=DIRECTION('',(0.2761770761062214,-0.05383110900664533,-0.9595980587394564));
#8590=FACE_SURFACE('',(#8595),#8591,.T.);
#8591=PLANE('',#8592);
#8592=AXIS2_PLACEMENT_3D('',#520,#8593,#8594);
#8593=DIRECTION('',(-0.1913148626638883,-0.9815287175237907,0));
#8594=DIRECTION('',(-0.2761770761062214,0.05383110900664533,0.9595980587394564));
#8595=FACE_BOUND('',#8596,.T.);
#8596=EDGE_LOOP('',(#8597,#8598,#8599));
#8597=ORIENTED_EDGE('',*,*,#8600,.T.);
#8598=ORIENTED_EDGE('',*,*,#8601,.T.);
#8599=ORIENTED_EDGE('',*,*,#8602,.T.);
#8600=EDGE_CURVE('',#521,#605,#8603,.F.);
#8601=EDGE_CURVE('',#605,#517,#8604,.T.);
#8602=EDGE_CURVE('',#517,#521,#8605,.T.);
#8603=LINE('',#520,#8606);
#8604=LINE('',#604,#8607);
#8605=LINE('',#516,#8608);
#8606=VECTOR('',#8609,1.0);
#8607=VECTOR('',#8610,1.0);
#8608=VECTOR('',#8611,1.0);
#8609=DIRECTION('',(-0.2761770761062214,0.05383110900664533,0.9595980587394564));
#8610=DIRECTION('',(0,0,-1));
#8611=DIRECTION('',(0.9815287175237908,-0.1913148626638883,0));
#8612=FACE_SURFACE('',(#8617),#8613,.T.);
#8613=PLANE('',#8614);
#8614=AXIS2_PLACEMENT_3D('',#606,#8615,#8616);
#8615=DIRECTION('',(-0.06589426969639137,-0.9978266108002829,0));
#8616=DIRECTION('',(0.9978266108002829,-0.06589426969639137,0));
#8617=FACE_BOUND('',#8618,.T.);
#8618=EDGE_LOOP('',(#8619,#8620,#8621));
#8619=ORIENTED_EDGE('',*,*,#8622,.T.);
#8620=ORIENTED_EDGE('',*,*,#8623,.T.);
#8621=ORIENTED_EDGE('',*,*,#8624,.T.);
#8622=EDGE_CURVE('',#607,#523,#8625,.F.);
#8623=EDGE_CURVE('',#523,#469,#8626,.T.);
#8624=EDGE_CURVE('',#469,#607,#8627,.T.);
#8625=LINE('',#606,#8628);
#8626=LINE('',#522,#8629);
#8627=LINE('',#468,#8630);
#8628=VECTOR('',#8631,1.0);
#8629=VECTOR('',#8632,1.0);
#8630=VECTOR('',#8633,1.0);
#8631=DIRECTION('',(0.9978266108002829,-0.06589426969639137,0));
#8632=DIRECTION('',(0,0,1));
#8633=DIRECTION('',(-0.14971438288983435,0.00988680780487434,-0.9886798544459908));
#8634=FACE_SURFACE('',(#8639),#8635,.T.);
#8635=PLANE('',#8636);
#8636=AXIS2_PLACEMENT_3D('',#606,#8637,#8638);
#8637=DIRECTION('',(-0.06589426969639137,-0.9978266108002829,0));
#8638=DIRECTION('',(0.14971438288983435,-0.00988680780487434,0.9886798544459908));
#8639=FACE_BOUND('',#8640,.T.);
#8640=EDGE_LOOP('',(#8641,#8642,#8643));
#8641=ORIENTED_EDGE('',*,*,#8644,.T.);
#8642=ORIENTED_EDGE('',*,*,#8645,.T.);
#8643=ORIENTED_EDGE('',*,*,#8646,.T.);
#8644=EDGE_CURVE('',#607,#469,#8647,.F.);
#8645=EDGE_CURVE('',#469,#471,#8648,.T.);
#8646=EDGE_CURVE('',#471,#607,#8649,.T.);
#8647=LINE('',#606,#8650);
#8648=LINE('',#468,#8651);
#8649=LINE('',#470,#8652);
#8650=VECTOR('',#8653,1.0);
#8651=VECTOR('',#8654,1.0);
#8652=VECTOR('',#8655,1.0);
#8653=DIRECTION('',(0.14971438288983435,-0.00988680780487434,0.9886798544459908));
#8654=DIRECTION('',(-0.9978266108002829,0.06589426969639137,0));
#8655=DIRECTION('',(0,0,-1));
#8656=FACE_SURFACE('',(#8661),#8657,.T.);
#8657=PLANE('',#8658);
#8658=AXIS2_PLACEMENT_3D('',#408,#8659,#8660);
#8659=DIRECTION('',(-0.06707548257574335,-0.9977479038500814,0));
#8660=DIRECTION('',(0,0,1));
#8661=FACE_BOUND('',#8662,.T.);
#8662=EDGE_LOOP('',(#8663,#8664,#8665));
#8663=ORIENTED_EDGE('',*,*,#8666,.T.);
#8664=ORIENTED_EDGE('',*,*,#8667,.T.);
#8665=ORIENTED_EDGE('',*,*,#8668,.T.);
#8666=EDGE_CURVE('',#409,#407,#8669,.F.);
#8667=EDGE_CURVE('',#407,#609,#8670,.T.);
#8668=EDGE_CURVE('',#609,#409,#8671,.T.);
#8669=LINE('',#408,#8672);
#8670=LINE('',#406,#8673);
#8671=LINE('',#608,#8674);
#8672=VECTOR('',#8675,1.0);
#8673=VECTOR('',#8676,1.0);
#8674=VECTOR('',#8677,1.0);
#8675=DIRECTION('',(0,0,1));
#8676=DIRECTION('',(-0.9977479038500814,0.06707548257574335,0));
#8677=DIRECTION('',(0.27869162197194897,-0.018735569337155856,-0.9601978745468337));
#8678=FACE_SURFACE('',(#8683),#8679,.T.);
#8679=PLANE('',#8680);
#8680=AXIS2_PLACEMENT_3D('',#408,#8681,#8682);
#8681=DIRECTION('',(-0.06707548257574335,-0.9977479038500814,0));
#8682=DIRECTION('',(-0.27869162197194897,0.018735569337155856,0.9601978745468337));
#8683=FACE_BOUND('',#8684,.T.);
#8684=EDGE_LOOP('',(#8685,#8686,#8687));
#8685=ORIENTED_EDGE('',*,*,#8688,.T.);
#8686=ORIENTED_EDGE('',*,*,#8689,.T.);
#8687=ORIENTED_EDGE('',*,*,#8690,.T.);
#8688=EDGE_CURVE('',#409,#609,#8691,.F.);
#8689=EDGE_CURVE('',#609,#521,#8692,.T.);
#8690=EDGE_CURVE('',#521,#409,#8693,.T.);
#8691=LINE('',#408,#8694);
#8692=LINE('',#608,#8695);
#8693=LINE('',#520,#8696);
#8694=VECTOR('',#8697,1.0);
#8695=VECTOR('',#8698,1.0);
#8696=VECTOR('',#8699,1.0);
#8697=DIRECTION('',(-0.27869162197194897,0.018735569337155856,0.9601978745468337));
#8698=DIRECTION('',(0,0,-1));
#8699=DIRECTION('',(0.9977479038500814,-0.06707548257574335,0));
#8700=FACE_SURFACE('',(#8705),#8701,.T.);
#8701=PLANE('',#8702);
#8702=AXIS2_PLACEMENT_3D('',#576,#8703,#8704);
#8703=DIRECTION('',(0,0,1));
#8704=DIRECTION('',(-0.8981382922161143,0.43971309743413567,0));
#8705=FACE_BOUND('',#8706,.T.);
#8706=EDGE_LOOP('',(#8707,#8708,#8709));
#8707=ORIENTED_EDGE('',*,*,#8710,.T.);
#8708=ORIENTED_EDGE('',*,*,#8711,.T.);
#8709=ORIENTED_EDGE('',*,*,#8712,.T.);
#8710=EDGE_CURVE('',#577,#585,#8713,.F.);
#8711=EDGE_CURVE('',#585,#579,#8714,.T.);
#8712=EDGE_CURVE('',#579,#577,#8715,.T.);
#8713=LINE('',#576,#8716);
#8714=LINE('',#584,#8717);
#8715=LINE('',#578,#8718);
#8716=VECTOR('',#8719,1.0);
#8717=VECTOR('',#8720,1.0);
#8718=VECTOR('',#8721,1.0);
#8719=DIRECTION('',(-0.8981382922161143,0.43971309743413567,0));
#8720=DIRECTION('',(0.5217850395063707,-0.8530770027068688,0));
#8721=DIRECTION('',(0.5076922590753119,0.8615384901877607,0));
#8722=FACE_SURFACE('',(#8727),#8723,.T.);
#8723=PLANE('',#8724);
#8724=AXIS2_PLACEMENT_3D('',#164,#8725,#8726);
#8725=DIRECTION('',(0,0,1));
#8726=DIRECTION('',(-0.3677984294084337,-0.9299055410764522,0));
#8727=FACE_BOUND('',#8728,.T.);
#8728=EDGE_LOOP('',(#8729,#8730,#8731));
#8729=ORIENTED_EDGE('',*,*,#8732,.T.);
#8730=ORIENTED_EDGE('',*,*,#8733,.T.);
#8731=ORIENTED_EDGE('',*,*,#8734,.T.);
#8732=EDGE_CURVE('',#165,#611,#8735,.F.);
#8733=EDGE_CURVE('',#611,#157,#8736,.T.);
#8734=EDGE_CURVE('',#157,#165,#8737,.T.);
#8735=LINE('',#164,#8738);
#8736=LINE('',#610,#8739);
#8737=LINE('',#156,#8740);
#8738=VECTOR('',#8741,1.0);
#8739=VECTOR('',#8742,1.0);
#8740=VECTOR('',#8743,1.0);
#8741=DIRECTION('',(-0.3677984294084337,-0.9299055410764522,0));
#8742=DIRECTION('',(0.9749244474277678,0.22253611349096028,0));
#8743=DIRECTION('',(-0.32624864234613626,0.9452839908552895,0));
#8744=FACE_SURFACE('',(#8749),#8745,.T.);
#8745=PLANE('',#8746);
#8746=AXIS2_PLACEMENT_3D('',#168,#8747,#8748);
#8747=DIRECTION('',(0,0,1));
#8748=DIRECTION('',(-0.2344160756622142,-0.9721363605334014,0));
#8749=FACE_BOUND('',#8750,.T.);
#8750=EDGE_LOOP('',(#8751,#8752,#8753));
#8751=ORIENTED_EDGE('',*,*,#8754,.T.);
#8752=ORIENTED_EDGE('',*,*,#8755,.T.);
#8753=ORIENTED_EDGE('',*,*,#8756,.T.);
#8754=EDGE_CURVE('',#169,#613,#8757,.F.);
#8755=EDGE_CURVE('',#613,#165,#8758,.T.);
#8756=EDGE_CURVE('',#165,#169,#8759,.T.);
#8757=LINE('',#168,#8760);
#8758=LINE('',#612,#8761);
#8759=LINE('',#164,#8762);
#8760=VECTOR('',#8763,1.0);
#8761=VECTOR('',#8764,1.0);
#8762=VECTOR('',#8765,1.0);
#8763=DIRECTION('',(-0.2344160756622142,-0.9721363605334014,0));
#8764=DIRECTION('',(0.9349975702658795,0.35465411825735477,0));
#8765=DIRECTION('',(-0.4405510923310413,0.8977275394271507,0));
#8766=FACE_SURFACE('',(#8771),#8767,.T.);
#8767=PLANE('',#8768);
#8768=AXIS2_PLACEMENT_3D('',#338,#8769,#8770);
#8769=DIRECTION('',(-0.20395418129365,-0.978980434908092,0));
#8770=DIRECTION('',(0,0,1));
#8771=FACE_BOUND('',#8772,.T.);
#8772=EDGE_LOOP('',(#8773,#8774,#8775));
#8773=ORIENTED_EDGE('',*,*,#8776,.T.);
#8774=ORIENTED_EDGE('',*,*,#8777,.T.);
#8775=ORIENTED_EDGE('',*,*,#8778,.T.);
#8776=EDGE_CURVE('',#339,#483,#8779,.F.);
#8777=EDGE_CURVE('',#483,#325,#8780,.T.);
#8778=EDGE_CURVE('',#325,#339,#8781,.T.);
#8779=LINE('',#338,#8782);
#8780=LINE('',#482,#8783);
#8781=LINE('',#324,#8784);
#8782=VECTOR('',#8785,1.0);
#8783=VECTOR('',#8786,1.0);
#8784=VECTOR('',#8787,1.0);
#8785=DIRECTION('',(0,0,1));
#8786=DIRECTION('',(-0.9789804349080921,0.20395418129365003,0));
#8787=DIRECTION('',(0.0606428177548786,-0.012633915659098383,-0.9980795723938385));
#8788=FACE_SURFACE('',(#8793),#8789,.T.);
#8789=PLANE('',#8790);
#8790=AXIS2_PLACEMENT_3D('',#582,#8791,#8792);
#8791=DIRECTION('',(0,0,1));
#8792=DIRECTION('',(-0.628722098688821,0.7776300679759782,0));
#8793=FACE_BOUND('',#8794,.T.);
#8794=EDGE_LOOP('',(#8795,#8796,#8797));
#8795=ORIENTED_EDGE('',*,*,#8798,.T.);
#8796=ORIENTED_EDGE('',*,*,#8799,.T.);
#8797=ORIENTED_EDGE('',*,*,#8800,.T.);
#8798=EDGE_CURVE('',#583,#513,#8801,.F.);
#8799=EDGE_CURVE('',#513,#615,#8802,.T.);
#8800=EDGE_CURVE('',#615,#583,#8803,.T.);
#8801=LINE('',#582,#8804);
#8802=LINE('',#512,#8805);
#8803=LINE('',#614,#8806);
#8804=VECTOR('',#8807,1.0);
#8805=VECTOR('',#8808,1.0);
#8806=VECTOR('',#8809,1.0);
#8807=DIRECTION('',(-0.628722098688821,0.7776300679759782,0));
#8808=DIRECTION('',(-0.2605242837554689,-0.9654672949270212,0));
#8809=DIRECTION('',(0.9486832980505138,-0.31622776601683794,0));
#8810=FACE_SURFACE('',(#8815),#8811,.T.);
#8811=PLANE('',#8812);
#8812=AXIS2_PLACEMENT_3D('',#482,#8813,#8814);
#8813=DIRECTION('',(-0.06111004167925623,-0.9981310348876842,-0));
#8814=DIRECTION('',(0,0,-1));
#8815=FACE_BOUND('',#8816,.T.);
#8816=EDGE_LOOP('',(#8817,#8818,#8819));
#8817=ORIENTED_EDGE('',*,*,#8820,.T.);
#8818=ORIENTED_EDGE('',*,*,#8821,.T.);
#8819=ORIENTED_EDGE('',*,*,#8822,.T.);
#8820=EDGE_CURVE('',#483,#339,#8823,.F.);
#8821=EDGE_CURVE('',#339,#461,#8824,.T.);
#8822=EDGE_CURVE('',#461,#483,#8825,.T.);
#8823=LINE('',#482,#8826);
#8824=LINE('',#338,#8827);
#8825=LINE('',#460,#8828);
#8826=VECTOR('',#8829,1.0);
#8827=VECTOR('',#8830,1.0);
#8828=VECTOR('',#8831,1.0);
#8829=DIRECTION('',(0,0,-1));
#8830=DIRECTION('',(0.061905896944348976,-0.0037901556110682415,0.9980747941131263));
#8831=DIRECTION('',(-0.9981310348876843,0.06111004167925623,0));
#8832=FACE_SURFACE('',(#8837),#8833,.T.);
#8833=PLANE('',#8834);
#8834=AXIS2_PLACEMENT_3D('',#462,#8835,#8836);
#8835=DIRECTION('',(-0.06111004167925623,-0.9981310348876842,0));
#8836=DIRECTION('',(0,0,1));
#8837=FACE_BOUND('',#8838,.T.);
#8838=EDGE_LOOP('',(#8839,#8840,#8841));
#8839=ORIENTED_EDGE('',*,*,#8842,.T.);
#8840=ORIENTED_EDGE('',*,*,#8843,.T.);
#8841=ORIENTED_EDGE('',*,*,#8844,.T.);
#8842=EDGE_CURVE('',#463,#461,#8845,.F.);
#8843=EDGE_CURVE('',#461,#339,#8846,.T.);
#8844=EDGE_CURVE('',#339,#463,#8847,.T.);
#8845=LINE('',#462,#8848);
#8846=LINE('',#460,#8849);
#8847=LINE('',#338,#8850);
#8848=VECTOR('',#8851,1.0);
#8849=VECTOR('',#8852,1.0);
#8850=VECTOR('',#8853,1.0);
#8851=DIRECTION('',(0,0,1));
#8852=DIRECTION('',(-0.061905896944348976,0.0037901556110682415,-0.9980747941131263));
#8853=DIRECTION('',(0.9981310348876843,-0.06111004167925623,0));
#8854=FACE_SURFACE('',(#8859),#8855,.T.);
#8855=PLANE('',#8856);
#8856=AXIS2_PLACEMENT_3D('',#550,#8857,#8858);
#8857=DIRECTION('',(0.9789804399649323,0.2039541570208053,-0));
#8858=DIRECTION('',(0,0,1));
#8859=FACE_BOUND('',#8860,.T.);
#8860=EDGE_LOOP('',(#8861,#8862,#8863));
#8861=ORIENTED_EDGE('',*,*,#8864,.T.);
#8862=ORIENTED_EDGE('',*,*,#8865,.T.);
#8863=ORIENTED_EDGE('',*,*,#8866,.T.);
#8864=EDGE_CURVE('',#551,#421,#8867,.F.);
#8865=EDGE_CURVE('',#421,#291,#8868,.T.);
#8866=EDGE_CURVE('',#291,#551,#8869,.T.);
#8867=LINE('',#550,#8870);
#8868=LINE('',#420,#8871);
#8869=LINE('',#290,#8872);
#8870=VECTOR('',#8873,1.0);
#8871=VECTOR('',#8874,1.0);
#8872=VECTOR('',#8875,1.0);
#8873=DIRECTION('',(0,0,1));
#8874=DIRECTION('',(0.012633906276445485,-0.060642780248546885,-0.9980795747914714));
#8875=DIRECTION('',(-0.20395415702080533,0.9789804399649324,0));
#8876=FACE_SURFACE('',(#8881),#8877,.T.);
#8877=PLANE('',#8878);
#8878=AXIS2_PLACEMENT_3D('',#170,#8879,#8880);
#8879=DIRECTION('',(0,0,1));
#8880=DIRECTION('',(-0.10360594850137679,-0.9946184230322351,0));
#8881=FACE_BOUND('',#8882,.T.);
#8882=EDGE_LOOP('',(#8883,#8884,#8885));
#8883=ORIENTED_EDGE('',*,*,#8886,.T.);
#8884=ORIENTED_EDGE('',*,*,#8887,.T.);
#8885=ORIENTED_EDGE('',*,*,#8888,.T.);
#8886=EDGE_CURVE('',#171,#617,#8889,.F.);
#8887=EDGE_CURVE('',#617,#169,#8890,.T.);
#8888=EDGE_CURVE('',#169,#171,#8891,.T.);
#8889=LINE('',#170,#8892);
#8890=LINE('',#616,#8893);
#8891=LINE('',#168,#8894);
#8892=VECTOR('',#8895,1.0);
#8893=VECTOR('',#8896,1.0);
#8894=VECTOR('',#8897,1.0);
#8895=DIRECTION('',(-0.10360594850137679,-0.9946184230322351,0));
#8896=DIRECTION('',(0.8741568513287583,0.4856436958048474,0));
#8897=DIRECTION('',(-0.5547001962252291,0.8320502943378437,0));
#8898=FACE_SURFACE('',(#8903),#8899,.T.);
#8899=PLANE('',#8900);
#8900=AXIS2_PLACEMENT_3D('',#506,#8901,#8902);
#8901=DIRECTION('',(0,-0,1));
#8902=DIRECTION('',(0.6066732986137449,0.7949512618702594,0));
#8903=FACE_BOUND('',#8904,.T.);
#8904=EDGE_LOOP('',(#8905,#8906,#8907));
#8905=ORIENTED_EDGE('',*,*,#8908,.T.);
#8906=ORIENTED_EDGE('',*,*,#8909,.T.);
#8907=ORIENTED_EDGE('',*,*,#8910,.T.);
#8908=EDGE_CURVE('',#507,#159,#8911,.F.);
#8909=EDGE_CURVE('',#159,#619,#8912,.T.);
#8910=EDGE_CURVE('',#619,#507,#8913,.T.);
#8911=LINE('',#506,#8914);
#8912=LINE('',#158,#8915);
#8913=LINE('',#618,#8916);
#8914=VECTOR('',#8917,1.0);
#8915=VECTOR('',#8918,1.0);
#8916=VECTOR('',#8919,1.0);
#8917=DIRECTION('',(0.6066732986137449,0.7949512618702594,0));
#8918=DIRECTION('',(-0.9963979913042743,-0.08480001724532457,0));
#8919=DIRECTION('',(0.06589392054040595,-0.9978266338577131,0));
#8920=FACE_SURFACE('',(#8925),#8921,.T.);
#8921=PLANE('',#8922);
#8922=AXIS2_PLACEMENT_3D('',#158,#8923,#8924);
#8923=DIRECTION('',(0,0,1));
#8924=DIRECTION('',(-0.19131507125508856,0.9815286768661731,0));
#8925=FACE_BOUND('',#8926,.T.);
#8926=EDGE_LOOP('',(#8927,#8928,#8929));
#8927=ORIENTED_EDGE('',*,*,#8930,.T.);
#8928=ORIENTED_EDGE('',*,*,#8931,.T.);
#8929=ORIENTED_EDGE('',*,*,#8932,.T.);
#8930=EDGE_CURVE('',#159,#157,#8933,.F.);
#8931=EDGE_CURVE('',#157,#619,#8934,.T.);
#8932=EDGE_CURVE('',#619,#159,#8935,.T.);
#8933=LINE('',#158,#8936);
#8934=LINE('',#156,#8937);
#8935=LINE('',#618,#8938);
#8936=VECTOR('',#8939,1.0);
#8937=VECTOR('',#8940,1.0);
#8938=VECTOR('',#8941,1.0);
#8939=DIRECTION('',(-0.19131507125508856,0.9815286768661731,0));
#8940=DIRECTION('',(-0.49091776365597023,-0.8712059167194751,0));
#8941=DIRECTION('',(0.9963979913042743,0.08480001724532457,0));
#8942=FACE_SURFACE('',(#8947),#8943,.T.);
#8943=PLANE('',#8944);
#8944=AXIS2_PLACEMENT_3D('',#620,#8945,#8946);
#8945=DIRECTION('',(0.06110928567055517,0.9981310811736275,0));
#8946=DIRECTION('',(-0.06190589695539186,0.003790108546956395,-0.9980747942911646));
#8947=FACE_BOUND('',#8948,.T.);
#8948=EDGE_LOOP('',(#8949,#8950,#8951));
#8949=ORIENTED_EDGE('',*,*,#8952,.T.);
#8950=ORIENTED_EDGE('',*,*,#8953,.T.);
#8951=ORIENTED_EDGE('',*,*,#8954,.T.);
#8952=EDGE_CURVE('',#621,#623,#8955,.F.);
#8953=EDGE_CURVE('',#623,#103,#8956,.T.);
#8954=EDGE_CURVE('',#103,#621,#8957,.T.);
#8955=LINE('',#620,#8958);
#8956=LINE('',#622,#8959);
#8957=LINE('',#102,#8960);
#8958=VECTOR('',#8961,1.0);
#8959=VECTOR('',#8962,1.0);
#8960=VECTOR('',#8963,1.0);
#8961=DIRECTION('',(-0.06190589695539186,0.003790108546956395,-0.9980747942911646));
#8962=DIRECTION('',(0,0,1));
#8963=DIRECTION('',(0.9981310811736275,-0.06110928567055518,0));
#8964=FACE_SURFACE('',(#8969),#8965,.T.);
#8965=PLANE('',#8966);
#8966=AXIS2_PLACEMENT_3D('',#624,#8967,#8968);
#8967=DIRECTION('',(0.9486832980505138,0.31622776601683794,0));
#8968=DIRECTION('',(0.31622776601683794,-0.9486832980505138,0));
#8969=FACE_BOUND('',#8970,.T.);
#8970=EDGE_LOOP('',(#8971,#8972,#8973));
#8971=ORIENTED_EDGE('',*,*,#8974,.T.);
#8972=ORIENTED_EDGE('',*,*,#8975,.T.);
#8973=ORIENTED_EDGE('',*,*,#8976,.T.);
#8974=EDGE_CURVE('',#625,#421,#8977,.F.);
#8975=EDGE_CURVE('',#421,#499,#8978,.T.);
#8976=EDGE_CURVE('',#499,#625,#8979,.T.);
#8977=LINE('',#624,#8980);
#8978=LINE('',#420,#8981);
#8979=LINE('',#498,#8982);
#8980=VECTOR('',#8983,1.0);
#8981=VECTOR('',#8984,1.0);
#8982=VECTOR('',#8985,1.0);
#8983=DIRECTION('',(0.31622776601683794,-0.9486832980505138,0));
#8984=DIRECTION('',(-0.01958260821304544,0.058747824639136324,-0.9980807655474299));
#8985=DIRECTION('',(0,0,1));
#8986=FACE_SURFACE('',(#8991),#8987,.T.);
#8987=PLANE('',#8988);
#8988=AXIS2_PLACEMENT_3D('',#550,#8989,#8990);
#8989=DIRECTION('',(0.9486832980505138,0.31622776601683794,-0));
#8990=DIRECTION('',(-0.31622776601683794,0.9486832980505138,0));
#8991=FACE_BOUND('',#8992,.T.);
#8992=EDGE_LOOP('',(#8993,#8994,#8995));
#8993=ORIENTED_EDGE('',*,*,#8996,.T.);
#8994=ORIENTED_EDGE('',*,*,#8997,.T.);
#8995=ORIENTED_EDGE('',*,*,#8998,.T.);
#8996=EDGE_CURVE('',#551,#499,#8999,.F.);
#8997=EDGE_CURVE('',#499,#421,#9000,.T.);
#8998=EDGE_CURVE('',#421,#551,#9001,.T.);
#8999=LINE('',#550,#9002);
#9000=LINE('',#498,#9003);
#9001=LINE('',#420,#9004);
#9002=VECTOR('',#9005,1.0);
#9003=VECTOR('',#9006,1.0);
#9004=VECTOR('',#9007,1.0);
#9005=DIRECTION('',(-0.31622776601683794,0.9486832980505138,0));
#9006=DIRECTION('',(0.01958260821304544,-0.058747824639136324,0.9980807655474299));
#9007=DIRECTION('',(0,0,-1));
#9008=FACE_SURFACE('',(#9013),#9009,.T.);
#9009=PLANE('',#9010);
#9010=AXIS2_PLACEMENT_3D('',#456,#9011,#9012);
#9011=DIRECTION('',(0,0,1));
#9012=DIRECTION('',(0.5866967725366686,0.8098067035379841,0));
#9013=FACE_BOUND('',#9014,.T.);
#9014=EDGE_LOOP('',(#9015,#9016,#9017));
#9015=ORIENTED_EDGE('',*,*,#9018,.T.);
#9016=ORIENTED_EDGE('',*,*,#9019,.T.);
#9017=ORIENTED_EDGE('',*,*,#9020,.T.);
#9018=EDGE_CURVE('',#457,#305,#9021,.F.);
#9019=EDGE_CURVE('',#305,#627,#9022,.T.);
#9020=EDGE_CURVE('',#627,#457,#9023,.T.);
#9021=LINE('',#456,#9024);
#9022=LINE('',#304,#9025);
#9023=LINE('',#626,#9026);
#9024=VECTOR('',#9027,1.0);
#9025=VECTOR('',#9028,1.0);
#9026=VECTOR('',#9029,1.0);
#9027=DIRECTION('',(0.5866967725366686,0.8098067035379841,0));
#9028=DIRECTION('',(-0.992277844724491,0.12403499050235471,0));
#9029=DIRECTION('',(-0.06589426969639137,-0.9978266108002829,0));
#9030=FACE_SURFACE('',(#9035),#9031,.T.);
#9031=PLANE('',#9032);
#9032=AXIS2_PLACEMENT_3D('',#628,#9033,#9034);
#9033=DIRECTION('',(0,0,1));
#9034=DIRECTION('',(-0.19611608161514998,-0.9805806863955254,0));
#9035=FACE_BOUND('',#9036,.T.);
#9036=EDGE_LOOP('',(#9037,#9038,#9039));
#9037=ORIENTED_EDGE('',*,*,#9040,.T.);
#9038=ORIENTED_EDGE('',*,*,#9041,.T.);
#9039=ORIENTED_EDGE('',*,*,#9042,.T.);
#9040=EDGE_CURVE('',#629,#627,#9043,.F.);
#9041=EDGE_CURVE('',#627,#305,#9044,.T.);
#9042=EDGE_CURVE('',#305,#629,#9045,.T.);
#9043=LINE('',#628,#9046);
#9044=LINE('',#626,#9047);
#9045=LINE('',#304,#9048);
#9046=VECTOR('',#9049,1.0);
#9047=VECTOR('',#9050,1.0);
#9048=VECTOR('',#9051,1.0);
#9049=DIRECTION('',(-0.19611608161514998,-0.9805806863955254,0));
#9050=DIRECTION('',(0.992277844724491,-0.12403499050235471,0));
#9051=DIRECTION('',(-0.355651249115225,0.9346187399163255,0));
#9052=FACE_SURFACE('',(#9057),#9053,.T.);
#9053=PLANE('',#9054);
#9054=AXIS2_PLACEMENT_3D('',#176,#9055,#9056);
#9055=DIRECTION('',(0,0,1));
#9056=DIRECTION('',(0.03422647124186712,-0.999414102695339,0));
#9057=FACE_BOUND('',#9058,.T.);
#9058=EDGE_LOOP('',(#9059,#9060,#9061));
#9059=ORIENTED_EDGE('',*,*,#9062,.T.);
#9060=ORIENTED_EDGE('',*,*,#9063,.T.);
#9061=ORIENTED_EDGE('',*,*,#9064,.T.);
#9062=EDGE_CURVE('',#177,#631,#9065,.F.);
#9063=EDGE_CURVE('',#631,#171,#9066,.T.);
#9064=EDGE_CURVE('',#171,#177,#9067,.T.);
#9065=LINE('',#176,#9068);
#9066=LINE('',#630,#9069);
#9067=LINE('',#170,#9070);
#9068=VECTOR('',#9071,1.0);
#9069=VECTOR('',#9072,1.0);
#9070=VECTOR('',#9073,1.0);
#9071=DIRECTION('',(0.03422647124186712,-0.999414102695339,0));
#9072=DIRECTION('',(0.7974064190142862,0.6034426260340022,0));
#9073=DIRECTION('',(-0.6596860046841014,0.7515413330109846,0));
#9074=FACE_SURFACE('',(#9079),#9075,.T.);
#9075=PLANE('',#9076);
#9076=AXIS2_PLACEMENT_3D('',#618,#9077,#9078);
#9077=DIRECTION('',(0,-0,1));
#9078=DIRECTION('',(0.49091776365597023,0.8712059167194751,0));
#9079=FACE_BOUND('',#9080,.T.);
#9080=EDGE_LOOP('',(#9081,#9082,#9083));
#9081=ORIENTED_EDGE('',*,*,#9084,.T.);
#9082=ORIENTED_EDGE('',*,*,#9085,.T.);
#9083=ORIENTED_EDGE('',*,*,#9086,.T.);
#9084=EDGE_CURVE('',#619,#157,#9087,.F.);
#9085=EDGE_CURVE('',#157,#611,#9088,.T.);
#9086=EDGE_CURVE('',#611,#619,#9089,.T.);
#9087=LINE('',#618,#9090);
#9088=LINE('',#156,#9091);
#9089=LINE('',#610,#9092);
#9090=VECTOR('',#9093,1.0);
#9091=VECTOR('',#9094,1.0);
#9092=VECTOR('',#9095,1.0);
#9093=DIRECTION('',(0.49091776365597023,0.8712059167194751,0));
#9094=DIRECTION('',(-0.9749244474277678,-0.22253611349096028,0));
#9095=DIRECTION('',(0.19611634923030272,-0.9805806328724721,0));
#9096=FACE_SURFACE('',(#9101),#9097,.T.);
#9097=PLANE('',#9098);
#9098=AXIS2_PLACEMENT_3D('',#590,#9099,#9100);
#9099=DIRECTION('',(0.8984738182518466,0.43902710385117194,0));
#9100=DIRECTION('',(0.439027103851172,-0.8984738182518467,0));
#9101=FACE_BOUND('',#9102,.T.);
#9102=EDGE_LOOP('',(#9103,#9104,#9105));
#9103=ORIENTED_EDGE('',*,*,#9106,.T.);
#9104=ORIENTED_EDGE('',*,*,#9107,.T.);
#9105=ORIENTED_EDGE('',*,*,#9108,.T.);
#9106=EDGE_CURVE('',#591,#625,#9109,.F.);
#9107=EDGE_CURVE('',#625,#529,#9110,.T.);
#9108=EDGE_CURVE('',#529,#591,#9111,.T.);
#9109=LINE('',#590,#9112);
#9110=LINE('',#624,#9113);
#9111=LINE('',#528,#9114);
#9112=VECTOR('',#9115,1.0);
#9113=VECTOR('',#9116,1.0);
#9114=VECTOR('',#9117,1.0);
#9115=DIRECTION('',(0.439027103851172,-0.8984738182518467,0));
#9116=DIRECTION('',(-0.027163038220986046,0.05558945780715044,-0.9980841555376543));
#9117=DIRECTION('',(0,0,1));
#9118=FACE_SURFACE('',(#9123),#9119,.T.);
#9119=PLANE('',#9120);
#9120=AXIS2_PLACEMENT_3D('',#498,#9121,#9122);
#9121=DIRECTION('',(0.8984738182518466,0.43902710385117194,-0));
#9122=DIRECTION('',(-0.439027103851172,0.8984738182518467,0));
#9123=FACE_BOUND('',#9124,.T.);
#9124=EDGE_LOOP('',(#9125,#9126,#9127));
#9125=ORIENTED_EDGE('',*,*,#9128,.T.);
#9126=ORIENTED_EDGE('',*,*,#9129,.T.);
#9127=ORIENTED_EDGE('',*,*,#9130,.T.);
#9128=EDGE_CURVE('',#499,#529,#9131,.F.);
#9129=EDGE_CURVE('',#529,#625,#9132,.T.);
#9130=EDGE_CURVE('',#625,#499,#9133,.T.);
#9131=LINE('',#498,#9134);
#9132=LINE('',#528,#9135);
#9133=LINE('',#624,#9136);
#9134=VECTOR('',#9137,1.0);
#9135=VECTOR('',#9138,1.0);
#9136=VECTOR('',#9139,1.0);
#9137=DIRECTION('',(-0.439027103851172,0.8984738182518467,0));
#9138=DIRECTION('',(0.027163038220986046,-0.05558945780715044,0.9980841555376543));
#9139=DIRECTION('',(0,0,-1));
#9140=FACE_SURFACE('',(#9145),#9141,.T.);
#9141=PLANE('',#9142);
#9142=AXIS2_PLACEMENT_3D('',#102,#9143,#9144);
#9143=DIRECTION('',(-0.06110928567055517,0.9981310811736275,0));
#9144=DIRECTION('',(0,0,-1));
#9145=FACE_BOUND('',#9146,.T.);
#9146=EDGE_LOOP('',(#9147,#9148,#9149));
#9147=ORIENTED_EDGE('',*,*,#9150,.T.);
#9148=ORIENTED_EDGE('',*,*,#9151,.T.);
#9149=ORIENTED_EDGE('',*,*,#9152,.T.);
#9150=EDGE_CURVE('',#103,#623,#9153,.F.);
#9151=EDGE_CURVE('',#623,#633,#9154,.T.);
#9152=EDGE_CURVE('',#633,#103,#9155,.T.);
#9153=LINE('',#102,#9156);
#9154=LINE('',#622,#9157);
#9155=LINE('',#632,#9158);
#9156=VECTOR('',#9159,1.0);
#9157=VECTOR('',#9160,1.0);
#9158=VECTOR('',#9161,1.0);
#9159=DIRECTION('',(0,0,-1));
#9160=DIRECTION('',(-0.06190589695539186,-0.003790108546956395,0.9980747942911646));
#9161=DIRECTION('',(0.9981310811736275,0.06110928567055518,0));
#9162=FACE_SURFACE('',(#9167),#9163,.T.);
#9163=PLANE('',#9164);
#9164=AXIS2_PLACEMENT_3D('',#180,#9165,#9166);
#9165=DIRECTION('',(0,0,1));
#9166=DIRECTION('',(-0.6034426260340022,-0.7974064190142862,0));
#9167=FACE_BOUND('',#9168,.T.);
#9168=EDGE_LOOP('',(#9169,#9170,#9171));
#9169=ORIENTED_EDGE('',*,*,#9172,.T.);
#9170=ORIENTED_EDGE('',*,*,#9173,.T.);
#9171=ORIENTED_EDGE('',*,*,#9174,.T.);
#9172=EDGE_CURVE('',#181,#635,#9175,.F.);
#9173=EDGE_CURVE('',#635,#177,#9176,.T.);
#9174=EDGE_CURVE('',#177,#181,#9177,.T.);
#9175=LINE('',#180,#9178);
#9176=LINE('',#634,#9179);
#9177=LINE('',#176,#9180);
#9178=VECTOR('',#9181,1.0);
#9179=VECTOR('',#9182,1.0);
#9180=VECTOR('',#9183,1.0);
#9181=DIRECTION('',(-0.6034426260340022,-0.7974064190142862,0));
#9182=DIRECTION('',(0.999414102695339,-0.03422647124186712,0));
#9183=DIRECTION('',(-0.7515413330109846,0.6596860046841014,0));
#9184=FACE_SURFACE('',(#9189),#9185,.T.);
#9185=PLANE('',#9186);
#9186=AXIS2_PLACEMENT_3D('',#610,#9187,#9188);
#9187=DIRECTION('',(0,-0,1));
#9188=DIRECTION('',(0.3677984294084337,0.9299055410764522,0));
#9189=FACE_BOUND('',#9190,.T.);
#9190=EDGE_LOOP('',(#9191,#9192,#9193));
#9191=ORIENTED_EDGE('',*,*,#9194,.T.);
#9192=ORIENTED_EDGE('',*,*,#9195,.T.);
#9193=ORIENTED_EDGE('',*,*,#9196,.T.);
#9194=EDGE_CURVE('',#611,#165,#9197,.F.);
#9195=EDGE_CURVE('',#165,#613,#9198,.T.);
#9196=EDGE_CURVE('',#613,#611,#9199,.T.);
#9197=LINE('',#610,#9200);
#9198=LINE('',#164,#9201);
#9199=LINE('',#612,#9202);
#9200=VECTOR('',#9203,1.0);
#9201=VECTOR('',#9204,1.0);
#9202=VECTOR('',#9205,1.0);
#9203=DIRECTION('',(0.3677984294084337,0.9299055410764522,0));
#9204=DIRECTION('',(-0.9349975702658795,-0.35465411825735477,0));
#9205=DIRECTION('',(0.31904191293177747,-0.947740606808019,0));
#9206=FACE_SURFACE('',(#9211),#9207,.T.);
#9207=PLANE('',#9208);
#9208=AXIS2_PLACEMENT_3D('',#528,#9209,#9210);
#9209=DIRECTION('',(0.8304886124426297,0.5570356044303773,-0));
#9210=DIRECTION('',(-0.5570356044303771,0.8304886124426296,0));
#9211=FACE_BOUND('',#9212,.T.);
#9212=EDGE_LOOP('',(#9213,#9214,#9215));
#9213=ORIENTED_EDGE('',*,*,#9216,.T.);
#9214=ORIENTED_EDGE('',*,*,#9217,.T.);
#9215=ORIENTED_EDGE('',*,*,#9218,.T.);
#9216=EDGE_CURVE('',#529,#555,#9219,.F.);
#9217=EDGE_CURVE('',#555,#591,#9220,.T.);
#9218=EDGE_CURVE('',#591,#529,#9221,.T.);
#9219=LINE('',#528,#9222);
#9220=LINE('',#554,#9223);
#9221=LINE('',#590,#9224);
#9222=VECTOR('',#9225,1.0);
#9223=VECTOR('',#9226,1.0);
#9224=VECTOR('',#9227,1.0);
#9225=DIRECTION('',(-0.5570356044303771,0.8304886124426296,0));
#9226=DIRECTION('',(0.03474239551324718,-0.05179770128380726,0.9980530868123771));
#9227=DIRECTION('',(0,0,-1));
#9228=FACE_SURFACE('',(#9233),#9229,.T.);
#9229=PLANE('',#9230);
#9230=AXIS2_PLACEMENT_3D('',#636,#9231,#9232);
#9231=DIRECTION('',(-0,0,1));
#9232=DIRECTION('',(0.9346187808833852,-0.355651141457545,0));
#9233=FACE_BOUND('',#9234,.T.);
#9234=EDGE_LOOP('',(#9235,#9236,#9237));
#9235=ORIENTED_EDGE('',*,*,#9238,.T.);
#9236=ORIENTED_EDGE('',*,*,#9239,.T.);
#9237=ORIENTED_EDGE('',*,*,#9240,.T.);
#9238=EDGE_CURVE('',#637,#639,#9241,.F.);
#9239=EDGE_CURVE('',#639,#641,#9242,.T.);
#9240=EDGE_CURVE('',#641,#637,#9243,.T.);
#9241=LINE('',#636,#9244);
#9242=LINE('',#638,#9245);
#9243=LINE('',#640,#9246);
#9244=VECTOR('',#9247,1.0);
#9245=VECTOR('',#9248,1.0);
#9246=VECTOR('',#9249,1.0);
#9247=DIRECTION('',(0.9346187808833852,-0.355651141457545,0));
#9248=DIRECTION('',(-0.12403496206750894,0.9922778482788537,0));
#9249=DIRECTION('',(-0.9805806328724721,-0.19611634923030272,0));
#9250=FACE_SURFACE('',(#9255),#9251,.T.);
#9251=PLANE('',#9252);
#9252=AXIS2_PLACEMENT_3D('',#642,#9253,#9254);
#9253=DIRECTION('',(-0,0,1));
#9254=DIRECTION('',(0.3846161659601723,-0.9230765975162069,0));
#9255=FACE_BOUND('',#9256,.T.);
#9256=EDGE_LOOP('',(#9257,#9258,#9259));
#9257=ORIENTED_EDGE('',*,*,#9260,.T.);
#9258=ORIENTED_EDGE('',*,*,#9261,.T.);
#9259=ORIENTED_EDGE('',*,*,#9262,.T.);
#9260=EDGE_CURVE('',#643,#645,#9263,.F.);
#9261=EDGE_CURVE('',#645,#637,#9264,.T.);
#9262=EDGE_CURVE('',#637,#643,#9265,.T.);
#9263=LINE('',#642,#9266);
#9264=LINE('',#644,#9267);
#9265=LINE('',#636,#9268);
#9266=VECTOR('',#9269,1.0);
#9267=VECTOR('',#9270,1.0);
#9268=VECTOR('',#9271,1.0);
#9269=DIRECTION('',(0.3846161659601723,-0.9230765975162069,0));
#9270=DIRECTION('',(0.628722098688821,0.7776300679759782,0));
#9271=DIRECTION('',(-0.9477406637383311,-0.3190417438154884,0));
#9272=FACE_SURFACE('',(#9277),#9273,.T.);
#9273=PLANE('',#9274);
#9274=AXIS2_PLACEMENT_3D('',#640,#9275,#9276);
#9275=DIRECTION('',(-0,0,1));
#9276=DIRECTION('',(0.12403496206750894,-0.9922778482788537,0));
#9277=FACE_BOUND('',#9278,.T.);
#9278=EDGE_LOOP('',(#9279,#9280,#9281));
#9279=ORIENTED_EDGE('',*,*,#9282,.T.);
#9280=ORIENTED_EDGE('',*,*,#9283,.T.);
#9281=ORIENTED_EDGE('',*,*,#9284,.T.);
#9282=EDGE_CURVE('',#641,#639,#9285,.F.);
#9283=EDGE_CURVE('',#639,#647,#9286,.T.);
#9284=EDGE_CURVE('',#647,#641,#9287,.T.);
#9285=LINE('',#640,#9288);
#9286=LINE('',#638,#9289);
#9287=LINE('',#646,#9290);
#9288=VECTOR('',#9291,1.0);
#9289=VECTOR('',#9292,1.0);
#9290=VECTOR('',#9293,1.0);
#9291=DIRECTION('',(0.12403496206750894,-0.9922778482788537,0));
#9292=DIRECTION('',(0.8098067912909446,0.5866966514128613,0));
#9293=DIRECTION('',(-0.9978266338577131,-0.06589392054040595,0));
#9294=FACE_SURFACE('',(#9299),#9295,.T.);
#9295=PLANE('',#9296);
#9296=AXIS2_PLACEMENT_3D('',#622,#9297,#9298);
#9297=DIRECTION('',(-0,0,1));
#9298=DIRECTION('',(0.9981310811736275,-0.06110928567055518,0));
#9299=FACE_BOUND('',#9300,.T.);
#9300=EDGE_LOOP('',(#9301,#9302,#9303));
#9301=ORIENTED_EDGE('',*,*,#9304,.T.);
#9302=ORIENTED_EDGE('',*,*,#9305,.T.);
#9303=ORIENTED_EDGE('',*,*,#9306,.T.);
#9304=EDGE_CURVE('',#623,#511,#9307,.F.);
#9305=EDGE_CURVE('',#511,#647,#9308,.T.);
#9306=EDGE_CURVE('',#647,#623,#9309,.T.);
#9307=LINE('',#622,#9310);
#9308=LINE('',#510,#9311);
#9309=LINE('',#646,#9312);
#9310=VECTOR('',#9313,1.0);
#9311=VECTOR('',#9314,1.0);
#9312=VECTOR('',#9315,1.0);
#9313=DIRECTION('',(0.9981310811736275,-0.06110928567055518,0));
#9314=DIRECTION('',(-0.8098067912909446,0.5866966514128613,0));
#9315=DIRECTION('',(0,-1,0));
#9316=FACE_SURFACE('',(#9321),#9317,.T.);
#9317=PLANE('',#9318);
#9318=AXIS2_PLACEMENT_3D('',#612,#9319,#9320);
#9319=DIRECTION('',(0,-0,1));
#9320=DIRECTION('',(0.2344160756622142,0.9721363605334014,0));
#9321=FACE_BOUND('',#9322,.T.);
#9322=EDGE_LOOP('',(#9323,#9324,#9325));
#9323=ORIENTED_EDGE('',*,*,#9326,.T.);
#9324=ORIENTED_EDGE('',*,*,#9327,.T.);
#9325=ORIENTED_EDGE('',*,*,#9328,.T.);
#9326=EDGE_CURVE('',#613,#169,#9329,.F.);
#9327=EDGE_CURVE('',#169,#617,#9330,.T.);
#9328=EDGE_CURVE('',#617,#613,#9331,.T.);
#9329=LINE('',#612,#9332);
#9330=LINE('',#168,#9333);
#9331=LINE('',#616,#9334);
#9332=VECTOR('',#9335,1.0);
#9333=VECTOR('',#9336,1.0);
#9334=VECTOR('',#9337,1.0);
#9335=DIRECTION('',(0.2344160756622142,0.9721363605334014,0));
#9336=DIRECTION('',(-0.8741568513287583,-0.4856436958048474,0));
#9337=DIRECTION('',(0.43971309743413567,-0.8981382922161143,0));
#9338=FACE_SURFACE('',(#9343),#9339,.T.);
#9339=PLANE('',#9340);
#9340=AXIS2_PLACEMENT_3D('',#594,#9341,#9342);
#9341=DIRECTION('',(0.7468452410726957,0.6649978841222481,0));
#9342=DIRECTION('',(0.041060703234931356,-0.04611441861440468,-0.9980919191365635));
#9343=FACE_BOUND('',#9344,.T.);
#9344=EDGE_LOOP('',(#9345,#9346,#9347));
#9345=ORIENTED_EDGE('',*,*,#9348,.T.);
#9346=ORIENTED_EDGE('',*,*,#9349,.T.);
#9347=ORIENTED_EDGE('',*,*,#9350,.T.);
#9348=EDGE_CURVE('',#595,#555,#9351,.F.);
#9349=EDGE_CURVE('',#555,#553,#9352,.T.);
#9350=EDGE_CURVE('',#553,#595,#9353,.T.);
#9351=LINE('',#594,#9354);
#9352=LINE('',#554,#9355);
#9353=LINE('',#552,#9356);
#9354=VECTOR('',#9357,1.0);
#9355=VECTOR('',#9358,1.0);
#9356=VECTOR('',#9359,1.0);
#9357=DIRECTION('',(0.041060703234931356,-0.04611441861440468,-0.9980919191365635));
#9358=DIRECTION('',(-0.6649978841222481,0.7468452410726957,0));
#9359=DIRECTION('',(0,0,1));
#9360=FACE_SURFACE('',(#9365),#9361,.T.);
#9361=PLANE('',#9362);
#9362=AXIS2_PLACEMENT_3D('',#614,#9363,#9364);
#9363=DIRECTION('',(0,-0,1));
#9364=DIRECTION('',(0.2605242837554689,0.9654672949270212,0));
#9365=FACE_BOUND('',#9366,.T.);
#9366=EDGE_LOOP('',(#9367,#9368,#9369));
#9367=ORIENTED_EDGE('',*,*,#9370,.T.);
#9368=ORIENTED_EDGE('',*,*,#9371,.T.);
#9369=ORIENTED_EDGE('',*,*,#9372,.T.);
#9370=EDGE_CURVE('',#615,#513,#9373,.F.);
#9371=EDGE_CURVE('',#513,#511,#9374,.T.);
#9372=EDGE_CURVE('',#511,#615,#9375,.T.);
#9373=LINE('',#614,#9376);
#9374=LINE('',#512,#9377);
#9375=LINE('',#510,#9378);
#9376=VECTOR('',#9379,1.0);
#9377=VECTOR('',#9380,1.0);
#9378=VECTOR('',#9381,1.0);
#9379=DIRECTION('',(0.2605242837554689,0.9654672949270212,0));
#9380=DIRECTION('',(-0.9346187808833852,-0.355651141457545,0));
#9381=DIRECTION('',(0.9789804399649324,-0.20395415702080533,0));
#9382=FACE_SURFACE('',(#9387),#9383,.T.);
#9383=PLANE('',#9384);
#9384=AXIS2_PLACEMENT_3D('',#508,#9385,#9386);
#9385=DIRECTION('',(0,0,1));
#9386=DIRECTION('',(-0.9978266338577131,0.06589392054040595,0));
#9387=FACE_BOUND('',#9388,.T.);
#9388=EDGE_LOOP('',(#9389,#9390,#9391));
#9389=ORIENTED_EDGE('',*,*,#9392,.T.);
#9390=ORIENTED_EDGE('',*,*,#9393,.T.);
#9391=ORIENTED_EDGE('',*,*,#9394,.T.);
#9392=EDGE_CURVE('',#509,#647,#9395,.F.);
#9393=EDGE_CURVE('',#647,#511,#9396,.T.);
#9394=EDGE_CURVE('',#511,#509,#9397,.T.);
#9395=LINE('',#508,#9398);
#9396=LINE('',#646,#9399);
#9397=LINE('',#510,#9400);
#9398=VECTOR('',#9401,1.0);
#9399=VECTOR('',#9402,1.0);
#9400=VECTOR('',#9403,1.0);
#9401=DIRECTION('',(-0.9978266338577131,0.06589392054040595,0));
#9402=DIRECTION('',(0.8098067912909446,-0.5866966514128613,0));
#9403=DIRECTION('',(0.12403496206750894,0.9922778482788537,0));
#9404=FACE_SURFACE('',(#9409),#9405,.T.);
#9405=PLANE('',#9406);
#9406=AXIS2_PLACEMENT_3D('',#552,#9407,#9408);
#9407=DIRECTION('',(0.6649978841222481,0.7468452410726957,0));
#9408=DIRECTION('',(-0.7468452410726957,0.6649978841222481,0));
#9409=FACE_BOUND('',#9410,.T.);
#9410=EDGE_LOOP('',(#9411,#9412,#9413));
#9411=ORIENTED_EDGE('',*,*,#9414,.T.);
#9412=ORIENTED_EDGE('',*,*,#9415,.T.);
#9413=ORIENTED_EDGE('',*,*,#9416,.T.);
#9414=EDGE_CURVE('',#553,#563,#9417,.F.);
#9415=EDGE_CURVE('',#563,#649,#9418,.T.);
#9416=EDGE_CURVE('',#649,#553,#9419,.T.);
#9417=LINE('',#552,#9420);
#9418=LINE('',#562,#9421);
#9419=LINE('',#648,#9422);
#9420=VECTOR('',#9423,1.0);
#9421=VECTOR('',#9424,1.0);
#9422=VECTOR('',#9425,1.0);
#9423=DIRECTION('',(-0.7468452410726957,0.6649978841222481,0));
#9424=DIRECTION('',(0,0,1));
#9425=DIRECTION('',(0.04611441861440468,-0.041060703234931356,-0.9980919191365635));
#9426=FACE_SURFACE('',(#9431),#9427,.T.);
#9427=PLANE('',#9428);
#9428=AXIS2_PLACEMENT_3D('',#552,#9429,#9430);
#9429=DIRECTION('',(0.6649978841222481,0.7468452410726957,-0));
#9430=DIRECTION('',(-0.04611441861440468,0.041060703234931356,0.9980919191365635));
#9431=FACE_BOUND('',#9432,.T.);
#9432=EDGE_LOOP('',(#9433,#9434,#9435));
#9433=ORIENTED_EDGE('',*,*,#9436,.T.);
#9434=ORIENTED_EDGE('',*,*,#9437,.T.);
#9435=ORIENTED_EDGE('',*,*,#9438,.T.);
#9436=EDGE_CURVE('',#553,#649,#9439,.F.);
#9437=EDGE_CURVE('',#649,#595,#9440,.T.);
#9438=EDGE_CURVE('',#595,#553,#9441,.T.);
#9439=LINE('',#552,#9442);
#9440=LINE('',#648,#9443);
#9441=LINE('',#594,#9444);
#9442=VECTOR('',#9445,1.0);
#9443=VECTOR('',#9446,1.0);
#9444=VECTOR('',#9447,1.0);
#9445=DIRECTION('',(-0.04611441861440468,0.041060703234931356,0.9980919191365635));
#9446=DIRECTION('',(0.7468452410726957,-0.6649978841222481,0));
#9447=DIRECTION('',(0,0,-1));
#9448=FACE_SURFACE('',(#9453),#9449,.T.);
#9449=PLANE('',#9450);
#9450=AXIS2_PLACEMENT_3D('',#182,#9451,#9452);
#9451=DIRECTION('',(0,0,1));
#9452=DIRECTION('',(-0.4856436958048474,-0.8741568513287583,0));
#9453=FACE_BOUND('',#9454,.T.);
#9454=EDGE_LOOP('',(#9455,#9456,#9457));
#9455=ORIENTED_EDGE('',*,*,#9458,.T.);
#9456=ORIENTED_EDGE('',*,*,#9459,.T.);
#9457=ORIENTED_EDGE('',*,*,#9460,.T.);
#9458=EDGE_CURVE('',#183,#651,#9461,.F.);
#9459=EDGE_CURVE('',#651,#181,#9462,.T.);
#9460=EDGE_CURVE('',#181,#183,#9463,.T.);
#9461=LINE('',#182,#9464);
#9462=LINE('',#650,#9465);
#9463=LINE('',#180,#9466);
#9464=VECTOR('',#9467,1.0);
#9465=VECTOR('',#9468,1.0);
#9466=VECTOR('',#9469,1.0);
#9467=DIRECTION('',(-0.4856436958048474,-0.8741568513287583,0));
#9468=DIRECTION('',(0.9946184230322351,0.10360594850137679,0));
#9469=DIRECTION('',(-0.8320502943378437,0.5547001962252291,0));
#9470=FACE_SURFACE('',(#9475),#9471,.T.);
#9471=PLANE('',#9472);
#9472=AXIS2_PLACEMENT_3D('',#616,#9473,#9474);
#9473=DIRECTION('',(0,-0,1));
#9474=DIRECTION('',(0.10360594850137679,0.9946184230322351,0));
#9475=FACE_BOUND('',#9476,.T.);
#9476=EDGE_LOOP('',(#9477,#9478,#9479));
#9477=ORIENTED_EDGE('',*,*,#9480,.T.);
#9478=ORIENTED_EDGE('',*,*,#9481,.T.);
#9479=ORIENTED_EDGE('',*,*,#9482,.T.);
#9480=EDGE_CURVE('',#617,#171,#9483,.F.);
#9481=EDGE_CURVE('',#171,#631,#9484,.T.);
#9482=EDGE_CURVE('',#631,#617,#9485,.T.);
#9483=LINE('',#616,#9486);
#9484=LINE('',#170,#9487);
#9485=LINE('',#630,#9488);
#9486=VECTOR('',#9489,1.0);
#9487=VECTOR('',#9490,1.0);
#9488=VECTOR('',#9491,1.0);
#9489=DIRECTION('',(0.10360594850137679,0.9946184230322351,0));
#9490=DIRECTION('',(-0.7974064190142862,-0.6034426260340022,0));
#9491=DIRECTION('',(0.556876271479699,-0.8305954600543327,0));
#9492=FACE_SURFACE('',(#9497),#9493,.T.);
#9493=PLANE('',#9494);
#9494=AXIS2_PLACEMENT_3D('',#652,#9495,#9496);
#9495=DIRECTION('',(0.5570356044303773,0.8304886124426297,0));
#9496=DIRECTION('',(0.8304886124426296,-0.5570356044303771,0));
#9497=FACE_BOUND('',#9498,.T.);
#9498=EDGE_LOOP('',(#9499,#9500,#9501));
#9499=ORIENTED_EDGE('',*,*,#9502,.T.);
#9500=ORIENTED_EDGE('',*,*,#9503,.T.);
#9501=ORIENTED_EDGE('',*,*,#9504,.T.);
#9502=EDGE_CURVE('',#653,#649,#9505,.F.);
#9503=EDGE_CURVE('',#649,#579,#9506,.T.);
#9504=EDGE_CURVE('',#579,#653,#9507,.T.);
#9505=LINE('',#652,#9508);
#9506=LINE('',#648,#9509);
#9507=LINE('',#578,#9510);
#9508=VECTOR('',#9511,1.0);
#9509=VECTOR('',#9512,1.0);
#9510=VECTOR('',#9513,1.0);
#9511=DIRECTION('',(0.8304886124426296,-0.5570356044303771,0));
#9512=DIRECTION('',(-0.05179770128380726,0.03474239551324718,-0.9980530868123771));
#9513=DIRECTION('',(0,0,1));
#9514=FACE_SURFACE('',(#9519),#9515,.T.);
#9515=PLANE('',#9516);
#9516=AXIS2_PLACEMENT_3D('',#562,#9517,#9518);
#9517=DIRECTION('',(0.5570356044303773,0.8304886124426297,-0));
#9518=DIRECTION('',(-0.8304886124426296,0.5570356044303771,0));
#9519=FACE_BOUND('',#9520,.T.);
#9520=EDGE_LOOP('',(#9521,#9522,#9523));
#9521=ORIENTED_EDGE('',*,*,#9524,.T.);
#9522=ORIENTED_EDGE('',*,*,#9525,.T.);
#9523=ORIENTED_EDGE('',*,*,#9526,.T.);
#9524=EDGE_CURVE('',#563,#579,#9527,.F.);
#9525=EDGE_CURVE('',#579,#649,#9528,.T.);
#9526=EDGE_CURVE('',#649,#563,#9529,.T.);
#9527=LINE('',#562,#9530);
#9528=LINE('',#578,#9531);
#9529=LINE('',#648,#9532);
#9530=VECTOR('',#9533,1.0);
#9531=VECTOR('',#9534,1.0);
#9532=VECTOR('',#9535,1.0);
#9533=DIRECTION('',(-0.8304886124426296,0.5570356044303771,0));
#9534=DIRECTION('',(0.05179770128380726,-0.03474239551324718,0.9980530868123771));
#9535=DIRECTION('',(0,0,-1));
#9536=FACE_SURFACE('',(#9541),#9537,.T.);
#9537=PLANE('',#9538);
#9538=AXIS2_PLACEMENT_3D('',#136,#9539,#9540);
#9539=DIRECTION('',(-0.5570356044303773,0.8304886124426297,0));
#9540=DIRECTION('',(-0.05179770128380726,-0.03474239551324718,-0.9980530868123771));
#9541=FACE_BOUND('',#9542,.T.);
#9542=EDGE_LOOP('',(#9543,#9544,#9545));
#9543=ORIENTED_EDGE('',*,*,#9546,.T.);
#9544=ORIENTED_EDGE('',*,*,#9547,.T.);
#9545=ORIENTED_EDGE('',*,*,#9548,.T.);
#9546=EDGE_CURVE('',#137,#655,#9549,.F.);
#9547=EDGE_CURVE('',#655,#141,#9550,.T.);
#9548=EDGE_CURVE('',#141,#137,#9551,.T.);
#9549=LINE('',#136,#9552);
#9550=LINE('',#654,#9553);
#9551=LINE('',#140,#9554);
#9552=VECTOR('',#9555,1.0);
#9553=VECTOR('',#9556,1.0);
#9554=VECTOR('',#9557,1.0);
#9555=DIRECTION('',(-0.05179770128380726,-0.03474239551324718,-0.9980530868123771));
#9556=DIRECTION('',(0,0,1));
#9557=DIRECTION('',(0.8304886124426296,0.5570356044303771,0));
#9558=FACE_SURFACE('',(#9563),#9559,.T.);
#9559=PLANE('',#9560);
#9560=AXIS2_PLACEMENT_3D('',#630,#9561,#9562);
#9561=DIRECTION('',(0,0,1));
#9562=DIRECTION('',(-0.03422647124186712,0.999414102695339,0));
#9563=FACE_BOUND('',#9564,.T.);
#9564=EDGE_LOOP('',(#9565,#9566,#9567));
#9565=ORIENTED_EDGE('',*,*,#9568,.T.);
#9566=ORIENTED_EDGE('',*,*,#9569,.T.);
#9567=ORIENTED_EDGE('',*,*,#9570,.T.);
#9568=EDGE_CURVE('',#631,#177,#9571,.F.);
#9569=EDGE_CURVE('',#177,#657,#9572,.T.);
#9570=EDGE_CURVE('',#657,#631,#9573,.T.);
#9571=LINE('',#630,#9574);
#9572=LINE('',#176,#9575);
#9573=LINE('',#656,#9576);
#9574=VECTOR('',#9577,1.0);
#9575=VECTOR('',#9578,1.0);
#9576=VECTOR('',#9579,1.0);
#9577=DIRECTION('',(-0.03422647124186712,0.999414102695339,0));
#9578=DIRECTION('',(-0.7071067811865475,-0.7071067811865475,0));
#9579=DIRECTION('',(0.6637830481032246,-0.747925173430332,0));
#9580=FACE_SURFACE('',(#9585),#9581,.T.);
#9581=PLANE('',#9582);
#9582=AXIS2_PLACEMENT_3D('',#186,#9583,#9584);
#9583=DIRECTION('',(0,0,1));
#9584=DIRECTION('',(-0.35465411825735477,-0.9349975702658795,0));
#9585=FACE_BOUND('',#9586,.T.);
#9586=EDGE_LOOP('',(#9587,#9588,#9589));
#9587=ORIENTED_EDGE('',*,*,#9590,.T.);
#9588=ORIENTED_EDGE('',*,*,#9591,.T.);
#9589=ORIENTED_EDGE('',*,*,#9592,.T.);
#9590=EDGE_CURVE('',#187,#659,#9593,.F.);
#9591=EDGE_CURVE('',#659,#183,#9594,.T.);
#9592=EDGE_CURVE('',#183,#187,#9595,.T.);
#9593=LINE('',#186,#9596);
#9594=LINE('',#658,#9597);
#9595=LINE('',#182,#9598);
#9596=VECTOR('',#9599,1.0);
#9597=VECTOR('',#9600,1.0);
#9598=VECTOR('',#9601,1.0);
#9599=DIRECTION('',(-0.35465411825735477,-0.9349975702658795,0));
#9600=DIRECTION('',(0.9721363605334014,0.2344160756622142,0));
#9601=DIRECTION('',(-0.8977275394271507,0.4405510923310413,0));
#9602=FACE_SURFACE('',(#9607),#9603,.T.);
#9603=PLANE('',#9604);
#9604=AXIS2_PLACEMENT_3D('',#622,#9605,#9606);
#9605=DIRECTION('',(0,-0,1));
#9606=DIRECTION('',(0,1,0));
#9607=FACE_BOUND('',#9608,.T.);
#9608=EDGE_LOOP('',(#9609,#9610,#9611));
#9609=ORIENTED_EDGE('',*,*,#9612,.T.);
#9610=ORIENTED_EDGE('',*,*,#9613,.T.);
#9611=ORIENTED_EDGE('',*,*,#9614,.T.);
#9612=EDGE_CURVE('',#623,#647,#9615,.F.);
#9613=EDGE_CURVE('',#647,#639,#9616,.T.);
#9614=EDGE_CURVE('',#639,#623,#9617,.T.);
#9615=LINE('',#622,#9618);
#9616=LINE('',#646,#9619);
#9617=LINE('',#638,#9620);
#9618=VECTOR('',#9621,1.0);
#9619=VECTOR('',#9622,1.0);
#9620=VECTOR('',#9623,1.0);
#9621=DIRECTION('',(0,1,0));
#9622=DIRECTION('',(-0.8098067912909446,-0.5866966514128613,0));
#9623=DIRECTION('',(0.9981310811736275,0.06110928567055518,0));
#9624=FACE_SURFACE('',(#9629),#9625,.T.);
#9625=PLANE('',#9626);
#9626=AXIS2_PLACEMENT_3D('',#656,#9627,#9628);
#9627=DIRECTION('',(0,-0,1));
#9628=DIRECTION('',(0.7071067811865475,0.7071067811865475,0));
#9629=FACE_BOUND('',#9630,.T.);
#9630=EDGE_LOOP('',(#9631,#9632,#9633));
#9631=ORIENTED_EDGE('',*,*,#9634,.T.);
#9632=ORIENTED_EDGE('',*,*,#9635,.T.);
#9633=ORIENTED_EDGE('',*,*,#9636,.T.);
#9634=EDGE_CURVE('',#657,#177,#9637,.F.);
#9635=EDGE_CURVE('',#177,#635,#9638,.T.);
#9636=EDGE_CURVE('',#635,#657,#9639,.T.);
#9637=LINE('',#656,#9640);
#9638=LINE('',#176,#9641);
#9639=LINE('',#634,#9642);
#9640=VECTOR('',#9643,1.0);
#9641=VECTOR('',#9644,1.0);
#9642=VECTOR('',#9645,1.0);
#9643=DIRECTION('',(0.7071067811865475,0.7071067811865475,0));
#9644=DIRECTION('',(-0.999414102695339,0.03422647124186712,0));
#9645=DIRECTION('',(0.747925173430332,-0.6637830481032246,0));
#9646=FACE_SURFACE('',(#9651),#9647,.T.);
#9647=PLANE('',#9648);
#9648=AXIS2_PLACEMENT_3D('',#654,#9649,#9650);
#9649=DIRECTION('',(-0.6649981869798129,0.7468449714054194,0));
#9650=DIRECTION('',(-0.7468449714054195,-0.6649981869798129,0));
#9651=FACE_BOUND('',#9652,.T.);
#9652=EDGE_LOOP('',(#9653,#9654,#9655));
#9653=ORIENTED_EDGE('',*,*,#9656,.T.);
#9654=ORIENTED_EDGE('',*,*,#9657,.T.);
#9655=ORIENTED_EDGE('',*,*,#9658,.T.);
#9656=EDGE_CURVE('',#655,#661,#9659,.F.);
#9657=EDGE_CURVE('',#661,#141,#9660,.T.);
#9658=EDGE_CURVE('',#141,#655,#9661,.T.);
#9659=LINE('',#654,#9662);
#9660=LINE('',#660,#9663);
#9661=LINE('',#140,#9664);
#9662=VECTOR('',#9665,1.0);
#9663=VECTOR('',#9666,1.0);
#9664=VECTOR('',#9667,1.0);
#9665=DIRECTION('',(-0.7468449714054195,-0.6649981869798129,0));
#9666=DIRECTION('',(0.046114381041997686,0.04106070330622594,0.9980919208695718));
#9667=DIRECTION('',(0,0,-1));
#9668=FACE_SURFACE('',(#9673),#9669,.T.);
#9669=PLANE('',#9670);
#9670=AXIS2_PLACEMENT_3D('',#144,#9671,#9672);
#9671=DIRECTION('',(-0.6649981869798129,0.7468449714054194,0));
#9672=DIRECTION('',(0.7468449714054195,0.6649981869798129,0));
#9673=FACE_BOUND('',#9674,.T.);
#9674=EDGE_LOOP('',(#9675,#9676,#9677));
#9675=ORIENTED_EDGE('',*,*,#9678,.T.);
#9676=ORIENTED_EDGE('',*,*,#9679,.T.);
#9677=ORIENTED_EDGE('',*,*,#9680,.T.);
#9678=EDGE_CURVE('',#145,#141,#9681,.F.);
#9679=EDGE_CURVE('',#141,#661,#9682,.T.);
#9680=EDGE_CURVE('',#661,#145,#9683,.T.);
#9681=LINE('',#144,#9684);
#9682=LINE('',#140,#9685);
#9683=LINE('',#660,#9686);
#9684=VECTOR('',#9687,1.0);
#9685=VECTOR('',#9688,1.0);
#9686=VECTOR('',#9689,1.0);
#9687=DIRECTION('',(0.7468449714054195,0.6649981869798129,0));
#9688=DIRECTION('',(-0.046114381041997686,-0.04106070330622594,-0.9980919208695718));
#9689=DIRECTION('',(0,0,1));
#9690=FACE_SURFACE('',(#9695),#9691,.T.);
#9691=PLANE('',#9692);
#9692=AXIS2_PLACEMENT_3D('',#634,#9693,#9694);
#9693=DIRECTION('',(0,-0,1));
#9694=DIRECTION('',(0.6034426260340022,0.7974064190142862,0));
#9695=FACE_BOUND('',#9696,.T.);
#9696=EDGE_LOOP('',(#9697,#9698,#9699));
#9697=ORIENTED_EDGE('',*,*,#9700,.T.);
#9698=ORIENTED_EDGE('',*,*,#9701,.T.);
#9699=ORIENTED_EDGE('',*,*,#9702,.T.);
#9700=EDGE_CURVE('',#635,#181,#9703,.F.);
#9701=EDGE_CURVE('',#181,#651,#9704,.T.);
#9702=EDGE_CURVE('',#651,#635,#9705,.T.);
#9703=LINE('',#634,#9706);
#9704=LINE('',#180,#9707);
#9705=LINE('',#650,#9708);
#9706=VECTOR('',#9709,1.0);
#9707=VECTOR('',#9710,1.0);
#9708=VECTOR('',#9711,1.0);
#9709=DIRECTION('',(0.6034426260340022,0.7974064190142862,0));
#9710=DIRECTION('',(-0.9946184230322351,-0.10360594850137679,0));
#9711=DIRECTION('',(0.8305954600543327,-0.556876271479699,0));
#9712=FACE_SURFACE('',(#9717),#9713,.T.);
#9713=PLANE('',#9714);
#9714=AXIS2_PLACEMENT_3D('',#202,#9715,#9716);
#9715=DIRECTION('',(0,0,1));
#9716=DIRECTION('',(-0.22253611349096028,-0.9749244474277678,0));
#9717=FACE_BOUND('',#9718,.T.);
#9718=EDGE_LOOP('',(#9719,#9720,#9721));
#9719=ORIENTED_EDGE('',*,*,#9722,.T.);
#9720=ORIENTED_EDGE('',*,*,#9723,.T.);
#9721=ORIENTED_EDGE('',*,*,#9724,.T.);
#9722=EDGE_CURVE('',#203,#663,#9725,.F.);
#9723=EDGE_CURVE('',#663,#187,#9726,.T.);
#9724=EDGE_CURVE('',#187,#203,#9727,.T.);
#9725=LINE('',#202,#9728);
#9726=LINE('',#662,#9729);
#9727=LINE('',#186,#9730);
#9728=VECTOR('',#9731,1.0);
#9729=VECTOR('',#9732,1.0);
#9730=VECTOR('',#9733,1.0);
#9731=DIRECTION('',(-0.22253611349096028,-0.9749244474277678,0));
#9732=DIRECTION('',(0.9299055410764522,0.3677984294084337,0));
#9733=DIRECTION('',(-0.9452839908552895,0.32624864234613626,0));
#9734=FACE_SURFACE('',(#9739),#9735,.T.);
#9735=PLANE('',#9736);
#9736=AXIS2_PLACEMENT_3D('',#664,#9737,#9738);
#9737=DIRECTION('',(-0,0,1));
#9738=DIRECTION('',(0.4961390378786113,-0.8682430852548646,0));
#9739=FACE_BOUND('',#9740,.T.);
#9740=EDGE_LOOP('',(#9741,#9742,#9743));
#9741=ORIENTED_EDGE('',*,*,#9744,.T.);
#9742=ORIENTED_EDGE('',*,*,#9745,.T.);
#9743=ORIENTED_EDGE('',*,*,#9746,.T.);
#9744=EDGE_CURVE('',#665,#667,#9747,.F.);
#9745=EDGE_CURVE('',#667,#643,#9748,.T.);
#9746=EDGE_CURVE('',#643,#665,#9749,.T.);
#9747=LINE('',#664,#9750);
#9748=LINE('',#666,#9751);
#9749=LINE('',#642,#9752);
#9750=VECTOR('',#9753,1.0);
#9751=VECTOR('',#9754,1.0);
#9752=VECTOR('',#9755,1.0);
#9753=DIRECTION('',(0.4961390378786113,-0.8682430852548646,0));
#9754=DIRECTION('',(0.5217850395063707,0.8530770027068688,0));
#9755=DIRECTION('',(-0.8963063895602588,-0.4434352895670955,0));
#9756=FACE_SURFACE('',(#9761),#9757,.T.);
#9757=PLANE('',#9758);
#9758=AXIS2_PLACEMENT_3D('',#638,#9759,#9760);
#9759=DIRECTION('',(0,0,1));
#9760=DIRECTION('',(-0.9346187808833852,0.355651141457545,0));
#9761=FACE_BOUND('',#9762,.T.);
#9762=EDGE_LOOP('',(#9763,#9764,#9765));
#9763=ORIENTED_EDGE('',*,*,#9766,.T.);
#9764=ORIENTED_EDGE('',*,*,#9767,.T.);
#9765=ORIENTED_EDGE('',*,*,#9768,.T.);
#9766=EDGE_CURVE('',#639,#637,#9769,.F.);
#9767=EDGE_CURVE('',#637,#669,#9770,.T.);
#9768=EDGE_CURVE('',#669,#639,#9771,.T.);
#9769=LINE('',#638,#9772);
#9770=LINE('',#636,#9773);
#9771=LINE('',#668,#9774);
#9772=VECTOR('',#9775,1.0);
#9773=VECTOR('',#9776,1.0);
#9774=VECTOR('',#9777,1.0);
#9775=DIRECTION('',(-0.9346187808833852,0.355651141457545,0));
#9776=DIRECTION('',(0.2605234323181932,-0.965467524680736,0));
#9777=DIRECTION('',(0.978980465249051,0.20395403565693782,0));
#9778=FACE_SURFACE('',(#9783),#9779,.T.);
#9779=PLANE('',#9780);
#9780=AXIS2_PLACEMENT_3D('',#660,#9781,#9782);
#9781=DIRECTION('',(-0.7468449382152595,0.6649982242549562,0));
#9782=DIRECTION('',(-0.04106074082392627,-0.04611441854311004,0.9980919175934756));
#9783=FACE_BOUND('',#9784,.T.);
#9784=EDGE_LOOP('',(#9785,#9786,#9787));
#9785=ORIENTED_EDGE('',*,*,#9788,.T.);
#9786=ORIENTED_EDGE('',*,*,#9789,.T.);
#9787=ORIENTED_EDGE('',*,*,#9790,.T.);
#9788=EDGE_CURVE('',#661,#147,#9791,.F.);
#9789=EDGE_CURVE('',#147,#145,#9792,.T.);
#9790=EDGE_CURVE('',#145,#661,#9793,.T.);
#9791=LINE('',#660,#9794);
#9792=LINE('',#146,#9795);
#9793=LINE('',#144,#9796);
#9794=VECTOR('',#9797,1.0);
#9795=VECTOR('',#9798,1.0);
#9796=VECTOR('',#9799,1.0);
#9797=DIRECTION('',(-0.04106074082392627,-0.04611441854311004,0.9980919175934756));
#9798=DIRECTION('',(0.6649982242549564,0.7468449382152597,0));
#9799=DIRECTION('',(0,0,-1));
#9800=FACE_SURFACE('',(#9805),#9801,.T.);
#9801=PLANE('',#9802);
#9802=AXIS2_PLACEMENT_3D('',#650,#9803,#9804);
#9803=DIRECTION('',(0,-0,1));
#9804=DIRECTION('',(0.4856436958048474,0.8741568513287583,0));
#9805=FACE_BOUND('',#9806,.T.);
#9806=EDGE_LOOP('',(#9807,#9808,#9809));
#9807=ORIENTED_EDGE('',*,*,#9810,.T.);
#9808=ORIENTED_EDGE('',*,*,#9811,.T.);
#9809=ORIENTED_EDGE('',*,*,#9812,.T.);
#9810=EDGE_CURVE('',#651,#183,#9813,.F.);
#9811=EDGE_CURVE('',#183,#659,#9814,.T.);
#9812=EDGE_CURVE('',#659,#651,#9815,.T.);
#9813=LINE('',#650,#9816);
#9814=LINE('',#182,#9817);
#9815=LINE('',#658,#9818);
#9816=VECTOR('',#9819,1.0);
#9817=VECTOR('',#9820,1.0);
#9818=VECTOR('',#9821,1.0);
#9819=DIRECTION('',(0.4856436958048474,0.8741568513287583,0));
#9820=DIRECTION('',(-0.9721363605334014,-0.2344160756622142,0));
#9821=DIRECTION('',(0.8981382922161143,-0.43971309743413567,0));
#9822=FACE_SURFACE('',(#9827),#9823,.T.);
#9823=PLANE('',#9824);
#9824=AXIS2_PLACEMENT_3D('',#538,#9825,#9826);
#9825=DIRECTION('',(0,0,1));
#9826=DIRECTION('',(-0.9978546935220255,-0.06546763029210986,0));
#9827=FACE_BOUND('',#9828,.T.);
#9828=EDGE_LOOP('',(#9829,#9830,#9831));
#9829=ORIENTED_EDGE('',*,*,#9832,.T.);
#9830=ORIENTED_EDGE('',*,*,#9833,.T.);
#9831=ORIENTED_EDGE('',*,*,#9834,.T.);
#9832=EDGE_CURVE('',#539,#263,#9835,.F.);
#9833=EDGE_CURVE('',#263,#671,#9836,.T.);
#9834=EDGE_CURVE('',#671,#539,#9837,.T.);
#9835=LINE('',#538,#9838);
#9836=LINE('',#262,#9839);
#9837=LINE('',#670,#9840);
#9838=VECTOR('',#9841,1.0);
#9839=VECTOR('',#9842,1.0);
#9840=VECTOR('',#9843,1.0);
#9841=DIRECTION('',(-0.9978546935220255,-0.06546763029210986,0));
#9842=DIRECTION('',(1,0,0));
#9843=DIRECTION('',(-0.3208077978221775,0.9471443168052506,0));
#9844=FACE_SURFACE('',(#9849),#9845,.T.);
#9845=PLANE('',#9846);
#9846=AXIS2_PLACEMENT_3D('',#672,#9847,#9848);
#9847=DIRECTION('',(0,0,1));
#9848=DIRECTION('',(-0.19906006124622186,0.9799872917628322,0));
#9849=FACE_BOUND('',#9850,.T.);
#9850=EDGE_LOOP('',(#9851,#9852,#9853));
#9851=ORIENTED_EDGE('',*,*,#9854,.T.);
#9852=ORIENTED_EDGE('',*,*,#9855,.T.);
#9853=ORIENTED_EDGE('',*,*,#9856,.T.);
#9854=EDGE_CURVE('',#673,#671,#9857,.F.);
#9855=EDGE_CURVE('',#671,#675,#9858,.T.);
#9856=EDGE_CURVE('',#675,#673,#9859,.T.);
#9857=LINE('',#672,#9860);
#9858=LINE('',#670,#9861);
#9859=LINE('',#674,#9862);
#9860=VECTOR('',#9863,1.0);
#9861=VECTOR('',#9864,1.0);
#9862=VECTOR('',#9865,1.0);
#9863=DIRECTION('',(-0.19906006124622186,0.9799872917628322,0));
#9864=DIRECTION('',(-0.9978700204930998,-0.06523359718044472,0));
#9865=DIRECTION('',(1,0,0));
#9866=FACE_SURFACE('',(#9871),#9867,.T.);
#9867=PLANE('',#9868);
#9868=AXIS2_PLACEMENT_3D('',#676,#9869,#9870);
#9869=DIRECTION('',(0,0,1));
#9870=DIRECTION('',(0.9471444551415068,0.32080738940164394,0));
#9871=FACE_BOUND('',#9872,.T.);
#9872=EDGE_LOOP('',(#9873,#9874,#9875));
#9873=ORIENTED_EDGE('',*,*,#9876,.T.);
#9874=ORIENTED_EDGE('',*,*,#9877,.T.);
#9875=ORIENTED_EDGE('',*,*,#9878,.T.);
#9876=EDGE_CURVE('',#677,#679,#9879,.F.);
#9877=EDGE_CURVE('',#679,#681,#9880,.T.);
#9878=EDGE_CURVE('',#681,#677,#9881,.T.);
#9879=LINE('',#676,#9882);
#9880=LINE('',#678,#9883);
#9881=LINE('',#680,#9884);
#9882=VECTOR('',#9885,1.0);
#9883=VECTOR('',#9886,1.0);
#9884=VECTOR('',#9887,1.0);
#9885=DIRECTION('',(0.9471444551415068,0.32080738940164394,0));
#9886=DIRECTION('',(0.5559451662148704,0.8312189676386842,0));
#9887=DIRECTION('',(-0.6091550854388343,-0.7930511218603795,0));
#9888=FACE_SURFACE('',(#9893),#9889,.T.);
#9889=PLANE('',#9890);
#9890=AXIS2_PLACEMENT_3D('',#680,#9891,#9892);
#9891=DIRECTION('',(0,0,1));
#9892=DIRECTION('',(-0.5559451662148704,-0.8312189676386842,0));
#9893=FACE_BOUND('',#9894,.T.);
#9894=EDGE_LOOP('',(#9895,#9896,#9897));
#9895=ORIENTED_EDGE('',*,*,#9898,.T.);
#9896=ORIENTED_EDGE('',*,*,#9899,.T.);
#9897=ORIENTED_EDGE('',*,*,#9900,.T.);
#9898=EDGE_CURVE('',#681,#679,#9901,.F.);
#9899=EDGE_CURVE('',#679,#683,#9902,.T.);
#9900=EDGE_CURVE('',#683,#681,#9903,.T.);
#9901=LINE('',#680,#9904);
#9902=LINE('',#678,#9905);
#9903=LINE('',#682,#9906);
#9904=VECTOR('',#9907,1.0);
#9905=VECTOR('',#9908,1.0);
#9906=VECTOR('',#9909,1.0);
#9907=DIRECTION('',(-0.5559451662148704,-0.8312189676386842,0));
#9908=DIRECTION('',(0.8974488348939095,0.44111856540794603,0));
#9909=DIRECTION('',(0.5000109759978885,0.8660190666963626,0));
#9910=FACE_SURFACE('',(#9915),#9911,.T.);
#9911=PLANE('',#9912);
#9912=AXIS2_PLACEMENT_3D('',#680,#9913,#9914);
#9913=DIRECTION('',(0,0,1));
#9914=DIRECTION('',(-0.5000109759978885,-0.8660190666963626,0));
#9915=FACE_BOUND('',#9916,.T.);
#9916=EDGE_LOOP('',(#9917,#9918,#9919));
#9917=ORIENTED_EDGE('',*,*,#9920,.T.);
#9918=ORIENTED_EDGE('',*,*,#9921,.T.);
#9919=ORIENTED_EDGE('',*,*,#9922,.T.);
#9920=EDGE_CURVE('',#681,#683,#9923,.F.);
#9921=EDGE_CURVE('',#683,#685,#9924,.T.);
#9922=EDGE_CURVE('',#685,#681,#9925,.T.);
#9923=LINE('',#680,#9926);
#9924=LINE('',#682,#9927);
#9925=LINE('',#684,#9928);
#9926=VECTOR('',#9929,1.0);
#9927=VECTOR('',#9930,1.0);
#9928=VECTOR('',#9931,1.0);
#9929=DIRECTION('',(-0.5000109759978885,-0.8660190666963626,0));
#9930=DIRECTION('',(0.8320502943378436,0.554700196225229,0));
#9931=DIRECTION('',(0.4426905908802744,0.8966744340874638,0));
#9932=FACE_SURFACE('',(#9937),#9933,.T.);
#9933=PLANE('',#9934);
#9934=AXIS2_PLACEMENT_3D('',#680,#9935,#9936);
#9935=DIRECTION('',(0,0,1));
#9936=DIRECTION('',(-0.4426905908802744,-0.8966744340874638,0));
#9937=FACE_BOUND('',#9938,.T.);
#9938=EDGE_LOOP('',(#9939,#9940,#9941));
#9939=ORIENTED_EDGE('',*,*,#9942,.T.);
#9940=ORIENTED_EDGE('',*,*,#9943,.T.);
#9941=ORIENTED_EDGE('',*,*,#9944,.T.);
#9942=EDGE_CURVE('',#681,#685,#9945,.F.);
#9943=EDGE_CURVE('',#685,#687,#9946,.T.);
#9944=EDGE_CURVE('',#687,#681,#9947,.T.);
#9945=LINE('',#680,#9948);
#9946=LINE('',#684,#9949);
#9947=LINE('',#686,#9950);
#9948=VECTOR('',#9951,1.0);
#9949=VECTOR('',#9952,1.0);
#9950=VECTOR('',#9953,1.0);
#9951=DIRECTION('',(-0.4426905908802744,-0.8966744340874638,0));
#9952=DIRECTION('',(0.758185786115898,0.6520385830085654,0));
#9953=DIRECTION('',(0.38127489525517916,0.9244617105365436,0));
#9954=FACE_SURFACE('',(#9959),#9955,.T.);
#9955=PLANE('',#9956);
#9956=AXIS2_PLACEMENT_3D('',#680,#9957,#9958);
#9957=DIRECTION('',(0,0,1));
#9958=DIRECTION('',(-0.38127489525517916,-0.9244617105365436,0));
#9959=FACE_BOUND('',#9960,.T.);
#9960=EDGE_LOOP('',(#9961,#9962,#9963));
#9961=ORIENTED_EDGE('',*,*,#9964,.T.);
#9962=ORIENTED_EDGE('',*,*,#9965,.T.);
#9963=ORIENTED_EDGE('',*,*,#9966,.T.);
#9964=EDGE_CURVE('',#681,#687,#9967,.F.);
#9965=EDGE_CURVE('',#687,#689,#9968,.T.);
#9966=EDGE_CURVE('',#689,#681,#9969,.T.);
#9967=LINE('',#680,#9970);
#9968=LINE('',#686,#9971);
#9969=LINE('',#688,#9972);
#9970=VECTOR('',#9973,1.0);
#9971=VECTOR('',#9974,1.0);
#9972=VECTOR('',#9975,1.0);
#9973=DIRECTION('',(-0.38127489525517916,-0.9244617105365436,0));
#9974=DIRECTION('',(0.6520390298302459,0.7581854018497268,0));
#9975=DIRECTION('',(0.3208969623960906,0.9471141111423491,0));
#9976=FACE_SURFACE('',(#9981),#9977,.T.);
#9977=PLANE('',#9978);
#9978=AXIS2_PLACEMENT_3D('',#680,#9979,#9980);
#9979=DIRECTION('',(0,0,1));
#9980=DIRECTION('',(-0.3208969623960906,-0.9471141111423491,0));
#9981=FACE_BOUND('',#9982,.T.);
#9982=EDGE_LOOP('',(#9983,#9984,#9985));
#9983=ORIENTED_EDGE('',*,*,#9986,.T.);
#9984=ORIENTED_EDGE('',*,*,#9987,.T.);
#9985=ORIENTED_EDGE('',*,*,#9988,.T.);
#9986=EDGE_CURVE('',#681,#689,#9989,.F.);
#9987=EDGE_CURVE('',#689,#691,#9990,.T.);
#9988=EDGE_CURVE('',#691,#681,#9991,.T.);
#9989=LINE('',#680,#9992);
#9990=LINE('',#688,#9993);
#9991=LINE('',#690,#9994);
#9992=VECTOR('',#9995,1.0);
#9993=VECTOR('',#9996,1.0);
#9994=VECTOR('',#9997,1.0);
#9995=DIRECTION('',(-0.3208969623960906,-0.9471141111423491,0));
#9996=DIRECTION('',(0.554700196225229,0.8320502943378436,0));
#9997=DIRECTION('',(0.25886451680795325,0.9659136410351522,0));
#9998=FACE_SURFACE('',(#10003),#9999,.T.);
#9999=PLANE('',#10000);
#10000=AXIS2_PLACEMENT_3D('',#680,#10001,#10002);
#10001=DIRECTION('',(0,0,1));
#10002=DIRECTION('',(-0.25886451680795325,-0.9659136410351522,0));
#10003=FACE_BOUND('',#10004,.T.);
#10004=EDGE_LOOP('',(#10005,#10006,#10007));
#10005=ORIENTED_EDGE('',*,*,#10008,.T.);
#10006=ORIENTED_EDGE('',*,*,#10009,.T.);
#10007=ORIENTED_EDGE('',*,*,#10010,.T.);
#10008=EDGE_CURVE('',#681,#691,#10011,.F.);
#10009=EDGE_CURVE('',#691,#693,#10012,.T.);
#10010=EDGE_CURVE('',#693,#681,#10013,.T.);
#10011=LINE('',#680,#10014);
#10012=LINE('',#690,#10015);
#10013=LINE('',#692,#10016);
#10014=VECTOR('',#10017,1.0);
#10015=VECTOR('',#10018,1.0);
#10016=VECTOR('',#10019,1.0);
#10017=DIRECTION('',(-0.25886451680795325,-0.9659136410351522,0));
#10018=DIRECTION('',(0.44111819410600034,0.8974490173980141,0));
#10019=DIRECTION('',(0.19512843824844886,0.9807776978432581,0));
#10020=FACE_SURFACE('',(#10025),#10021,.T.);
#10021=PLANE('',#10022);
#10022=AXIS2_PLACEMENT_3D('',#680,#10023,#10024);
#10023=DIRECTION('',(0,0,1));
#10024=DIRECTION('',(-0.19512843824844886,-0.9807776978432581,0));
#10025=FACE_BOUND('',#10026,.T.);
#10026=EDGE_LOOP('',(#10027,#10028,#10029));
#10027=ORIENTED_EDGE('',*,*,#10030,.T.);
#10028=ORIENTED_EDGE('',*,*,#10031,.T.);
#10029=ORIENTED_EDGE('',*,*,#10032,.T.);
#10030=EDGE_CURVE('',#681,#693,#10033,.F.);
#10031=EDGE_CURVE('',#693,#695,#10034,.T.);
#10032=EDGE_CURVE('',#695,#681,#10035,.T.);
#10033=LINE('',#680,#10036);
#10034=LINE('',#692,#10037);
#10035=LINE('',#694,#10038);
#10036=VECTOR('',#10039,1.0);
#10037=VECTOR('',#10040,1.0);
#10038=VECTOR('',#10041,1.0);
#10039=DIRECTION('',(-0.19512843824844886,-0.9807776978432581,0));
#10040=DIRECTION('',(0.3208072444777805,0.9471445042286701,0));
#10041=DIRECTION('',(0.1306530070517984,0.9914281576333822,0));
#10042=FACE_SURFACE('',(#10047),#10043,.T.);
#10043=PLANE('',#10044);
#10044=AXIS2_PLACEMENT_3D('',#680,#10045,#10046);
#10045=DIRECTION('',(0,0,1));
#10046=DIRECTION('',(-0.1306530070517984,-0.9914281576333822,0));
#10047=FACE_BOUND('',#10048,.T.);
#10048=EDGE_LOOP('',(#10049,#10050,#10051));
#10049=ORIENTED_EDGE('',*,*,#10052,.T.);
#10050=ORIENTED_EDGE('',*,*,#10053,.T.);
#10051=ORIENTED_EDGE('',*,*,#10054,.T.);
#10052=EDGE_CURVE('',#681,#695,#10055,.F.);
#10053=EDGE_CURVE('',#695,#697,#10056,.T.);
#10054=EDGE_CURVE('',#697,#681,#10057,.T.);
#10055=LINE('',#680,#10058);
#10056=LINE('',#694,#10059);
#10057=LINE('',#696,#10060);
#10058=VECTOR('',#10061,1.0);
#10059=VECTOR('',#10062,1.0);
#10060=VECTOR('',#10063,1.0);
#10061=DIRECTION('',(-0.1306530070517984,-0.9914281576333822,0));
#10062=DIRECTION('',(0.19906006124622186,0.9799872917628322,0));
#10063=DIRECTION('',(0.06142148335875533,0.9981119182646854,0));
#10064=FACE_SURFACE('',(#10069),#10065,.T.);
#10065=PLANE('',#10066);
#10066=AXIS2_PLACEMENT_3D('',#698,#10067,#10068);
#10067=DIRECTION('',(0,0,1));
#10068=DIRECTION('',(0.9996927813891635,0.02478594033717966,0));
#10069=FACE_BOUND('',#10070,.T.);
#10070=EDGE_LOOP('',(#10071,#10072,#10073));
#10071=ORIENTED_EDGE('',*,*,#10074,.T.);
#10072=ORIENTED_EDGE('',*,*,#10075,.T.);
#10073=ORIENTED_EDGE('',*,*,#10076,.T.);
#10074=EDGE_CURVE('',#699,#667,#10077,.F.);
#10075=EDGE_CURVE('',#667,#665,#10078,.T.);
#10076=EDGE_CURVE('',#665,#699,#10079,.T.);
#10077=LINE('',#698,#10080);
#10078=LINE('',#666,#10081);
#10079=LINE('',#664,#10082);
#10080=VECTOR('',#10083,1.0);
#10081=VECTOR('',#10084,1.0);
#10082=VECTOR('',#10085,1.0);
#10083=DIRECTION('',(0.9996927813891635,0.02478594033717966,0));
#10084=DIRECTION('',(-0.4961390378786113,0.8682430852548646,0));
#10085=DIRECTION('',(-0.8334882437339179,-0.5525371911078466,0));
#10086=FACE_SURFACE('',(#10091),#10087,.T.);
#10087=PLANE('',#10088);
#10088=AXIS2_PLACEMENT_3D('',#668,#10089,#10090);
#10089=DIRECTION('',(0,0,1));
#10090=DIRECTION('',(-0.2605234323181932,0.965467524680736,0));
#10091=FACE_BOUND('',#10092,.T.);
#10092=EDGE_LOOP('',(#10093,#10094,#10095));
#10093=ORIENTED_EDGE('',*,*,#10096,.T.);
#10094=ORIENTED_EDGE('',*,*,#10097,.T.);
#10095=ORIENTED_EDGE('',*,*,#10098,.T.);
#10096=EDGE_CURVE('',#669,#637,#10099,.F.);
#10097=EDGE_CURVE('',#637,#645,#10100,.T.);
#10098=EDGE_CURVE('',#645,#669,#10101,.T.);
#10099=LINE('',#668,#10102);
#10100=LINE('',#636,#10103);
#10101=LINE('',#644,#10104);
#10102=VECTOR('',#10105,1.0);
#10103=VECTOR('',#10106,1.0);
#10104=VECTOR('',#10107,1.0);
#10105=DIRECTION('',(-0.2605234323181932,0.965467524680736,0));
#10106=DIRECTION('',(-0.628722098688821,-0.7776300679759782,0));
#10107=DIRECTION('',(0.9486832372484204,0.3162279484230597,0));
#10108=FACE_SURFACE('',(#10113),#10109,.T.);
#10109=PLANE('',#10110);
#10110=AXIS2_PLACEMENT_3D('',#658,#10111,#10112);
#10111=DIRECTION('',(0,-0,1));
#10112=DIRECTION('',(0.35465411825735477,0.9349975702658795,0));
#10113=FACE_BOUND('',#10114,.T.);
#10114=EDGE_LOOP('',(#10115,#10116,#10117));
#10115=ORIENTED_EDGE('',*,*,#10118,.T.);
#10116=ORIENTED_EDGE('',*,*,#10119,.T.);
#10117=ORIENTED_EDGE('',*,*,#10120,.T.);
#10118=EDGE_CURVE('',#659,#187,#10121,.F.);
#10119=EDGE_CURVE('',#187,#663,#10122,.T.);
#10120=EDGE_CURVE('',#663,#659,#10123,.T.);
#10121=LINE('',#658,#10124);
#10122=LINE('',#186,#10125);
#10123=LINE('',#662,#10126);
#10124=VECTOR('',#10127,1.0);
#10125=VECTOR('',#10128,1.0);
#10126=VECTOR('',#10129,1.0);
#10127=DIRECTION('',(0.35465411825735477,0.9349975702658795,0));
#10128=DIRECTION('',(-0.9299055410764522,-0.3677984294084337,0));
#10129=DIRECTION('',(0.947740606808019,-0.31904191293177747,0));
#10130=FACE_SURFACE('',(#10135),#10131,.T.);
#10131=PLANE('',#10132);
#10132=AXIS2_PLACEMENT_3D('',#700,#10133,#10134);
#10133=DIRECTION('',(0,0,1));
#10134=DIRECTION('',(0.9874924445704126,0.15766633095353777,0));
#10135=FACE_BOUND('',#10136,.T.);
#10136=EDGE_LOOP('',(#10137,#10138,#10139));
#10137=ORIENTED_EDGE('',*,*,#10140,.T.);
#10138=ORIENTED_EDGE('',*,*,#10141,.T.);
#10139=ORIENTED_EDGE('',*,*,#10142,.T.);
#10140=EDGE_CURVE('',#701,#655,#10143,.F.);
#10141=EDGE_CURVE('',#655,#699,#10144,.T.);
#10142=EDGE_CURVE('',#699,#701,#10145,.T.);
#10143=LINE('',#700,#10146);
#10144=LINE('',#654,#10147);
#10145=LINE('',#698,#10148);
#10146=VECTOR('',#10149,1.0);
#10147=VECTOR('',#10150,1.0);
#10148=VECTOR('',#10151,1.0);
#10149=DIRECTION('',(0.9874924445704126,0.15766633095353777,0));
#10150=DIRECTION('',(-0.5999997065618861,0.8000002200785015,0));
#10151=DIRECTION('',(-0.7479249279025614,-0.6637833247543572,0));
#10152=FACE_SURFACE('',(#10157),#10153,.T.);
#10153=PLANE('',#10154);
#10154=AXIS2_PLACEMENT_3D('',#644,#10155,#10156);
#10155=DIRECTION('',(0,0,1));
#10156=DIRECTION('',(-0.3846161659601723,0.9230765975162069,0));
#10157=FACE_BOUND('',#10158,.T.);
#10158=EDGE_LOOP('',(#10159,#10160,#10161));
#10159=ORIENTED_EDGE('',*,*,#10162,.T.);
#10160=ORIENTED_EDGE('',*,*,#10163,.T.);
#10161=ORIENTED_EDGE('',*,*,#10164,.T.);
#10162=EDGE_CURVE('',#645,#643,#10165,.F.);
#10163=EDGE_CURVE('',#643,#667,#10166,.T.);
#10164=EDGE_CURVE('',#667,#645,#10167,.T.);
#10165=LINE('',#644,#10168);
#10166=LINE('',#642,#10169);
#10167=LINE('',#666,#10170);
#10168=VECTOR('',#10171,1.0);
#10169=VECTOR('',#10172,1.0);
#10170=VECTOR('',#10173,1.0);
#10171=DIRECTION('',(-0.3846161659601723,0.9230765975162069,0));
#10172=DIRECTION('',(-0.5217850395063707,-0.8530770027068688,0));
#10173=DIRECTION('',(0.8984739355484574,0.4390268638022807,0));
#10174=FACE_SURFACE('',(#10179),#10175,.T.);
#10175=PLANE('',#10176);
#10176=AXIS2_PLACEMENT_3D('',#578,#10177,#10178);
#10177=DIRECTION('',(0.43902710385117194,0.8984738182518466,0));
#10178=DIRECTION('',(-0.8984738182518467,0.439027103851172,0));
#10179=FACE_BOUND('',#10180,.T.);
#10180=EDGE_LOOP('',(#10181,#10182,#10183));
#10181=ORIENTED_EDGE('',*,*,#10184,.T.);
#10182=ORIENTED_EDGE('',*,*,#10185,.T.);
#10183=ORIENTED_EDGE('',*,*,#10186,.T.);
#10184=EDGE_CURVE('',#579,#583,#10187,.F.);
#10185=EDGE_CURVE('',#583,#703,#10188,.T.);
#10186=EDGE_CURVE('',#703,#579,#10189,.T.);
#10187=LINE('',#578,#10190);
#10188=LINE('',#582,#10191);
#10189=LINE('',#702,#10192);
#10190=VECTOR('',#10193,1.0);
#10191=VECTOR('',#10194,1.0);
#10192=VECTOR('',#10195,1.0);
#10193=DIRECTION('',(-0.8984738182518467,0.439027103851172,0));
#10194=DIRECTION('',(0,0,1));
#10195=DIRECTION('',(0.05558945780715044,-0.027163038220986046,-0.9980841555376543));
#10196=FACE_SURFACE('',(#10201),#10197,.T.);
#10197=PLANE('',#10198);
#10198=AXIS2_PLACEMENT_3D('',#578,#10199,#10200);
#10199=DIRECTION('',(0.43902710385117194,0.8984738182518466,-0));
#10200=DIRECTION('',(-0.05558945780715044,0.027163038220986046,0.9980841555376543));
#10201=FACE_BOUND('',#10202,.T.);
#10202=EDGE_LOOP('',(#10203,#10204,#10205));
#10203=ORIENTED_EDGE('',*,*,#10206,.T.);
#10204=ORIENTED_EDGE('',*,*,#10207,.T.);
#10205=ORIENTED_EDGE('',*,*,#10208,.T.);
#10206=EDGE_CURVE('',#579,#703,#10209,.F.);
#10207=EDGE_CURVE('',#703,#653,#10210,.T.);
#10208=EDGE_CURVE('',#653,#579,#10211,.T.);
#10209=LINE('',#578,#10212);
#10210=LINE('',#702,#10213);
#10211=LINE('',#652,#10214);
#10212=VECTOR('',#10215,1.0);
#10213=VECTOR('',#10216,1.0);
#10214=VECTOR('',#10217,1.0);
#10215=DIRECTION('',(-0.05558945780715044,0.027163038220986046,0.9980841555376543));
#10216=DIRECTION('',(0.8984738182518467,-0.439027103851172,0));
#10217=DIRECTION('',(0,0,-1));
#10218=FACE_SURFACE('',(#10223),#10219,.T.);
#10219=PLANE('',#10220);
#10220=AXIS2_PLACEMENT_3D('',#206,#10221,#10222);
#10221=DIRECTION('',(0,0,1));
#10222=DIRECTION('',(-0.7949512618702594,-0.6066732986137449,0));
#10223=FACE_BOUND('',#10224,.T.);
#10224=EDGE_LOOP('',(#10225,#10226,#10227));
#10225=ORIENTED_EDGE('',*,*,#10228,.T.);
#10226=ORIENTED_EDGE('',*,*,#10229,.T.);
#10227=ORIENTED_EDGE('',*,*,#10230,.T.);
#10228=EDGE_CURVE('',#207,#705,#10231,.F.);
#10229=EDGE_CURVE('',#705,#707,#10232,.T.);
#10230=EDGE_CURVE('',#707,#207,#10233,.T.);
#10231=LINE('',#206,#10234);
#10232=LINE('',#704,#10235);
#10233=LINE('',#706,#10236);
#10234=VECTOR('',#10237,1.0);
#10235=VECTOR('',#10238,1.0);
#10236=VECTOR('',#10239,1.0);
#10237=DIRECTION('',(-0.7949512618702594,-0.6066732986137449,0));
#10238=DIRECTION('',(0.9978266338577131,-0.06589392054040595,0));
#10239=DIRECTION('',(0.08480001724532457,0.9963979913042743,0));
#10240=FACE_SURFACE('',(#10245),#10241,.T.);
#10241=PLANE('',#10242);
#10242=AXIS2_PLACEMENT_3D('',#662,#10243,#10244);
#10243=DIRECTION('',(0,-0,1));
#10244=DIRECTION('',(0.22253611349096028,0.9749244474277678,0));
#10245=FACE_BOUND('',#10246,.T.);
#10246=EDGE_LOOP('',(#10247,#10248,#10249));
#10247=ORIENTED_EDGE('',*,*,#10250,.T.);
#10248=ORIENTED_EDGE('',*,*,#10251,.T.);
#10249=ORIENTED_EDGE('',*,*,#10252,.T.);
#10250=EDGE_CURVE('',#663,#203,#10253,.F.);
#10251=EDGE_CURVE('',#203,#707,#10254,.T.);
#10252=EDGE_CURVE('',#707,#663,#10255,.T.);
#10253=LINE('',#662,#10256);
#10254=LINE('',#202,#10257);
#10255=LINE('',#706,#10258);
#10256=VECTOR('',#10259,1.0);
#10257=VECTOR('',#10260,1.0);
#10258=VECTOR('',#10261,1.0);
#10259=DIRECTION('',(0.22253611349096028,0.9749244474277678,0));
#10260=DIRECTION('',(-0.8712059167194751,-0.49091776365597023,0));
#10261=DIRECTION('',(0.9805806328724721,-0.19611634923030272,0));
#10262=FACE_SURFACE('',(#10267),#10263,.T.);
#10263=PLANE('',#10264);
#10264=AXIS2_PLACEMENT_3D('',#202,#10265,#10266);
#10265=DIRECTION('',(0,0,1));
#10266=DIRECTION('',(-0.9815286768661731,0.19131507125508856,0));
#10267=FACE_BOUND('',#10268,.T.);
#10268=EDGE_LOOP('',(#10269,#10270,#10271));
#10269=ORIENTED_EDGE('',*,*,#10272,.T.);
#10270=ORIENTED_EDGE('',*,*,#10273,.T.);
#10271=ORIENTED_EDGE('',*,*,#10274,.T.);
#10272=EDGE_CURVE('',#203,#207,#10275,.F.);
#10273=EDGE_CURVE('',#207,#707,#10276,.T.);
#10274=EDGE_CURVE('',#707,#203,#10277,.T.);
#10275=LINE('',#202,#10278);
#10276=LINE('',#206,#10279);
#10277=LINE('',#706,#10280);
#10278=VECTOR('',#10281,1.0);
#10279=VECTOR('',#10282,1.0);
#10280=VECTOR('',#10283,1.0);
#10281=DIRECTION('',(-0.9815286768661731,0.19131507125508856,0));
#10282=DIRECTION('',(-0.08480001724532457,-0.9963979913042743,0));
#10283=DIRECTION('',(0.8712059167194751,0.49091776365597023,0));
#10284=FACE_SURFACE('',(#10289),#10285,.T.);
#10285=PLANE('',#10286);
#10286=AXIS2_PLACEMENT_3D('',#708,#10287,#10288);
#10287=DIRECTION('',(0.31622776601683794,0.9486832980505138,0));
#10288=DIRECTION('',(0.9486832980505138,-0.31622776601683794,0));
#10289=FACE_BOUND('',#10290,.T.);
#10290=EDGE_LOOP('',(#10291,#10292,#10293));
#10291=ORIENTED_EDGE('',*,*,#10294,.T.);
#10292=ORIENTED_EDGE('',*,*,#10295,.T.);
#10293=ORIENTED_EDGE('',*,*,#10296,.T.);
#10294=EDGE_CURVE('',#709,#703,#10297,.F.);
#10295=EDGE_CURVE('',#703,#615,#10298,.T.);
#10296=EDGE_CURVE('',#615,#709,#10299,.T.);
#10297=LINE('',#708,#10300);
#10298=LINE('',#702,#10301);
#10299=LINE('',#614,#10302);
#10300=VECTOR('',#10303,1.0);
#10301=VECTOR('',#10304,1.0);
#10302=VECTOR('',#10305,1.0);
#10303=DIRECTION('',(0.9486832980505138,-0.31622776601683794,0));
#10304=DIRECTION('',(-0.058747824639136324,0.01958260821304544,-0.9980807655474299));
#10305=DIRECTION('',(0,0,1));
#10306=FACE_SURFACE('',(#10311),#10307,.T.);
#10307=PLANE('',#10308);
#10308=AXIS2_PLACEMENT_3D('',#582,#10309,#10310);
#10309=DIRECTION('',(0.31622776601683794,0.9486832980505138,-0));
#10310=DIRECTION('',(-0.9486832980505138,0.31622776601683794,0));
#10311=FACE_BOUND('',#10312,.T.);
#10312=EDGE_LOOP('',(#10313,#10314,#10315));
#10313=ORIENTED_EDGE('',*,*,#10316,.T.);
#10314=ORIENTED_EDGE('',*,*,#10317,.T.);
#10315=ORIENTED_EDGE('',*,*,#10318,.T.);
#10316=EDGE_CURVE('',#583,#615,#10319,.F.);
#10317=EDGE_CURVE('',#615,#703,#10320,.T.);
#10318=EDGE_CURVE('',#703,#583,#10321,.T.);
#10319=LINE('',#582,#10322);
#10320=LINE('',#614,#10323);
#10321=LINE('',#702,#10324);
#10322=VECTOR('',#10325,1.0);
#10323=VECTOR('',#10326,1.0);
#10324=VECTOR('',#10327,1.0);
#10325=DIRECTION('',(-0.9486832980505138,0.31622776601683794,0));
#10326=DIRECTION('',(0.058747824639136324,-0.01958260821304544,0.9980807655474299));
#10327=DIRECTION('',(0,0,-1));
#10328=FACE_SURFACE('',(#10333),#10329,.T.);
#10329=PLANE('',#10330);
#10330=AXIS2_PLACEMENT_3D('',#710,#10331,#10332);
#10331=DIRECTION('',(-0,0,1));
#10332=DIRECTION('',(0.7999996698818947,-0.6000004401572214,0));
#10333=FACE_BOUND('',#10334,.T.);
#10334=EDGE_LOOP('',(#10335,#10336,#10337));
#10335=ORIENTED_EDGE('',*,*,#10338,.T.);
#10336=ORIENTED_EDGE('',*,*,#10339,.T.);
#10337=ORIENTED_EDGE('',*,*,#10340,.T.);
#10338=EDGE_CURVE('',#711,#713,#10341,.F.);
#10339=EDGE_CURVE('',#713,#701,#10342,.T.);
#10340=EDGE_CURVE('',#701,#711,#10343,.T.);
#10341=LINE('',#710,#10344);
#10342=LINE('',#712,#10345);
#10343=LINE('',#700,#10346);
#10344=VECTOR('',#10347,1.0);
#10345=VECTOR('',#10348,1.0);
#10346=VECTOR('',#10349,1.0);
#10347=DIRECTION('',(0.7999996698818947,-0.6000004401572214,0));
#10348=DIRECTION('',(0.15766693891873107,0.9874923475004742,0));
#10349=DIRECTION('',(-0.6637832039630626,-0.74792503510481,0));
#10350=FACE_SURFACE('',(#10355),#10351,.T.);
#10351=PLANE('',#10352);
#10352=AXIS2_PLACEMENT_3D('',#666,#10353,#10354);
#10353=DIRECTION('',(0,0,1));
#10354=DIRECTION('',(-0.9996927813891635,-0.02478594033717966,0));
#10355=FACE_BOUND('',#10356,.T.);
#10356=EDGE_LOOP('',(#10357,#10358,#10359));
#10357=ORIENTED_EDGE('',*,*,#10360,.T.);
#10358=ORIENTED_EDGE('',*,*,#10361,.T.);
#10359=ORIENTED_EDGE('',*,*,#10362,.T.);
#10360=EDGE_CURVE('',#667,#699,#10363,.F.);
#10361=EDGE_CURVE('',#699,#655,#10364,.T.);
#10362=EDGE_CURVE('',#655,#667,#10365,.T.);
#10363=LINE('',#666,#10366);
#10364=LINE('',#698,#10367);
#10365=LINE('',#654,#10368);
#10366=VECTOR('',#10369,1.0);
#10367=VECTOR('',#10370,1.0);
#10368=VECTOR('',#10371,1.0);
#10369=DIRECTION('',(-0.9996927813891635,-0.02478594033717966,0));
#10370=DIRECTION('',(0.5999997065618861,-0.8000002200785015,0));
#10371=DIRECTION('',(0.8304886124426296,0.5570356044303771,0));
#10372=FACE_SURFACE('',(#10377),#10373,.T.);
#10373=PLANE('',#10374);
#10374=AXIS2_PLACEMENT_3D('',#198,#10375,#10376);
#10375=DIRECTION('',(0.5547001962252291,-0.8320502943378436,0));
#10376=DIRECTION('',(0.8320502943378436,0.554700196225229,0));
#10377=FACE_BOUND('',#10378,.T.);
#10378=EDGE_LOOP('',(#10379,#10380,#10381));
#10379=ORIENTED_EDGE('',*,*,#10382,.T.);
#10380=ORIENTED_EDGE('',*,*,#10383,.T.);
#10381=ORIENTED_EDGE('',*,*,#10384,.T.);
#10382=EDGE_CURVE('',#199,#195,#10385,.F.);
#10383=EDGE_CURVE('',#195,#685,#10386,.T.);
#10384=EDGE_CURVE('',#685,#199,#10387,.T.);
#10385=LINE('',#198,#10388);
#10386=LINE('',#194,#10389);
#10387=LINE('',#684,#10390);
#10388=VECTOR('',#10391,1.0);
#10389=VECTOR('',#10392,1.0);
#10390=VECTOR('',#10393,1.0);
#10391=DIRECTION('',(0.8320502943378436,0.554700196225229,0));
#10392=DIRECTION('',(0,0,1));
#10393=DIRECTION('',(-0.13008772328626497,-0.08672514885750998,-0.9877023503089576));
#10394=FACE_SURFACE('',(#10399),#10395,.T.);
#10395=PLANE('',#10396);
#10396=AXIS2_PLACEMENT_3D('',#620,#10397,#10398);
#10397=DIRECTION('',(0.2039541570208053,0.9789804399649323,0));
#10398=DIRECTION('',(0.9789804399649324,-0.20395415702080533,0));
#10399=FACE_BOUND('',#10400,.T.);
#10400=EDGE_LOOP('',(#10401,#10402,#10403));
#10401=ORIENTED_EDGE('',*,*,#10404,.T.);
#10402=ORIENTED_EDGE('',*,*,#10405,.T.);
#10403=ORIENTED_EDGE('',*,*,#10406,.T.);
#10404=EDGE_CURVE('',#621,#709,#10407,.F.);
#10405=EDGE_CURVE('',#709,#615,#10408,.T.);
#10406=EDGE_CURVE('',#615,#621,#10409,.T.);
#10407=LINE('',#620,#10410);
#10408=LINE('',#708,#10411);
#10409=LINE('',#614,#10412);
#10410=VECTOR('',#10413,1.0);
#10411=VECTOR('',#10414,1.0);
#10412=VECTOR('',#10415,1.0);
#10413=DIRECTION('',(0.9789804399649324,-0.20395415702080533,0));
#10414=DIRECTION('',(0,0,-1));
#10415=DIRECTION('',(-0.060642780248546885,0.012633906276445485,0.9980795747914714));
#10416=FACE_SURFACE('',(#10421),#10417,.T.);
#10417=PLANE('',#10418);
#10418=AXIS2_PLACEMENT_3D('',#654,#10419,#10420);
#10419=DIRECTION('',(0,0,1));
#10420=DIRECTION('',(-0.9874924445704126,-0.15766633095353777,0));
#10421=FACE_BOUND('',#10422,.T.);
#10422=EDGE_LOOP('',(#10423,#10424,#10425));
#10423=ORIENTED_EDGE('',*,*,#10426,.T.);
#10424=ORIENTED_EDGE('',*,*,#10427,.T.);
#10425=ORIENTED_EDGE('',*,*,#10428,.T.);
#10426=EDGE_CURVE('',#655,#701,#10429,.F.);
#10427=EDGE_CURVE('',#701,#661,#10430,.T.);
#10428=EDGE_CURVE('',#661,#655,#10431,.T.);
#10429=LINE('',#654,#10432);
#10430=LINE('',#700,#10433);
#10431=LINE('',#660,#10434);
#10432=VECTOR('',#10435,1.0);
#10433=VECTOR('',#10436,1.0);
#10434=VECTOR('',#10437,1.0);
#10435=DIRECTION('',(-0.9874924445704126,-0.15766633095353777,0));
#10436=DIRECTION('',(0.7071065521274958,-0.7071070102455249,0));
#10437=DIRECTION('',(0.7468449714054195,0.6649981869798129,0));
#10438=FACE_SURFACE('',(#10443),#10439,.T.);
#10439=PLANE('',#10440);
#10440=AXIS2_PLACEMENT_3D('',#714,#10441,#10442);
#10441=DIRECTION('',(-0,0,1));
#10442=DIRECTION('',(0.8615385492769143,-0.5076921588027824,0));
#10443=FACE_BOUND('',#10444,.T.);
#10444=EDGE_LOOP('',(#10445,#10446,#10447));
#10445=ORIENTED_EDGE('',*,*,#10448,.T.);
#10446=ORIENTED_EDGE('',*,*,#10449,.T.);
#10447=ORIENTED_EDGE('',*,*,#10450,.T.);
#10448=EDGE_CURVE('',#715,#717,#10451,.F.);
#10449=EDGE_CURVE('',#717,#711,#10452,.T.);
#10450=EDGE_CURVE('',#711,#715,#10453,.T.);
#10451=LINE('',#714,#10454);
#10452=LINE('',#716,#10455);
#10453=LINE('',#710,#10456);
#10454=VECTOR('',#10457,1.0);
#10455=VECTOR('',#10458,1.0);
#10456=VECTOR('',#10459,1.0);
#10457=DIRECTION('',(0.8615385492769143,-0.5076921588027824,0));
#10458=DIRECTION('',(0.024785688163002605,0.9996927876414266,0));
#10459=DIRECTION('',(-0.5568761744497375,-0.8305955251084763,0));
#10460=FACE_SURFACE('',(#10465),#10461,.T.);
#10461=PLANE('',#10462);
#10462=AXIS2_PLACEMENT_3D('',#686,#10463,#10464);
#10463=DIRECTION('',(0.6520385830085653,-0.7581857861158979,0));
#10464=DIRECTION('',(-0.758185786115898,-0.6520385830085654,0));
#10465=FACE_BOUND('',#10466,.T.);
#10466=EDGE_LOOP('',(#10467,#10468,#10469));
#10467=ORIENTED_EDGE('',*,*,#10470,.T.);
#10468=ORIENTED_EDGE('',*,*,#10471,.T.);
#10469=ORIENTED_EDGE('',*,*,#10472,.T.);
#10470=EDGE_CURVE('',#687,#685,#10473,.F.);
#10471=EDGE_CURVE('',#685,#191,#10474,.T.);
#10472=EDGE_CURVE('',#191,#687,#10475,.T.);
#10473=LINE('',#686,#10476);
#10474=LINE('',#684,#10477);
#10475=LINE('',#190,#10478);
#10476=VECTOR('',#10479,1.0);
#10477=VECTOR('',#10480,1.0);
#10478=VECTOR('',#10481,1.0);
#10479=DIRECTION('',(-0.758185786115898,-0.6520385830085654,0));
#10480=DIRECTION('',(0.12040386713976066,0.1035471362774403,-0.9873099307444102));
#10481=DIRECTION('',(0,0,1));
#10482=FACE_SURFACE('',(#10487),#10483,.T.);
#10483=PLANE('',#10484);
#10484=AXIS2_PLACEMENT_3D('',#194,#10485,#10486);
#10485=DIRECTION('',(0.6520385830085653,-0.7581857861158979,0));
#10486=DIRECTION('',(0.758185786115898,0.6520385830085654,0));
#10487=FACE_BOUND('',#10488,.T.);
#10488=EDGE_LOOP('',(#10489,#10490,#10491));
#10489=ORIENTED_EDGE('',*,*,#10492,.T.);
#10490=ORIENTED_EDGE('',*,*,#10493,.T.);
#10491=ORIENTED_EDGE('',*,*,#10494,.T.);
#10492=EDGE_CURVE('',#195,#191,#10495,.F.);
#10493=EDGE_CURVE('',#191,#685,#10496,.T.);
#10494=EDGE_CURVE('',#685,#195,#10497,.T.);
#10495=LINE('',#194,#10498);
#10496=LINE('',#190,#10499);
#10497=LINE('',#684,#10500);
#10498=VECTOR('',#10501,1.0);
#10499=VECTOR('',#10502,1.0);
#10500=VECTOR('',#10503,1.0);
#10501=DIRECTION('',(0.758185786115898,0.6520385830085654,0));
#10502=DIRECTION('',(-0.12040386713976066,-0.1035471362774403,0.9873099307444102));
#10503=DIRECTION('',(0,0,-1));
#10504=FACE_SURFACE('',(#10509),#10505,.T.);
#10505=PLANE('',#10506);
#10506=AXIS2_PLACEMENT_3D('',#320,#10507,#10508);
#10507=DIRECTION('',(-0,0,1));
#10508=DIRECTION('',(0.9970544737892857,-0.07669665114443218,0));
#10509=FACE_BOUND('',#10510,.T.);
#10510=EDGE_LOOP('',(#10511,#10512,#10513));
#10511=ORIENTED_EDGE('',*,*,#10514,.T.);
#10512=ORIENTED_EDGE('',*,*,#10515,.T.);
#10513=ORIENTED_EDGE('',*,*,#10516,.T.);
#10514=EDGE_CURVE('',#321,#719,#10517,.F.);
#10515=EDGE_CURVE('',#719,#319,#10518,.T.);
#10516=EDGE_CURVE('',#319,#321,#10519,.T.);
#10517=LINE('',#320,#10520);
#10518=LINE('',#718,#10521);
#10519=LINE('',#318,#10522);
#10520=VECTOR('',#10523,1.0);
#10521=VECTOR('',#10524,1.0);
#10522=VECTOR('',#10525,1.0);
#10523=DIRECTION('',(0.9970544737892857,-0.07669665114443218,0));
#10524=DIRECTION('',(-0.5407578301384655,0.8411783218461699,0));
#10525=DIRECTION('',(-0.19131504886536743,-0.9815286812302747,0));
#10526=FACE_SURFACE('',(#10531),#10527,.T.);
#10527=PLANE('',#10528);
#10528=AXIS2_PLACEMENT_3D('',#720,#10529,#10530);
#10529=DIRECTION('',(0,0,1));
#10530=DIRECTION('',(-0.8963882948935478,0.443269697563276,0));
#10531=FACE_BOUND('',#10532,.T.);
#10532=EDGE_LOOP('',(#10533,#10534,#10535));
#10533=ORIENTED_EDGE('',*,*,#10536,.T.);
#10534=ORIENTED_EDGE('',*,*,#10537,.T.);
#10535=ORIENTED_EDGE('',*,*,#10538,.T.);
#10536=EDGE_CURVE('',#721,#309,#10539,.F.);
#10537=EDGE_CURVE('',#309,#723,#10540,.T.);
#10538=EDGE_CURVE('',#723,#721,#10541,.T.);
#10539=LINE('',#720,#10542);
#10540=LINE('',#308,#10543);
#10541=LINE('',#722,#10544);
#10542=VECTOR('',#10545,1.0);
#10543=VECTOR('',#10546,1.0);
#10544=VECTOR('',#10547,1.0);
#10545=DIRECTION('',(-0.8963882948935478,0.443269697563276,0));
#10546=DIRECTION('',(0.2978893662574699,-0.9546004009378599,0));
#10547=DIRECTION('',(0.4397136597088088,0.8981380169358638,0));
#10548=FACE_SURFACE('',(#10553),#10549,.T.);
#10549=PLANE('',#10550);
#10550=AXIS2_PLACEMENT_3D('',#318,#10551,#10552);
#10551=DIRECTION('',(-0,0,1));
#10552=DIRECTION('',(0.9794572176048463,-0.201652073834545,0));
#10553=FACE_BOUND('',#10554,.T.);
#10554=EDGE_LOOP('',(#10555,#10556,#10557));
#10555=ORIENTED_EDGE('',*,*,#10558,.T.);
#10556=ORIENTED_EDGE('',*,*,#10559,.T.);
#10557=ORIENTED_EDGE('',*,*,#10560,.T.);
#10558=EDGE_CURVE('',#319,#725,#10561,.F.);
#10559=EDGE_CURVE('',#725,#313,#10562,.T.);
#10560=EDGE_CURVE('',#313,#319,#10563,.T.);
#10561=LINE('',#318,#10564);
#10562=LINE('',#724,#10565);
#10563=LINE('',#312,#10566);
#10564=VECTOR('',#10567,1.0);
#10565=VECTOR('',#10568,1.0);
#10566=VECTOR('',#10569,1.0);
#10567=DIRECTION('',(0.9794572176048463,-0.201652073834545,0));
#10568=DIRECTION('',(-0.42547192039467446,0.9049716266025515,0));
#10569=DIRECTION('',(-0.32624839172885184,-0.9452840773515323,0));
#10570=FACE_SURFACE('',(#10575),#10571,.T.);
#10571=PLANE('',#10572);
#10572=AXIS2_PLACEMENT_3D('',#614,#10573,#10574);
#10573=DIRECTION('',(0.2039541570208053,0.9789804399649323,0));
#10574=DIRECTION('',(-0.9789804399649324,0.20395415702080533,0));
#10575=FACE_BOUND('',#10576,.T.);
#10576=EDGE_LOOP('',(#10577,#10578,#10579));
#10577=ORIENTED_EDGE('',*,*,#10580,.T.);
#10578=ORIENTED_EDGE('',*,*,#10581,.T.);
#10579=ORIENTED_EDGE('',*,*,#10582,.T.);
#10580=EDGE_CURVE('',#615,#511,#10583,.F.);
#10581=EDGE_CURVE('',#511,#621,#10584,.T.);
#10582=EDGE_CURVE('',#621,#615,#10585,.T.);
#10583=LINE('',#614,#10586);
#10584=LINE('',#510,#10587);
#10585=LINE('',#620,#10588);
#10586=VECTOR('',#10589,1.0);
#10587=VECTOR('',#10590,1.0);
#10588=VECTOR('',#10591,1.0);
#10589=DIRECTION('',(-0.9789804399649324,0.20395415702080533,0));
#10590=DIRECTION('',(0,0,1));
#10591=DIRECTION('',(0.060642780248546885,-0.012633906276445485,-0.9980795747914714));
#10592=FACE_SURFACE('',(#10597),#10593,.T.);
#10593=PLANE('',#10594);
#10594=AXIS2_PLACEMENT_3D('',#660,#10595,#10596);
#10595=DIRECTION('',(0,0,1));
#10596=DIRECTION('',(-0.7071065521274958,0.7071070102455249,0));
#10597=FACE_BOUND('',#10598,.T.);
#10598=EDGE_LOOP('',(#10599,#10600,#10601));
#10599=ORIENTED_EDGE('',*,*,#10602,.T.);
#10600=ORIENTED_EDGE('',*,*,#10603,.T.);
#10601=ORIENTED_EDGE('',*,*,#10604,.T.);
#10602=EDGE_CURVE('',#661,#701,#10605,.F.);
#10603=EDGE_CURVE('',#701,#713,#10606,.T.);
#10604=EDGE_CURVE('',#713,#661,#10607,.T.);
#10605=LINE('',#660,#10608);
#10606=LINE('',#700,#10609);
#10607=LINE('',#712,#10610);
#10608=VECTOR('',#10611,1.0);
#10609=VECTOR('',#10612,1.0);
#10610=VECTOR('',#10613,1.0);
#10611=DIRECTION('',(-0.7071065521274958,0.7071070102455249,0));
#10612=DIRECTION('',(-0.15766693891873107,-0.9874923475004742,0));
#10613=DIRECTION('',(0.6649982242549564,0.7468449382152597,0));
#10614=FACE_SURFACE('',(#10619),#10615,.T.);
#10615=PLANE('',#10616);
#10616=AXIS2_PLACEMENT_3D('',#726,#10617,#10618);
#10617=DIRECTION('',(0,-0,1));
#10618=DIRECTION('',(0.439027349482595,0.8984736982273256,0));
#10619=FACE_BOUND('',#10620,.T.);
#10620=EDGE_LOOP('',(#10621,#10622,#10623));
#10621=ORIENTED_EDGE('',*,*,#10624,.T.);
#10622=ORIENTED_EDGE('',*,*,#10625,.T.);
#10623=ORIENTED_EDGE('',*,*,#10626,.T.);
#10624=EDGE_CURVE('',#727,#717,#10627,.F.);
#10625=EDGE_CURVE('',#717,#729,#10628,.T.);
#10626=EDGE_CURVE('',#729,#727,#10629,.T.);
#10627=LINE('',#726,#10630);
#10628=LINE('',#716,#10631);
#10629=LINE('',#728,#10632);
#10630=VECTOR('',#10633,1.0);
#10631=VECTOR('',#10634,1.0);
#10632=VECTOR('',#10635,1.0);
#10633=DIRECTION('',(0.439027349482595,0.8984736982273256,0));
#10634=DIRECTION('',(-0.8530772043138287,-0.5217847098948972,0));
#10635=DIRECTION('',(0.9230770587269593,-0.3846150590551358,0));
#10636=FACE_SURFACE('',(#10641),#10637,.T.);
#10637=PLANE('',#10638);
#10638=AXIS2_PLACEMENT_3D('',#190,#10639,#10640);
#10639=DIRECTION('',(0.7581854018497268,-0.6520390298302459,0));
#10640=DIRECTION('',(0.6520390298302459,0.7581854018497268,0));
#10641=FACE_BOUND('',#10642,.T.);
#10642=EDGE_LOOP('',(#10643,#10644,#10645));
#10643=ORIENTED_EDGE('',*,*,#10646,.T.);
#10644=ORIENTED_EDGE('',*,*,#10647,.T.);
#10645=ORIENTED_EDGE('',*,*,#10648,.T.);
#10646=EDGE_CURVE('',#191,#235,#10649,.F.);
#10647=EDGE_CURVE('',#235,#689,#10650,.T.);
#10648=EDGE_CURVE('',#689,#191,#10651,.T.);
#10649=LINE('',#190,#10652);
#10650=LINE('',#234,#10653);
#10651=LINE('',#688,#10654);
#10652=VECTOR('',#10655,1.0);
#10653=VECTOR('',#10656,1.0);
#10654=VECTOR('',#10657,1.0);
#10655=DIRECTION('',(0.6520390298302459,0.7581854018497268,0));
#10656=DIRECTION('',(0,0,1));
#10657=DIRECTION('',(-0.10354713806692585,-0.12040372568816984,-0.9873099478069474));
#10658=FACE_SURFACE('',(#10663),#10659,.T.);
#10659=PLANE('',#10660);
#10660=AXIS2_PLACEMENT_3D('',#190,#10661,#10662);
#10661=DIRECTION('',(0.7581854018497268,-0.6520390298302459,0));
#10662=DIRECTION('',(0.10354713806692585,0.12040372568816984,0.9873099478069474));
#10663=FACE_BOUND('',#10664,.T.);
#10664=EDGE_LOOP('',(#10665,#10666,#10667));
#10665=ORIENTED_EDGE('',*,*,#10668,.T.);
#10666=ORIENTED_EDGE('',*,*,#10669,.T.);
#10667=ORIENTED_EDGE('',*,*,#10670,.T.);
#10668=EDGE_CURVE('',#191,#689,#10671,.F.);
#10669=EDGE_CURVE('',#689,#687,#10672,.T.);
#10670=EDGE_CURVE('',#687,#191,#10673,.T.);
#10671=LINE('',#190,#10674);
#10672=LINE('',#688,#10675);
#10673=LINE('',#686,#10676);
#10674=VECTOR('',#10677,1.0);
#10675=VECTOR('',#10678,1.0);
#10676=VECTOR('',#10679,1.0);
#10677=DIRECTION('',(0.10354713806692585,0.12040372568816984,0.9873099478069474));
#10678=DIRECTION('',(-0.6520390298302459,-0.7581854018497268,0));
#10679=DIRECTION('',(0,0,-1));
#10680=FACE_SURFACE('',(#10685),#10681,.T.);
#10681=PLANE('',#10682);
#10682=AXIS2_PLACEMENT_3D('',#272,#10683,#10684);
#10683=DIRECTION('',(-0,0,1));
#10684=DIRECTION('',(0.44308691354748586,-0.8964786595580303,0));
#10685=FACE_BOUND('',#10686,.T.);
#10686=EDGE_LOOP('',(#10687,#10688,#10689));
#10687=ORIENTED_EDGE('',*,*,#10690,.T.);
#10688=ORIENTED_EDGE('',*,*,#10691,.T.);
#10689=ORIENTED_EDGE('',*,*,#10692,.T.);
#10690=EDGE_CURVE('',#273,#731,#10693,.F.);
#10691=EDGE_CURVE('',#731,#259,#10694,.T.);
#10692=EDGE_CURVE('',#259,#273,#10695,.T.);
#10693=LINE('',#272,#10696);
#10694=LINE('',#730,#10697);
#10695=LINE('',#258,#10698);
#10696=VECTOR('',#10699,1.0);
#10697=VECTOR('',#10700,1.0);
#10698=VECTOR('',#10701,1.0);
#10699=DIRECTION('',(0.44308691354748586,-0.8964786595580303,0));
#10700=DIRECTION('',(0.48564275562666676,0.8741573736503844,0));
#10701=DIRECTION('',(-0.9452839377837652,-0.32624879611734786,0));
#10702=FACE_SURFACE('',(#10707),#10703,.T.);
#10703=PLANE('',#10704);
#10704=AXIS2_PLACEMENT_3D('',#258,#10705,#10706);
#10705=DIRECTION('',(-0,0,1));
#10706=DIRECTION('',(0.319316389459767,-0.9476481643639576,0));
#10707=FACE_BOUND('',#10708,.T.);
#10708=EDGE_LOOP('',(#10709,#10710,#10711));
#10709=ORIENTED_EDGE('',*,*,#10712,.T.);
#10710=ORIENTED_EDGE('',*,*,#10713,.T.);
#10711=ORIENTED_EDGE('',*,*,#10714,.T.);
#10712=EDGE_CURVE('',#259,#733,#10715,.F.);
#10713=EDGE_CURVE('',#733,#221,#10716,.T.);
#10714=EDGE_CURVE('',#221,#259,#10717,.T.);
#10715=LINE('',#258,#10718);
#10716=LINE('',#732,#10719);
#10717=LINE('',#220,#10720);
#10718=VECTOR('',#10721,1.0);
#10719=VECTOR('',#10722,1.0);
#10720=VECTOR('',#10723,1.0);
#10721=DIRECTION('',(0.319316389459767,-0.9476481643639576,0));
#10722=DIRECTION('',(0.6033235103415755,0.7974965466189298,0));
#10723=DIRECTION('',(-0.9815287131596976,-0.19131488505358935,0));
#10724=FACE_SURFACE('',(#10729),#10725,.T.);
#10725=PLANE('',#10726);
#10726=AXIS2_PLACEMENT_3D('',#280,#10727,#10728);
#10727=DIRECTION('',(-0,0,1));
#10728=DIRECTION('',(0.5617513493855478,-0.827306123187491,0));
#10729=FACE_BOUND('',#10730,.T.);
#10730=EDGE_LOOP('',(#10731,#10732,#10733));
#10731=ORIENTED_EDGE('',*,*,#10734,.T.);
#10732=ORIENTED_EDGE('',*,*,#10735,.T.);
#10733=ORIENTED_EDGE('',*,*,#10736,.T.);
#10734=EDGE_CURVE('',#281,#735,#10737,.F.);
#10735=EDGE_CURVE('',#735,#273,#10738,.T.);
#10736=EDGE_CURVE('',#273,#281,#10739,.T.);
#10737=LINE('',#280,#10740);
#10738=LINE('',#734,#10741);
#10739=LINE('',#272,#10742);
#10740=VECTOR('',#10743,1.0);
#10741=VECTOR('',#10744,1.0);
#10742=VECTOR('',#10745,1.0);
#10743=DIRECTION('',(0.5617513493855478,-0.827306123187491,0));
#10744=DIRECTION('',(0.3617747425695304,0.9322655392315807,0));
#10745=DIRECTION('',(-0.8960959412889052,-0.44386041049585734,0));
#10746=FACE_SURFACE('',(#10751),#10747,.T.);
#10747=PLANE('',#10748);
#10748=AXIS2_PLACEMENT_3D('',#220,#10749,#10750);
#10749=DIRECTION('',(-0,0,1));
#10750=DIRECTION('',(0.18807237304291607,-0.9821551723113849,0));
#10751=FACE_BOUND('',#10752,.T.);
#10752=EDGE_LOOP('',(#10753,#10754,#10755));
#10753=ORIENTED_EDGE('',*,*,#10756,.T.);
#10754=ORIENTED_EDGE('',*,*,#10757,.T.);
#10755=ORIENTED_EDGE('',*,*,#10758,.T.);
#10756=EDGE_CURVE('',#221,#737,#10759,.F.);
#10757=EDGE_CURVE('',#737,#211,#10760,.T.);
#10758=EDGE_CURVE('',#211,#221,#10761,.T.);
#10759=LINE('',#220,#10762);
#10760=LINE('',#736,#10763);
#10761=LINE('',#210,#10764);
#10762=VECTOR('',#10765,1.0);
#10763=VECTOR('',#10766,1.0);
#10764=VECTOR('',#10767,1.0);
#10765=DIRECTION('',(0.18807237304291607,-0.9821551723113849,0));
#10766=DIRECTION('',(0.7036150046717645,0.7105813994193437,0));
#10767=DIRECTION('',(-0.9977478949660946,-0.06707561472492926,0));
#10768=FACE_SURFACE('',(#10773),#10769,.T.);
#10769=PLANE('',#10770);
#10770=AXIS2_PLACEMENT_3D('',#210,#10771,#10772);
#10771=DIRECTION('',(0,0,1));
#10772=DIRECTION('',(0.05255876735232901,-0.9986178327941094,0));
#10773=FACE_BOUND('',#10774,.T.);
#10774=EDGE_LOOP('',(#10775,#10776,#10777));
#10775=ORIENTED_EDGE('',*,*,#10778,.T.);
#10776=ORIENTED_EDGE('',*,*,#10779,.T.);
#10777=ORIENTED_EDGE('',*,*,#10780,.T.);
#10778=EDGE_CURVE('',#211,#705,#10781,.F.);
#10779=EDGE_CURVE('',#705,#207,#10782,.T.);
#10780=EDGE_CURVE('',#207,#211,#10783,.T.);
#10781=LINE('',#210,#10784);
#10782=LINE('',#704,#10785);
#10783=LINE('',#206,#10786);
#10784=VECTOR('',#10787,1.0);
#10785=VECTOR('',#10788,1.0);
#10786=VECTOR('',#10789,1.0);
#10787=DIRECTION('',(0.05255876735232901,-0.9986178327941094,0));
#10788=DIRECTION('',(0.7949512618702594,0.6066732986137449,0));
#10789=DIRECTION('',(-0.9977478949660946,0.06707561472492926,0));
#10790=FACE_SURFACE('',(#10795),#10791,.T.);
#10791=PLANE('',#10792);
#10792=AXIS2_PLACEMENT_3D('',#712,#10793,#10794);
#10793=DIRECTION('',(0,0,1));
#10794=DIRECTION('',(-0.7999996698818947,0.6000004401572214,0));
#10795=FACE_BOUND('',#10796,.T.);
#10796=EDGE_LOOP('',(#10797,#10798,#10799));
#10797=ORIENTED_EDGE('',*,*,#10800,.T.);
#10798=ORIENTED_EDGE('',*,*,#10801,.T.);
#10799=ORIENTED_EDGE('',*,*,#10802,.T.);
#10800=EDGE_CURVE('',#713,#711,#10803,.F.);
#10801=EDGE_CURVE('',#711,#717,#10804,.T.);
#10802=EDGE_CURVE('',#717,#713,#10805,.T.);
#10803=LINE('',#712,#10806);
#10804=LINE('',#710,#10807);
#10805=LINE('',#716,#10808);
#10806=VECTOR('',#10809,1.0);
#10807=VECTOR('',#10810,1.0);
#10808=VECTOR('',#10811,1.0);
#10809=DIRECTION('',(-0.7999996698818947,0.6000004401572214,0));
#10810=DIRECTION('',(-0.024785688163002605,-0.9996927876414266,0));
#10811=DIRECTION('',(0.557034979892484,0.8304890313400773,0));
#10812=FACE_SURFACE('',(#10817),#10813,.T.);
#10813=PLANE('',#10814);
#10814=AXIS2_PLACEMENT_3D('',#510,#10815,#10816);
#10815=DIRECTION('',(0.06110928567055517,0.9981310811736275,-0));
#10816=DIRECTION('',(-0.9981310811736275,0.06110928567055518,0));
#10817=FACE_BOUND('',#10818,.T.);
#10818=EDGE_LOOP('',(#10819,#10820,#10821));
#10819=ORIENTED_EDGE('',*,*,#10822,.T.);
#10820=ORIENTED_EDGE('',*,*,#10823,.T.);
#10821=ORIENTED_EDGE('',*,*,#10824,.T.);
#10822=EDGE_CURVE('',#511,#623,#10825,.F.);
#10823=EDGE_CURVE('',#623,#621,#10826,.T.);
#10824=EDGE_CURVE('',#621,#511,#10827,.T.);
#10825=LINE('',#510,#10828);
#10826=LINE('',#622,#10829);
#10827=LINE('',#620,#10830);
#10828=VECTOR('',#10831,1.0);
#10829=VECTOR('',#10832,1.0);
#10830=VECTOR('',#10833,1.0);
#10831=DIRECTION('',(-0.9981310811736275,0.06110928567055518,0));
#10832=DIRECTION('',(0.06190589695539186,-0.003790108546956395,0.9980747942911646));
#10833=DIRECTION('',(0,0,-1));
#10834=FACE_SURFACE('',(#10839),#10835,.T.);
#10835=PLANE('',#10836);
#10836=AXIS2_PLACEMENT_3D('',#690,#10837,#10838);
#10837=DIRECTION('',(0.8320502943378436,-0.5547001962252291,0));
#10838=DIRECTION('',(-0.554700196225229,-0.8320502943378436,0));
#10839=FACE_BOUND('',#10840,.T.);
#10840=EDGE_LOOP('',(#10841,#10842,#10843));
#10841=ORIENTED_EDGE('',*,*,#10844,.T.);
#10842=ORIENTED_EDGE('',*,*,#10845,.T.);
#10843=ORIENTED_EDGE('',*,*,#10846,.T.);
#10844=EDGE_CURVE('',#691,#689,#10847,.F.);
#10845=EDGE_CURVE('',#689,#233,#10848,.T.);
#10846=EDGE_CURVE('',#233,#691,#10849,.T.);
#10847=LINE('',#690,#10850);
#10848=LINE('',#688,#10851);
#10849=LINE('',#232,#10852);
#10850=VECTOR('',#10853,1.0);
#10851=VECTOR('',#10854,1.0);
#10852=VECTOR('',#10855,1.0);
#10853=DIRECTION('',(-0.554700196225229,-0.8320502943378436,0));
#10854=DIRECTION('',(0.08672514885750998,0.13008772328626497,-0.9877023503089576));
#10855=DIRECTION('',(0,0,1));
#10856=FACE_SURFACE('',(#10861),#10857,.T.);
#10857=PLANE('',#10858);
#10858=AXIS2_PLACEMENT_3D('',#234,#10859,#10860);
#10859=DIRECTION('',(0.8320502943378436,-0.5547001962252291,0));
#10860=DIRECTION('',(0.554700196225229,0.8320502943378436,0));
#10861=FACE_BOUND('',#10862,.T.);
#10862=EDGE_LOOP('',(#10863,#10864,#10865));
#10863=ORIENTED_EDGE('',*,*,#10866,.T.);
#10864=ORIENTED_EDGE('',*,*,#10867,.T.);
#10865=ORIENTED_EDGE('',*,*,#10868,.T.);
#10866=EDGE_CURVE('',#235,#233,#10869,.F.);
#10867=EDGE_CURVE('',#233,#689,#10870,.T.);
#10868=EDGE_CURVE('',#689,#235,#10871,.T.);
#10869=LINE('',#234,#10872);
#10870=LINE('',#232,#10873);
#10871=LINE('',#688,#10874);
#10872=VECTOR('',#10875,1.0);
#10873=VECTOR('',#10876,1.0);
#10874=VECTOR('',#10877,1.0);
#10875=DIRECTION('',(0.554700196225229,0.8320502943378436,0));
#10876=DIRECTION('',(-0.08672514885750998,-0.13008772328626497,0.9877023503089576));
#10877=DIRECTION('',(0,0,-1));
#10878=FACE_SURFACE('',(#10883),#10879,.T.);
#10879=PLANE('',#10880);
#10880=AXIS2_PLACEMENT_3D('',#714,#10881,#10882);
#10881=DIRECTION('',(0,0,1));
#10882=DIRECTION('',(-0.4397136597088088,-0.8981380169358638,0));
#10883=FACE_BOUND('',#10884,.T.);
#10884=EDGE_LOOP('',(#10885,#10886,#10887));
#10885=ORIENTED_EDGE('',*,*,#10888,.T.);
#10886=ORIENTED_EDGE('',*,*,#10889,.T.);
#10887=ORIENTED_EDGE('',*,*,#10890,.T.);
#10888=EDGE_CURVE('',#715,#729,#10891,.F.);
#10889=EDGE_CURVE('',#729,#717,#10892,.T.);
#10890=EDGE_CURVE('',#717,#715,#10893,.T.);
#10891=LINE('',#714,#10894);
#10892=LINE('',#728,#10895);
#10893=LINE('',#716,#10896);
#10894=VECTOR('',#10897,1.0);
#10895=VECTOR('',#10898,1.0);
#10896=VECTOR('',#10899,1.0);
#10897=DIRECTION('',(-0.4397136597088088,-0.8981380169358638,0));
#10898=DIRECTION('',(0.8530772043138287,0.5217847098948972,0));
#10899=DIRECTION('',(-0.8615385492769143,0.5076921588027824,0));
#10900=FACE_SURFACE('',(#10905),#10901,.T.);
#10901=PLANE('',#10902);
#10902=AXIS2_PLACEMENT_3D('',#622,#10903,#10904);
#10903=DIRECTION('',(-0.06110928567055517,0.9981310811736275,0));
#10904=DIRECTION('',(-0.9981310811736275,-0.06110928567055518,0));
#10905=FACE_BOUND('',#10906,.T.);
#10906=EDGE_LOOP('',(#10907,#10908,#10909));
#10907=ORIENTED_EDGE('',*,*,#10910,.T.);
#10908=ORIENTED_EDGE('',*,*,#10911,.T.);
#10909=ORIENTED_EDGE('',*,*,#10912,.T.);
#10910=EDGE_CURVE('',#623,#639,#10913,.F.);
#10911=EDGE_CURVE('',#639,#633,#10914,.T.);
#10912=EDGE_CURVE('',#633,#623,#10915,.T.);
#10913=LINE('',#622,#10916);
#10914=LINE('',#638,#10917);
#10915=LINE('',#632,#10918);
#10916=VECTOR('',#10919,1.0);
#10917=VECTOR('',#10920,1.0);
#10918=VECTOR('',#10921,1.0);
#10919=DIRECTION('',(-0.9981310811736275,-0.06110928567055518,0));
#10920=DIRECTION('',(0,0,1));
#10921=DIRECTION('',(0.06190589695539186,0.003790108546956395,-0.9980747942911646));
#10922=FACE_SURFACE('',(#10927),#10923,.T.);
#10923=PLANE('',#10924);
#10924=AXIS2_PLACEMENT_3D('',#232,#10925,#10926);
#10925=DIRECTION('',(0.8974490173980141,-0.44111819410600034,0));
#10926=DIRECTION('',(0.44111819410600034,0.8974490173980141,0));
#10927=FACE_BOUND('',#10928,.T.);
#10928=EDGE_LOOP('',(#10929,#10930,#10931));
#10929=ORIENTED_EDGE('',*,*,#10932,.T.);
#10930=ORIENTED_EDGE('',*,*,#10933,.T.);
#10931=ORIENTED_EDGE('',*,*,#10934,.T.);
#10932=EDGE_CURVE('',#233,#245,#10935,.F.);
#10933=EDGE_CURVE('',#245,#693,#10936,.T.);
#10934=EDGE_CURVE('',#693,#233,#10937,.T.);
#10935=LINE('',#232,#10938);
#10936=LINE('',#244,#10939);
#10937=LINE('',#692,#10940);
#10938=VECTOR('',#10941,1.0);
#10939=VECTOR('',#10942,1.0);
#10940=VECTOR('',#10943,1.0);
#10941=DIRECTION('',(0.44111819410600034,0.8974490173980141,0));
#10942=DIRECTION('',(0,0,1));
#10943=DIRECTION('',(-0.06983943224060056,-0.142087383103724,-0.9873872742075654));
#10944=FACE_SURFACE('',(#10949),#10945,.T.);
#10945=PLANE('',#10946);
#10946=AXIS2_PLACEMENT_3D('',#232,#10947,#10948);
#10947=DIRECTION('',(0.8974490173980141,-0.44111819410600034,0));
#10948=DIRECTION('',(0.06983943224060056,0.142087383103724,0.9873872742075654));
#10949=FACE_BOUND('',#10950,.T.);
#10950=EDGE_LOOP('',(#10951,#10952,#10953));
#10951=ORIENTED_EDGE('',*,*,#10954,.T.);
#10952=ORIENTED_EDGE('',*,*,#10955,.T.);
#10953=ORIENTED_EDGE('',*,*,#10956,.T.);
#10954=EDGE_CURVE('',#233,#693,#10957,.F.);
#10955=EDGE_CURVE('',#693,#691,#10958,.T.);
#10956=EDGE_CURVE('',#691,#233,#10959,.T.);
#10957=LINE('',#232,#10960);
#10958=LINE('',#692,#10961);
#10959=LINE('',#690,#10962);
#10960=VECTOR('',#10963,1.0);
#10961=VECTOR('',#10964,1.0);
#10962=VECTOR('',#10965,1.0);
#10963=DIRECTION('',(0.06983943224060056,0.142087383103724,0.9873872742075654));
#10964=DIRECTION('',(-0.44111819410600034,-0.8974490173980141,0));
#10965=DIRECTION('',(0,0,-1));
#10966=FACE_SURFACE('',(#10971),#10967,.T.);
#10967=PLANE('',#10968);
#10968=AXIS2_PLACEMENT_3D('',#284,#10969,#10970);
#10969=DIRECTION('',(-0,0,1));
#10970=DIRECTION('',(0.6656147564728832,-0.7462955151718014,0));
#10971=FACE_BOUND('',#10972,.T.);
#10972=EDGE_LOOP('',(#10973,#10974,#10975));
#10973=ORIENTED_EDGE('',*,*,#10976,.T.);
#10974=ORIENTED_EDGE('',*,*,#10977,.T.);
#10975=ORIENTED_EDGE('',*,*,#10978,.T.);
#10976=EDGE_CURVE('',#285,#739,#10979,.F.);
#10977=EDGE_CURVE('',#739,#281,#10980,.T.);
#10978=EDGE_CURVE('',#281,#285,#10981,.T.);
#10979=LINE('',#284,#10982);
#10980=LINE('',#738,#10983);
#10981=LINE('',#280,#10984);
#10982=VECTOR('',#10985,1.0);
#10983=VECTOR('',#10986,1.0);
#10984=VECTOR('',#10987,1.0);
#10985=DIRECTION('',(0.6656147564728832,-0.7462955151718014,0));
#10986=DIRECTION('',(0.23599741181779232,0.9717536836129325,0));
#10987=DIRECTION('',(-0.834609450015498,-0.5508421424916834,0));
#10988=FACE_SURFACE('',(#10993),#10989,.T.);
#10989=PLANE('',#10990);
#10990=AXIS2_PLACEMENT_3D('',#704,#10991,#10992);
#10991=DIRECTION('',(0,0,1));
#10992=DIRECTION('',(-0.05255876735232901,0.9986178327941094,0));
#10993=FACE_BOUND('',#10994,.T.);
#10994=EDGE_LOOP('',(#10995,#10996,#10997));
#10995=ORIENTED_EDGE('',*,*,#10998,.T.);
#10996=ORIENTED_EDGE('',*,*,#10999,.T.);
#10997=ORIENTED_EDGE('',*,*,#11000,.T.);
#10998=EDGE_CURVE('',#705,#211,#11001,.F.);
#10999=EDGE_CURVE('',#211,#737,#11002,.T.);
#11000=EDGE_CURVE('',#737,#705,#11003,.T.);
#11001=LINE('',#704,#11004);
#11002=LINE('',#210,#11005);
#11003=LINE('',#736,#11006);
#11004=VECTOR('',#11007,1.0);
#11005=VECTOR('',#11008,1.0);
#11006=VECTOR('',#11009,1.0);
#11007=DIRECTION('',(-0.05255876735232901,0.9986178327941094,0));
#11008=DIRECTION('',(-0.7036150046717645,-0.7105813994193437,0));
#11009=DIRECTION('',(0.9978266338577131,0.06589392054040595,0));
#11010=FACE_SURFACE('',(#11015),#11011,.T.);
#11011=PLANE('',#11012);
#11012=AXIS2_PLACEMENT_3D('',#728,#11013,#11014);
#11013=DIRECTION('',(0,0,1));
#11014=DIRECTION('',(-0.3190415361509841,-0.9477407336452414,0));
#11015=FACE_BOUND('',#11016,.T.);
#11016=EDGE_LOOP('',(#11017,#11018,#11019));
#11017=ORIENTED_EDGE('',*,*,#11020,.T.);
#11018=ORIENTED_EDGE('',*,*,#11021,.T.);
#11019=ORIENTED_EDGE('',*,*,#11022,.T.);
#11020=EDGE_CURVE('',#729,#629,#11023,.F.);
#11021=EDGE_CURVE('',#629,#727,#11024,.T.);
#11022=EDGE_CURVE('',#727,#729,#11025,.T.);
#11023=LINE('',#728,#11026);
#11024=LINE('',#628,#11027);
#11025=LINE('',#726,#11028);
#11026=VECTOR('',#11029,1.0);
#11027=VECTOR('',#11030,1.0);
#11028=VECTOR('',#11031,1.0);
#11029=DIRECTION('',(-0.3190415361509841,-0.9477407336452414,0));
#11030=DIRECTION('',(0.7776301167044483,0.6287220384193846,0));
#11031=DIRECTION('',(-0.9230770587269593,0.3846150590551358,0));
#11032=FACE_SURFACE('',(#11037),#11033,.T.);
#11033=PLANE('',#11034);
#11034=AXIS2_PLACEMENT_3D('',#638,#11035,#11036);
#11035=DIRECTION('',(-0.20395403565693784,0.9789804652490511,0));
#11036=DIRECTION('',(-0.978980465249051,-0.20395403565693782,0));
#11037=FACE_BOUND('',#11038,.T.);
#11038=EDGE_LOOP('',(#11039,#11040,#11041));
#11039=ORIENTED_EDGE('',*,*,#11042,.T.);
#11040=ORIENTED_EDGE('',*,*,#11043,.T.);
#11041=ORIENTED_EDGE('',*,*,#11044,.T.);
#11042=EDGE_CURVE('',#639,#669,#11045,.F.);
#11043=EDGE_CURVE('',#669,#125,#11046,.T.);
#11044=EDGE_CURVE('',#125,#639,#11047,.T.);
#11045=LINE('',#638,#11048);
#11046=LINE('',#668,#11049);
#11047=LINE('',#124,#11050);
#11048=VECTOR('',#11051,1.0);
#11049=VECTOR('',#11052,1.0);
#11050=VECTOR('',#11053,1.0);
#11051=DIRECTION('',(-0.978980465249051,-0.20395403565693782,0));
#11052=DIRECTION('',(0,0,1));
#11053=DIRECTION('',(0.06064281776209042,0.012633906247598194,-0.9980795725125331));
#11054=FACE_SURFACE('',(#11059),#11055,.T.);
#11055=PLANE('',#11056);
#11056=AXIS2_PLACEMENT_3D('',#638,#11057,#11058);
#11057=DIRECTION('',(-0.20395403565693784,0.9789804652490511,0));
#11058=DIRECTION('',(-0.06064281776209042,-0.012633906247598194,0.9980795725125331));
#11059=FACE_BOUND('',#11060,.T.);
#11060=EDGE_LOOP('',(#11061,#11062,#11063));
#11061=ORIENTED_EDGE('',*,*,#11064,.T.);
#11062=ORIENTED_EDGE('',*,*,#11065,.T.);
#11063=ORIENTED_EDGE('',*,*,#11066,.T.);
#11064=EDGE_CURVE('',#639,#125,#11067,.F.);
#11065=EDGE_CURVE('',#125,#633,#11068,.T.);
#11066=EDGE_CURVE('',#633,#639,#11069,.T.);
#11067=LINE('',#638,#11070);
#11068=LINE('',#124,#11071);
#11069=LINE('',#632,#11072);
#11070=VECTOR('',#11073,1.0);
#11071=VECTOR('',#11074,1.0);
#11072=VECTOR('',#11075,1.0);
#11073=DIRECTION('',(-0.06064281776209042,-0.012633906247598194,0.9980795725125331));
#11074=DIRECTION('',(0.978980465249051,0.20395403565693782,0));
#11075=DIRECTION('',(0,0,-1));
#11076=FACE_SURFACE('',(#11081),#11077,.T.);
#11077=PLANE('',#11078);
#11078=AXIS2_PLACEMENT_3D('',#694,#11079,#11080);
#11079=DIRECTION('',(0.9471445042286702,-0.32080724447778053,0));
#11080=DIRECTION('',(-0.3208072444777805,-0.9471445042286701,0));
#11081=FACE_BOUND('',#11082,.T.);
#11082=EDGE_LOOP('',(#11083,#11084,#11085));
#11083=ORIENTED_EDGE('',*,*,#11086,.T.);
#11084=ORIENTED_EDGE('',*,*,#11087,.T.);
#11085=ORIENTED_EDGE('',*,*,#11088,.T.);
#11086=EDGE_CURVE('',#695,#693,#11089,.F.);
#11087=EDGE_CURVE('',#693,#247,#11090,.T.);
#11088=EDGE_CURVE('',#247,#695,#11091,.T.);
#11089=LINE('',#694,#11092);
#11090=LINE('',#692,#11093);
#11091=LINE('',#246,#11094);
#11092=VECTOR('',#11095,1.0);
#11093=VECTOR('',#11096,1.0);
#11094=VECTOR('',#11097,1.0);
#11095=DIRECTION('',(-0.3208072444777805,-0.9471445042286701,0));
#11096=DIRECTION('',(0.05057900488472434,0.14932838123373404,-0.9874931892539733));
#11097=DIRECTION('',(0,0,1));
#11098=FACE_SURFACE('',(#11103),#11099,.T.);
#11099=PLANE('',#11100);
#11100=AXIS2_PLACEMENT_3D('',#244,#11101,#11102);
#11101=DIRECTION('',(0.9471445042286702,-0.32080724447778053,0));
#11102=DIRECTION('',(0.3208072444777805,0.9471445042286701,0));
#11103=FACE_BOUND('',#11104,.T.);
#11104=EDGE_LOOP('',(#11105,#11106,#11107));
#11105=ORIENTED_EDGE('',*,*,#11108,.T.);
#11106=ORIENTED_EDGE('',*,*,#11109,.T.);
#11107=ORIENTED_EDGE('',*,*,#11110,.T.);
#11108=EDGE_CURVE('',#245,#247,#11111,.F.);
#11109=EDGE_CURVE('',#247,#693,#11112,.T.);
#11110=EDGE_CURVE('',#693,#245,#11113,.T.);
#11111=LINE('',#244,#11114);
#11112=LINE('',#246,#11115);
#11113=LINE('',#692,#11116);
#11114=VECTOR('',#11117,1.0);
#11115=VECTOR('',#11118,1.0);
#11116=VECTOR('',#11119,1.0);
#11117=DIRECTION('',(0.3208072444777805,0.9471445042286701,0));
#11118=DIRECTION('',(-0.05057900488472434,-0.14932838123373404,0.9874931892539733));
#11119=DIRECTION('',(0,0,-1));
#11120=FACE_SURFACE('',(#11125),#11121,.T.);
#11121=PLANE('',#11122);
#11122=AXIS2_PLACEMENT_3D('',#296,#11123,#11124);
#11123=DIRECTION('',(-0,0,1));
#11124=DIRECTION('',(0.7550332148246641,-0.6556865444032939,0));
#11125=FACE_BOUND('',#11126,.T.);
#11126=EDGE_LOOP('',(#11127,#11128,#11129));
#11127=ORIENTED_EDGE('',*,*,#11130,.T.);
#11128=ORIENTED_EDGE('',*,*,#11131,.T.);
#11129=ORIENTED_EDGE('',*,*,#11132,.T.);
#11130=EDGE_CURVE('',#297,#741,#11133,.F.);
#11131=EDGE_CURVE('',#741,#285,#11134,.T.);
#11132=EDGE_CURVE('',#285,#297,#11135,.T.);
#11133=LINE('',#296,#11136);
#11134=LINE('',#740,#11137);
#11135=LINE('',#284,#11138);
#11136=VECTOR('',#11139,1.0);
#11137=VECTOR('',#11140,1.0);
#11138=VECTOR('',#11141,1.0);
#11139=DIRECTION('',(0.7550332148246641,-0.6556865444032939,0));
#11140=DIRECTION('',(0.09610481026234266,0.9953712199197037,0));
#11141=DIRECTION('',(-0.7515412247093599,-0.6596861280657305,0));
#11142=FACE_SURFACE('',(#11147),#11143,.T.);
#11143=PLANE('',#11144);
#11144=AXIS2_PLACEMENT_3D('',#736,#11145,#11146);
#11145=DIRECTION('',(0,0,1));
#11146=DIRECTION('',(-0.18807237304291607,0.9821551723113849,0));
#11147=FACE_BOUND('',#11148,.T.);
#11148=EDGE_LOOP('',(#11149,#11150,#11151));
#11149=ORIENTED_EDGE('',*,*,#11152,.T.);
#11150=ORIENTED_EDGE('',*,*,#11153,.T.);
#11151=ORIENTED_EDGE('',*,*,#11154,.T.);
#11152=EDGE_CURVE('',#737,#221,#11155,.F.);
#11153=EDGE_CURVE('',#221,#733,#11156,.T.);
#11154=EDGE_CURVE('',#733,#737,#11157,.T.);
#11155=LINE('',#736,#11158);
#11156=LINE('',#220,#11159);
#11157=LINE('',#732,#11160);
#11158=VECTOR('',#11161,1.0);
#11159=VECTOR('',#11162,1.0);
#11160=VECTOR('',#11163,1.0);
#11161=DIRECTION('',(-0.18807237304291607,0.9821551723113849,0));
#11162=DIRECTION('',(-0.6033235103415755,-0.7974965466189298,0));
#11163=DIRECTION('',(0.9805806328724721,0.19611634923030272,0));
#11164=FACE_SURFACE('',(#11169),#11165,.T.);
#11165=PLANE('',#11166);
#11166=AXIS2_PLACEMENT_3D('',#132,#11167,#11168);
#11167=DIRECTION('',(-0.3162279484230597,0.9486832372484204,0));
#11168=DIRECTION('',(0.9486832372484204,0.3162279484230597,0));
#11169=FACE_BOUND('',#11170,.T.);
#11170=EDGE_LOOP('',(#11171,#11172,#11173));
#11171=ORIENTED_EDGE('',*,*,#11174,.T.);
#11172=ORIENTED_EDGE('',*,*,#11175,.T.);
#11173=ORIENTED_EDGE('',*,*,#11176,.T.);
#11174=EDGE_CURVE('',#133,#125,#11177,.F.);
#11175=EDGE_CURVE('',#125,#645,#11178,.T.);
#11176=EDGE_CURVE('',#645,#133,#11179,.T.);
#11177=LINE('',#132,#11180);
#11178=LINE('',#124,#11181);
#11179=LINE('',#644,#11182);
#11180=VECTOR('',#11183,1.0);
#11181=VECTOR('',#11184,1.0);
#11182=VECTOR('',#11185,1.0);
#11183=DIRECTION('',(0.9486832372484204,0.3162279484230597,0));
#11184=DIRECTION('',(-0.05874778711702938,-0.019582608256361694,-0.9980807677551602));
#11185=DIRECTION('',(0,0,1));
#11186=FACE_SURFACE('',(#11191),#11187,.T.);
#11187=PLANE('',#11188);
#11188=AXIS2_PLACEMENT_3D('',#668,#11189,#11190);
#11189=DIRECTION('',(-0.3162279484230597,0.9486832372484204,0));
#11190=DIRECTION('',(-0.9486832372484204,-0.3162279484230597,0));
#11191=FACE_BOUND('',#11192,.T.);
#11192=EDGE_LOOP('',(#11193,#11194,#11195));
#11193=ORIENTED_EDGE('',*,*,#11196,.T.);
#11194=ORIENTED_EDGE('',*,*,#11197,.T.);
#11195=ORIENTED_EDGE('',*,*,#11198,.T.);
#11196=EDGE_CURVE('',#669,#645,#11199,.F.);
#11197=EDGE_CURVE('',#645,#125,#11200,.T.);
#11198=EDGE_CURVE('',#125,#669,#11201,.T.);
#11199=LINE('',#668,#11202);
#11200=LINE('',#644,#11203);
#11201=LINE('',#124,#11204);
#11202=VECTOR('',#11205,1.0);
#11203=VECTOR('',#11206,1.0);
#11204=VECTOR('',#11207,1.0);
#11205=DIRECTION('',(-0.9486832372484204,-0.3162279484230597,0));
#11206=DIRECTION('',(0.05874778711702938,0.019582608256361694,0.9980807677551602));
#11207=DIRECTION('',(0,0,-1));
#11208=FACE_SURFACE('',(#11213),#11209,.T.);
#11209=PLANE('',#11210);
#11210=AXIS2_PLACEMENT_3D('',#298,#11211,#11212);
#11211=DIRECTION('',(0,-0,1));
#11212=DIRECTION('',(0.3162276292122363,0.9486833436520368,0));
#11213=FACE_BOUND('',#11214,.T.);
#11214=EDGE_LOOP('',(#11215,#11216,#11217));
#11215=ORIENTED_EDGE('',*,*,#11218,.T.);
#11216=ORIENTED_EDGE('',*,*,#11219,.T.);
#11217=ORIENTED_EDGE('',*,*,#11220,.T.);
#11218=EDGE_CURVE('',#299,#727,#11221,.F.);
#11219=EDGE_CURVE('',#727,#629,#11222,.T.);
#11220=EDGE_CURVE('',#629,#299,#11223,.T.);
#11221=LINE('',#298,#11224);
#11222=LINE('',#726,#11225);
#11223=LINE('',#628,#11226);
#11224=VECTOR('',#11227,1.0);
#11225=VECTOR('',#11228,1.0);
#11226=VECTOR('',#11229,1.0);
#11227=DIRECTION('',(0.3162276292122363,0.9486833436520368,0));
#11228=DIRECTION('',(-0.7776301167044483,-0.6287220384193846,0));
#11229=DIRECTION('',(0.9654673259257234,-0.26052416887849994,0));
#11230=FACE_SURFACE('',(#11235),#11231,.T.);
#11231=PLANE('',#11232);
#11232=AXIS2_PLACEMENT_3D('',#304,#11233,#11234);
#11233=DIRECTION('',(0,-0,1));
#11234=DIRECTION('',(0.20395430265759665,0.9789804096239381,0));
#11235=FACE_BOUND('',#11236,.T.);
#11236=EDGE_LOOP('',(#11237,#11238,#11239));
#11237=ORIENTED_EDGE('',*,*,#11240,.T.);
#11238=ORIENTED_EDGE('',*,*,#11241,.T.);
#11239=ORIENTED_EDGE('',*,*,#11242,.T.);
#11240=EDGE_CURVE('',#305,#299,#11243,.F.);
#11241=EDGE_CURVE('',#299,#629,#11244,.T.);
#11242=EDGE_CURVE('',#629,#305,#11245,.T.);
#11243=LINE('',#304,#11246);
#11244=LINE('',#298,#11247);
#11245=LINE('',#628,#11248);
#11246=VECTOR('',#11249,1.0);
#11247=VECTOR('',#11250,1.0);
#11248=VECTOR('',#11251,1.0);
#11249=DIRECTION('',(0.20395430265759665,0.9789804096239381,0));
#11250=DIRECTION('',(-0.9654673259257234,0.26052416887849994,0));
#11251=DIRECTION('',(0.355651249115225,-0.9346187399163255,0));
#11252=FACE_SURFACE('',(#11257),#11253,.T.);
#11253=PLANE('',#11254);
#11254=AXIS2_PLACEMENT_3D('',#246,#11255,#11256);
#11255=DIRECTION('',(0.9799872917628323,-0.1990600612462219,0));
#11256=DIRECTION('',(0.19906006124622186,0.9799872917628322,0));
#11257=FACE_BOUND('',#11258,.T.);
#11258=EDGE_LOOP('',(#11259,#11260,#11261));
#11259=ORIENTED_EDGE('',*,*,#11262,.T.);
#11260=ORIENTED_EDGE('',*,*,#11263,.T.);
#11261=ORIENTED_EDGE('',*,*,#11264,.T.);
#11262=EDGE_CURVE('',#247,#231,#11265,.F.);
#11263=EDGE_CURVE('',#231,#697,#11266,.T.);
#11264=EDGE_CURVE('',#697,#247,#11267,.T.);
#11265=LINE('',#246,#11268);
#11266=LINE('',#230,#11269);
#11267=LINE('',#696,#11270);
#11268=VECTOR('',#11271,1.0);
#11269=VECTOR('',#11272,1.0);
#11270=VECTOR('',#11273,1.0);
#11271=DIRECTION('',(0.19906006124622186,0.9799872917628322,0));
#11272=DIRECTION('',(0,0,1));
#11273=DIRECTION('',(-0.031312615729070244,-0.15415430546052958,-0.9875504899518734));
#11274=FACE_SURFACE('',(#11279),#11275,.T.);
#11275=PLANE('',#11276);
#11276=AXIS2_PLACEMENT_3D('',#246,#11277,#11278);
#11277=DIRECTION('',(0.9799872917628323,-0.1990600612462219,0));
#11278=DIRECTION('',(0.031312615729070244,0.15415430546052958,0.9875504899518734));
#11279=FACE_BOUND('',#11280,.T.);
#11280=EDGE_LOOP('',(#11281,#11282,#11283));
#11281=ORIENTED_EDGE('',*,*,#11284,.T.);
#11282=ORIENTED_EDGE('',*,*,#11285,.T.);
#11283=ORIENTED_EDGE('',*,*,#11286,.T.);
#11284=EDGE_CURVE('',#247,#697,#11287,.F.);
#11285=EDGE_CURVE('',#697,#695,#11288,.T.);
#11286=EDGE_CURVE('',#695,#247,#11289,.T.);
#11287=LINE('',#246,#11290);
#11288=LINE('',#696,#11291);
#11289=LINE('',#694,#11292);
#11290=VECTOR('',#11293,1.0);
#11291=VECTOR('',#11294,1.0);
#11292=VECTOR('',#11295,1.0);
#11293=DIRECTION('',(0.031312615729070244,0.15415430546052958,0.9875504899518734));
#11294=DIRECTION('',(-0.19906006124622186,-0.9799872917628322,0));
#11295=DIRECTION('',(0,0,-1));
#11296=FACE_SURFACE('',(#11301),#11297,.T.);
#11297=PLANE('',#11298);
#11298=AXIS2_PLACEMENT_3D('',#302,#11299,#11300);
#11299=DIRECTION('',(-0,0,1));
#11300=DIRECTION('',(0.8320503397536478,-0.5547001281015168,0));
#11301=FACE_BOUND('',#11302,.T.);
#11302=EDGE_LOOP('',(#11303,#11304,#11305));
#11303=ORIENTED_EDGE('',*,*,#11306,.T.);
#11304=ORIENTED_EDGE('',*,*,#11307,.T.);
#11305=ORIENTED_EDGE('',*,*,#11308,.T.);
#11306=EDGE_CURVE('',#303,#743,#11309,.F.);
#11307=EDGE_CURVE('',#743,#297,#11310,.T.);
#11308=EDGE_CURVE('',#297,#303,#11311,.T.);
#11309=LINE('',#302,#11312);
#11310=LINE('',#742,#11313);
#11311=LINE('',#296,#11314);
#11312=VECTOR('',#11315,1.0);
#11313=VECTOR('',#11316,1.0);
#11314=VECTOR('',#11317,1.0);
#11315=DIRECTION('',(0.8320503397536478,-0.5547001281015168,0));
#11316=DIRECTION('',(-0.03422647124186712,0.999414102695339,0));
#11317=DIRECTION('',(-0.6596860749647889,-0.751541271320179,0));
#11318=FACE_SURFACE('',(#11323),#11319,.T.);
#11319=PLANE('',#11320);
#11320=AXIS2_PLACEMENT_3D('',#732,#11321,#11322);
#11321=DIRECTION('',(0,0,1));
#11322=DIRECTION('',(-0.319316389459767,0.9476481643639576,0));
#11323=FACE_BOUND('',#11324,.T.);
#11324=EDGE_LOOP('',(#11325,#11326,#11327));
#11325=ORIENTED_EDGE('',*,*,#11328,.T.);
#11326=ORIENTED_EDGE('',*,*,#11329,.T.);
#11327=ORIENTED_EDGE('',*,*,#11330,.T.);
#11328=EDGE_CURVE('',#733,#259,#11331,.F.);
#11329=EDGE_CURVE('',#259,#731,#11332,.T.);
#11330=EDGE_CURVE('',#731,#733,#11333,.T.);
#11331=LINE('',#732,#11334);
#11332=LINE('',#258,#11335);
#11333=LINE('',#730,#11336);
#11334=VECTOR('',#11337,1.0);
#11335=VECTOR('',#11338,1.0);
#11336=VECTOR('',#11339,1.0);
#11337=DIRECTION('',(-0.319316389459767,0.9476481643639576,0));
#11338=DIRECTION('',(-0.48564275562666676,-0.8741573736503844,0));
#11339=DIRECTION('',(0.9477406637383311,0.3190417438154884,0));
#11340=FACE_SURFACE('',(#11345),#11341,.T.);
#11341=PLANE('',#11342);
#11342=AXIS2_PLACEMENT_3D('',#644,#11343,#11344);
#11343=DIRECTION('',(-0.4390268638022806,0.8984739355484573,0));
#11344=DIRECTION('',(-0.8984739355484574,-0.4390268638022807,0));
#11345=FACE_BOUND('',#11346,.T.);
#11346=EDGE_LOOP('',(#11347,#11348,#11349));
#11347=ORIENTED_EDGE('',*,*,#11350,.T.);
#11348=ORIENTED_EDGE('',*,*,#11351,.T.);
#11349=ORIENTED_EDGE('',*,*,#11352,.T.);
#11350=EDGE_CURVE('',#645,#667,#11353,.F.);
#11351=EDGE_CURVE('',#667,#137,#11354,.T.);
#11352=EDGE_CURVE('',#137,#645,#11355,.T.);
#11353=LINE('',#644,#11356);
#11354=LINE('',#666,#11357);
#11355=LINE('',#136,#11358);
#11356=VECTOR('',#11359,1.0);
#11357=VECTOR('',#11360,1.0);
#11358=VECTOR('',#11361,1.0);
#11359=DIRECTION('',(-0.8984739355484574,-0.4390268638022807,0));
#11360=DIRECTION('',(0,0,1));
#11361=DIRECTION('',(0.0555894953429815,0.027163038164132035,-0.998084153448599));
#11362=FACE_SURFACE('',(#11367),#11363,.T.);
#11363=PLANE('',#11364);
#11364=AXIS2_PLACEMENT_3D('',#644,#11365,#11366);
#11365=DIRECTION('',(-0.4390268638022806,0.8984739355484573,0));
#11366=DIRECTION('',(-0.0555894953429815,-0.027163038164132035,0.998084153448599));
#11367=FACE_BOUND('',#11368,.T.);
#11368=EDGE_LOOP('',(#11369,#11370,#11371));
#11369=ORIENTED_EDGE('',*,*,#11372,.T.);
#11370=ORIENTED_EDGE('',*,*,#11373,.T.);
#11371=ORIENTED_EDGE('',*,*,#11374,.T.);
#11372=EDGE_CURVE('',#645,#137,#11375,.F.);
#11373=EDGE_CURVE('',#137,#133,#11376,.T.);
#11374=EDGE_CURVE('',#133,#645,#11377,.T.);
#11375=LINE('',#644,#11378);
#11376=LINE('',#136,#11379);
#11377=LINE('',#132,#11380);
#11378=VECTOR('',#11381,1.0);
#11379=VECTOR('',#11382,1.0);
#11380=VECTOR('',#11383,1.0);
#11381=DIRECTION('',(-0.0555894953429815,-0.027163038164132035,0.998084153448599));
#11382=DIRECTION('',(0.8984739355484574,0.4390268638022807,0));
#11383=DIRECTION('',(0,0,-1));
#11384=FACE_SURFACE('',(#11389),#11385,.T.);
#11385=PLANE('',#11386);
#11386=AXIS2_PLACEMENT_3D('',#92,#11387,#11388);
#11387=DIRECTION('',(0,0,1));
#11388=DIRECTION('',(-0.5076921588027824,0.8615385492769143,0));
#11389=FACE_BOUND('',#11390,.T.);
#11390=EDGE_LOOP('',(#11391,#11392,#11393));
#11391=ORIENTED_EDGE('',*,*,#11394,.T.);
#11392=ORIENTED_EDGE('',*,*,#11395,.T.);
#11393=ORIENTED_EDGE('',*,*,#11396,.T.);
#11394=EDGE_CURVE('',#93,#91,#11397,.F.);
#11395=EDGE_CURVE('',#91,#117,#11398,.T.);
#11396=EDGE_CURVE('',#117,#93,#11399,.T.);
#11397=LINE('',#92,#11400);
#11398=LINE('',#90,#11401);
#11399=LINE('',#116,#11402);
#11400=VECTOR('',#11403,1.0);
#11401=VECTOR('',#11404,1.0);
#11402=VECTOR('',#11405,1.0);
#11403=DIRECTION('',(-0.5076921588027824,0.8615385492769143,0));
#11404=DIRECTION('',(-0.5217847098948972,-0.8530772043138287,0));
#11405=DIRECTION('',(0.8981380169358638,0.4397136597088088,0));
#11406=FACE_SURFACE('',(#11411),#11407,.T.);
#11407=PLANE('',#11408);
#11408=AXIS2_PLACEMENT_3D('',#98,#11409,#11410);
#11409=DIRECTION('',(0,0,1));
#11410=DIRECTION('',(0.9477407336452414,0.3190415361509841,0));
#11411=FACE_BOUND('',#11412,.T.);
#11412=EDGE_LOOP('',(#11413,#11414,#11415));
#11413=ORIENTED_EDGE('',*,*,#11416,.T.);
#11414=ORIENTED_EDGE('',*,*,#11417,.T.);
#11415=ORIENTED_EDGE('',*,*,#11418,.T.);
#11416=EDGE_CURVE('',#99,#117,#11419,.F.);
#11417=EDGE_CURVE('',#117,#115,#11420,.T.);
#11418=EDGE_CURVE('',#115,#99,#11421,.T.);
#11419=LINE('',#98,#11422);
#11420=LINE('',#116,#11423);
#11421=LINE('',#114,#11424);
#11422=VECTOR('',#11425,1.0);
#11423=VECTOR('',#11426,1.0);
#11424=VECTOR('',#11427,1.0);
#11425=DIRECTION('',(0.9477407336452414,0.3190415361509841,0));
#11426=DIRECTION('',(-0.3846150590551358,0.9230770587269593,0));
#11427=DIRECTION('',(-0.6287220384193846,-0.7776301167044483,0));
#11428=FACE_SURFACE('',(#11433),#11429,.T.);
#11429=PLANE('',#11430);
#11430=AXIS2_PLACEMENT_3D('',#114,#11431,#11432);
#11431=DIRECTION('',(0,0,1));
#11432=DIRECTION('',(-0.9486833436520368,-0.3162276292122363,0));
#11433=FACE_BOUND('',#11434,.T.);
#11434=EDGE_LOOP('',(#11435,#11436,#11437));
#11435=ORIENTED_EDGE('',*,*,#11438,.T.);
#11436=ORIENTED_EDGE('',*,*,#11439,.T.);
#11437=ORIENTED_EDGE('',*,*,#11440,.T.);
#11438=EDGE_CURVE('',#115,#95,#11441,.F.);
#11439=EDGE_CURVE('',#95,#99,#11442,.T.);
#11440=EDGE_CURVE('',#99,#115,#11443,.T.);
#11441=LINE('',#114,#11444);
#11442=LINE('',#94,#11445);
#11443=LINE('',#98,#11446);
#11444=VECTOR('',#11447,1.0);
#11445=VECTOR('',#11448,1.0);
#11446=VECTOR('',#11449,1.0);
#11447=DIRECTION('',(-0.9486833436520368,-0.3162276292122363,0));
#11448=DIRECTION('',(0.26052416887849994,-0.9654673259257234,0));
#11449=DIRECTION('',(0.6287220384193846,0.7776301167044483,0));
#11450=FACE_SURFACE('',(#11455),#11451,.T.);
#11451=PLANE('',#11452);
#11452=AXIS2_PLACEMENT_3D('',#308,#11453,#11454);
#11453=DIRECTION('',(-0,0,1));
#11454=DIRECTION('',(0.8963882948935478,-0.443269697563276,0));
#11455=FACE_BOUND('',#11456,.T.);
#11456=EDGE_LOOP('',(#11457,#11458,#11459));
#11457=ORIENTED_EDGE('',*,*,#11460,.T.);
#11458=ORIENTED_EDGE('',*,*,#11461,.T.);
#11459=ORIENTED_EDGE('',*,*,#11462,.T.);
#11460=EDGE_CURVE('',#309,#721,#11463,.F.);
#11461=EDGE_CURVE('',#721,#303,#11464,.T.);
#11462=EDGE_CURVE('',#303,#309,#11465,.T.);
#11463=LINE('',#308,#11466);
#11464=LINE('',#720,#11467);
#11465=LINE('',#302,#11468);
#11466=VECTOR('',#11469,1.0);
#11467=VECTOR('',#11470,1.0);
#11468=VECTOR('',#11471,1.0);
#11469=DIRECTION('',(0.8963882948935478,-0.443269697563276,0));
#11470=DIRECTION('',(-0.17105239636205508,0.9852619335480278,0));
#11471=DIRECTION('',(-0.5547002395766899,-0.8320502654368682,0));
#11472=FACE_SURFACE('',(#11477),#11473,.T.);
#11473=PLANE('',#11474);
#11474=AXIS2_PLACEMENT_3D('',#730,#11475,#11476);
#11475=DIRECTION('',(0,0,1));
#11476=DIRECTION('',(-0.44308691354748586,0.8964786595580303,0));
#11477=FACE_BOUND('',#11478,.T.);
#11478=EDGE_LOOP('',(#11479,#11480,#11481));
#11479=ORIENTED_EDGE('',*,*,#11482,.T.);
#11480=ORIENTED_EDGE('',*,*,#11483,.T.);
#11481=ORIENTED_EDGE('',*,*,#11484,.T.);
#11482=EDGE_CURVE('',#731,#273,#11485,.F.);
#11483=EDGE_CURVE('',#273,#735,#11486,.T.);
#11484=EDGE_CURVE('',#735,#731,#11487,.T.);
#11485=LINE('',#730,#11488);
#11486=LINE('',#272,#11489);
#11487=LINE('',#734,#11490);
#11488=VECTOR('',#11491,1.0);
#11489=VECTOR('',#11492,1.0);
#11490=VECTOR('',#11493,1.0);
#11491=DIRECTION('',(-0.44308691354748586,0.8964786595580303,0));
#11492=DIRECTION('',(-0.3617747425695304,-0.9322655392315807,0));
#11493=DIRECTION('',(0.8963063895602588,0.4434352895670955,0));
#11494=FACE_SURFACE('',(#11499),#11495,.T.);
#11495=PLANE('',#11496);
#11496=AXIS2_PLACEMENT_3D('',#680,#11497,#11498);
#11497=DIRECTION('',(0.9981119182646855,-0.06142148335875534,0));
#11498=DIRECTION('',(-0.06142148335875533,-0.9981119182646854,0));
#11499=FACE_BOUND('',#11500,.T.);
#11500=EDGE_LOOP('',(#11501,#11502,#11503));
#11501=ORIENTED_EDGE('',*,*,#11504,.T.);
#11502=ORIENTED_EDGE('',*,*,#11505,.T.);
#11503=ORIENTED_EDGE('',*,*,#11506,.T.);
#11504=EDGE_CURVE('',#681,#697,#11507,.F.);
#11505=EDGE_CURVE('',#697,#229,#11508,.T.);
#11506=EDGE_CURVE('',#229,#681,#11509,.T.);
#11507=LINE('',#680,#11510);
#11508=LINE('',#696,#11511);
#11509=LINE('',#228,#11512);
#11510=VECTOR('',#11513,1.0);
#11511=VECTOR('',#11514,1.0);
#11512=VECTOR('',#11515,1.0);
#11513=DIRECTION('',(-0.06142148335875533,-0.9981119182646854,0));
#11514=DIRECTION('',(0.009635189358719645,0.15657383716221,-0.9876192569215747));
#11515=DIRECTION('',(0,0,1));
#11516=FACE_SURFACE('',(#11521),#11517,.T.);
#11517=PLANE('',#11518);
#11518=AXIS2_PLACEMENT_3D('',#230,#11519,#11520);
#11519=DIRECTION('',(0.9981119182646855,-0.06142148335875534,0));
#11520=DIRECTION('',(0.06142148335875533,0.9981119182646854,0));
#11521=FACE_BOUND('',#11522,.T.);
#11522=EDGE_LOOP('',(#11523,#11524,#11525));
#11523=ORIENTED_EDGE('',*,*,#11526,.T.);
#11524=ORIENTED_EDGE('',*,*,#11527,.T.);
#11525=ORIENTED_EDGE('',*,*,#11528,.T.);
#11526=EDGE_CURVE('',#231,#229,#11529,.F.);
#11527=EDGE_CURVE('',#229,#697,#11530,.T.);
#11528=EDGE_CURVE('',#697,#231,#11531,.T.);
#11529=LINE('',#230,#11532);
#11530=LINE('',#228,#11533);
#11531=LINE('',#696,#11534);
#11532=VECTOR('',#11535,1.0);
#11533=VECTOR('',#11536,1.0);
#11534=VECTOR('',#11537,1.0);
#11535=DIRECTION('',(0.06142148335875533,0.9981119182646854,0));
#11536=DIRECTION('',(-0.009635189358719645,-0.15657383716221,0.9876192569215747));
#11537=DIRECTION('',(0,0,-1));
#11538=FACE_SURFACE('',(#11543),#11539,.T.);
#11539=PLANE('',#11540);
#11540=AXIS2_PLACEMENT_3D('',#666,#11541,#11542);
#11541=DIRECTION('',(-0.5570356044303773,0.8304886124426297,0));
#11542=DIRECTION('',(-0.8304886124426296,-0.5570356044303771,0));
#11543=FACE_BOUND('',#11544,.T.);
#11544=EDGE_LOOP('',(#11545,#11546,#11547));
#11545=ORIENTED_EDGE('',*,*,#11548,.T.);
#11546=ORIENTED_EDGE('',*,*,#11549,.T.);
#11547=ORIENTED_EDGE('',*,*,#11550,.T.);
#11548=EDGE_CURVE('',#667,#655,#11551,.F.);
#11549=EDGE_CURVE('',#655,#137,#11552,.T.);
#11550=EDGE_CURVE('',#137,#667,#11553,.T.);
#11551=LINE('',#666,#11554);
#11552=LINE('',#654,#11555);
#11553=LINE('',#136,#11556);
#11554=VECTOR('',#11557,1.0);
#11555=VECTOR('',#11558,1.0);
#11556=VECTOR('',#11559,1.0);
#11557=DIRECTION('',(-0.8304886124426296,-0.5570356044303771,0));
#11558=DIRECTION('',(0.05179770128380726,0.03474239551324718,0.9980530868123771));
#11559=DIRECTION('',(0,0,-1));
#11560=FACE_SURFACE('',(#11565),#11561,.T.);
#11561=PLANE('',#11562);
#11562=AXIS2_PLACEMENT_3D('',#312,#11563,#11564);
#11563=DIRECTION('',(-0,0,1));
#11564=DIRECTION('',(0.9467132562775832,-0.32207764652067244,0));
#11565=FACE_BOUND('',#11566,.T.);
#11566=EDGE_LOOP('',(#11567,#11568,#11569));
#11567=ORIENTED_EDGE('',*,*,#11570,.T.);
#11568=ORIENTED_EDGE('',*,*,#11571,.T.);
#11569=ORIENTED_EDGE('',*,*,#11572,.T.);
#11570=EDGE_CURVE('',#313,#723,#11573,.F.);
#11571=EDGE_CURVE('',#723,#309,#11574,.T.);
#11572=EDGE_CURVE('',#309,#313,#11575,.T.);
#11573=LINE('',#312,#11576);
#11574=LINE('',#722,#11577);
#11575=LINE('',#308,#11578);
#11576=VECTOR('',#11579,1.0);
#11577=VECTOR('',#11580,1.0);
#11578=VECTOR('',#11581,1.0);
#11579=DIRECTION('',(0.9467132562775832,-0.32207764652067244,0));
#11580=DIRECTION('',(-0.2978893662574699,0.9546004009378599,0));
#11581=DIRECTION('',(-0.44055129197665144,-0.8977274414529742,0));
#11582=FACE_SURFACE('',(#11587),#11583,.T.);
#11583=PLANE('',#11584);
#11584=AXIS2_PLACEMENT_3D('',#734,#11585,#11586);
#11585=DIRECTION('',(0,0,1));
#11586=DIRECTION('',(-0.5617513493855478,0.827306123187491,0));
#11587=FACE_BOUND('',#11588,.T.);
#11588=EDGE_LOOP('',(#11589,#11590,#11591));
#11589=ORIENTED_EDGE('',*,*,#11592,.T.);
#11590=ORIENTED_EDGE('',*,*,#11593,.T.);
#11591=ORIENTED_EDGE('',*,*,#11594,.T.);
#11592=EDGE_CURVE('',#735,#281,#11595,.F.);
#11593=EDGE_CURVE('',#281,#739,#11596,.T.);
#11594=EDGE_CURVE('',#739,#735,#11597,.T.);
#11595=LINE('',#734,#11598);
#11596=LINE('',#280,#11599);
#11597=LINE('',#738,#11600);
#11598=VECTOR('',#11601,1.0);
#11599=VECTOR('',#11602,1.0);
#11600=VECTOR('',#11603,1.0);
#11601=DIRECTION('',(-0.5617513493855478,0.827306123187491,0));
#11602=DIRECTION('',(-0.23599741181779232,-0.9717536836129325,0));
#11603=DIRECTION('',(0.8334882437339179,0.5525371911078466,0));
#11604=FACE_SURFACE('',(#11609),#11605,.T.);
#11605=PLANE('',#11606);
#11606=AXIS2_PLACEMENT_3D('',#680,#11607,#11608);
#11607=DIRECTION('',(0.9981119182646855,0.06142148335875534,0));
#11608=DIRECTION('',(0,0,-1));
#11609=FACE_BOUND('',#11610,.T.);
#11610=EDGE_LOOP('',(#11611,#11612,#11613));
#11611=ORIENTED_EDGE('',*,*,#11614,.T.);
#11612=ORIENTED_EDGE('',*,*,#11615,.T.);
#11613=ORIENTED_EDGE('',*,*,#11616,.T.);
#11614=EDGE_CURVE('',#681,#229,#11617,.F.);
#11615=EDGE_CURVE('',#229,#227,#11618,.T.);
#11616=EDGE_CURVE('',#227,#681,#11619,.T.);
#11617=LINE('',#680,#11620);
#11618=LINE('',#228,#11621);
#11619=LINE('',#226,#11622);
#11620=VECTOR('',#11623,1.0);
#11621=VECTOR('',#11624,1.0);
#11622=VECTOR('',#11625,1.0);
#11623=DIRECTION('',(0,0,-1));
#11624=DIRECTION('',(-0.06142148335875533,0.9981119182646854,0));
#11625=DIRECTION('',(0.009635189358719645,-0.15657383716221,0.9876192569215747));
#11626=FACE_SURFACE('',(#11631),#11627,.T.);
#11627=PLANE('',#11628);
#11628=AXIS2_PLACEMENT_3D('',#550,#11629,#11630);
#11629=DIRECTION('',(-0,0,1));
#11630=DIRECTION('',(0.20395415702080533,-0.9789804399649324,0));
#11631=FACE_BOUND('',#11632,.T.);
#11632=EDGE_LOOP('',(#11633,#11634,#11635));
#11633=ORIENTED_EDGE('',*,*,#11636,.T.);
#11634=ORIENTED_EDGE('',*,*,#11637,.T.);
#11635=ORIENTED_EDGE('',*,*,#11638,.T.);
#11636=EDGE_CURVE('',#551,#291,#11639,.F.);
#11637=EDGE_CURVE('',#291,#501,#11640,.T.);
#11638=EDGE_CURVE('',#501,#551,#11641,.T.);
#11639=LINE('',#550,#11642);
#11640=LINE('',#290,#11643);
#11641=LINE('',#500,#11644);
#11642=VECTOR('',#11645,1.0);
#11643=VECTOR('',#11646,1.0);
#11644=VECTOR('',#11647,1.0);
#11645=DIRECTION('',(0.20395415702080533,-0.9789804399649324,0));
#11646=DIRECTION('',(0.355651141457545,0.9346187808833852,0));
#11647=DIRECTION('',(-0.9654672949270212,-0.2605242837554689,0));
#11648=FACE_SURFACE('',(#11653),#11649,.T.);
#11649=PLANE('',#11650);
#11650=AXIS2_PLACEMENT_3D('',#288,#11651,#11652);
#11651=DIRECTION('',(0,0,1));
#11652=DIRECTION('',(-0.19611634923030272,0.9805806328724721,0));
#11653=FACE_BOUND('',#11654,.T.);
#11654=EDGE_LOOP('',(#11655,#11656,#11657));
#11655=ORIENTED_EDGE('',*,*,#11658,.T.);
#11656=ORIENTED_EDGE('',*,*,#11659,.T.);
#11657=ORIENTED_EDGE('',*,*,#11660,.T.);
#11658=EDGE_CURVE('',#289,#501,#11661,.F.);
#11659=EDGE_CURVE('',#501,#291,#11662,.T.);
#11660=EDGE_CURVE('',#291,#289,#11663,.T.);
#11661=LINE('',#288,#11664);
#11662=LINE('',#500,#11665);
#11663=LINE('',#290,#11666);
#11664=VECTOR('',#11667,1.0);
#11665=VECTOR('',#11668,1.0);
#11666=VECTOR('',#11669,1.0);
#11667=DIRECTION('',(-0.19611634923030272,0.9805806328724721,0));
#11668=DIRECTION('',(-0.355651141457545,-0.9346187808833852,0));
#11669=DIRECTION('',(0.9922778482788537,0.12403496206750894,0));
#11670=FACE_SURFACE('',(#11675),#11671,.T.);
#11671=PLANE('',#11672);
#11672=AXIS2_PLACEMENT_3D('',#286,#11673,#11674);
#11673=DIRECTION('',(0,0,1));
#11674=DIRECTION('',(-1,0,0));
#11675=FACE_BOUND('',#11676,.T.);
#11676=EDGE_LOOP('',(#11677,#11678,#11679));
#11677=ORIENTED_EDGE('',*,*,#11680,.T.);
#11678=ORIENTED_EDGE('',*,*,#11681,.T.);
#11679=ORIENTED_EDGE('',*,*,#11682,.T.);
#11680=EDGE_CURVE('',#287,#293,#11683,.F.);
#11681=EDGE_CURVE('',#293,#399,#11684,.T.);
#11682=EDGE_CURVE('',#399,#287,#11685,.T.);
#11683=LINE('',#286,#11686);
#11684=LINE('',#292,#11687);
#11685=LINE('',#398,#11688);
#11686=VECTOR('',#11689,1.0);
#11687=VECTOR('',#11690,1.0);
#11688=VECTOR('',#11691,1.0);
#11689=DIRECTION('',(-1,0,0));
#11690=DIRECTION('',(-0.06110928567055518,-0.9981310811736275,0));
#11691=DIRECTION('',(0.5866966514128613,0.8098067912909446,0));
#11692=FACE_SURFACE('',(#11697),#11693,.T.);
#11693=PLANE('',#11694);
#11694=AXIS2_PLACEMENT_3D('',#744,#11695,#11696);
#11695=DIRECTION('',(0,0,1));
#11696=DIRECTION('',(-0.3162279484230597,-0.9486832372484204,0));
#11697=FACE_BOUND('',#11698,.T.);
#11698=EDGE_LOOP('',(#11699,#11700,#11701));
#11699=ORIENTED_EDGE('',*,*,#11702,.T.);
#11700=ORIENTED_EDGE('',*,*,#11703,.T.);
#11701=ORIENTED_EDGE('',*,*,#11704,.T.);
#11702=EDGE_CURVE('',#745,#277,#11705,.F.);
#11703=EDGE_CURVE('',#277,#495,#11706,.T.);
#11704=EDGE_CURVE('',#495,#745,#11707,.T.);
#11705=LINE('',#744,#11708);
#11706=LINE('',#276,#11709);
#11707=LINE('',#494,#11710);
#11708=VECTOR('',#11711,1.0);
#11709=VECTOR('',#11712,1.0);
#11710=VECTOR('',#11713,1.0);
#11711=DIRECTION('',(-0.3162279484230597,-0.9486832372484204,0));
#11712=DIRECTION('',(0.7776300679759782,0.628722098688821,0));
#11713=DIRECTION('',(-0.965467524680736,0.2605234323181932,0));
#11714=FACE_SURFACE('',(#11719),#11715,.T.);
#11715=PLANE('',#11716);
#11716=AXIS2_PLACEMENT_3D('',#398,#11717,#11718);
#11717=DIRECTION('',(0,0,1));
#11718=DIRECTION('',(-0.20395403565693782,-0.978980465249051,0));
#11719=FACE_BOUND('',#11720,.T.);
#11720=EDGE_LOOP('',(#11721,#11722,#11723));
#11721=ORIENTED_EDGE('',*,*,#11724,.T.);
#11722=ORIENTED_EDGE('',*,*,#11725,.T.);
#11723=ORIENTED_EDGE('',*,*,#11726,.T.);
#11724=EDGE_CURVE('',#399,#745,#11727,.F.);
#11725=EDGE_CURVE('',#745,#495,#11728,.T.);
#11726=EDGE_CURVE('',#495,#399,#11729,.T.);
#11727=LINE('',#398,#11730);
#11728=LINE('',#744,#11731);
#11729=LINE('',#494,#11732);
#11730=VECTOR('',#11733,1.0);
#11731=VECTOR('',#11734,1.0);
#11732=VECTOR('',#11735,1.0);
#11733=DIRECTION('',(-0.20395403565693782,-0.978980465249051,0));
#11734=DIRECTION('',(0.965467524680736,-0.2605234323181932,0));
#11735=DIRECTION('',(-0.355651141457545,0.9346187808833852,0));
#11736=FACE_SURFACE('',(#11741),#11737,.T.);
#11737=PLANE('',#11738);
#11738=AXIS2_PLACEMENT_3D('',#494,#11739,#11740);
#11739=DIRECTION('',(0,0,1));
#11740=DIRECTION('',(-0.7776300679759782,-0.628722098688821,0));
#11741=FACE_BOUND('',#11742,.T.);
#11742=EDGE_LOOP('',(#11743,#11744,#11745));
#11743=ORIENTED_EDGE('',*,*,#11746,.T.);
#11744=ORIENTED_EDGE('',*,*,#11747,.T.);
#11745=ORIENTED_EDGE('',*,*,#11748,.T.);
#11746=EDGE_CURVE('',#495,#277,#11749,.F.);
#11747=EDGE_CURVE('',#277,#275,#11750,.T.);
#11748=EDGE_CURVE('',#275,#495,#11751,.T.);
#11749=LINE('',#494,#11752);
#11750=LINE('',#276,#11753);
#11751=LINE('',#274,#11754);
#11752=VECTOR('',#11755,1.0);
#11753=VECTOR('',#11756,1.0);
#11754=VECTOR('',#11757,1.0);
#11755=DIRECTION('',(-0.7776300679759782,-0.628722098688821,0));
#11756=DIRECTION('',(0.9230765975162069,-0.3846161659601723,0));
#11757=DIRECTION('',(0.3190417438154884,0.9477406637383311,0));
#11758=FACE_SURFACE('',(#11763),#11759,.T.);
#11759=PLANE('',#11760);
#11760=AXIS2_PLACEMENT_3D('',#494,#11761,#11762);
#11761=DIRECTION('',(0,-0,1));
#11762=DIRECTION('',(0.19611634923030272,0.9805806328724721,0));
#11763=FACE_BOUND('',#11764,.T.);
#11764=EDGE_LOOP('',(#11765,#11766,#11767));
#11765=ORIENTED_EDGE('',*,*,#11768,.T.);
#11766=ORIENTED_EDGE('',*,*,#11769,.T.);
#11767=ORIENTED_EDGE('',*,*,#11770,.T.);
#11768=EDGE_CURVE('',#495,#505,#11771,.F.);
#11769=EDGE_CURVE('',#505,#399,#11772,.T.);
#11770=EDGE_CURVE('',#399,#495,#11773,.T.);
#11771=LINE('',#494,#11774);
#11772=LINE('',#504,#11775);
#11773=LINE('',#398,#11776);
#11774=VECTOR('',#11777,1.0);
#11775=VECTOR('',#11778,1.0);
#11776=VECTOR('',#11779,1.0);
#11777=DIRECTION('',(0.19611634923030272,0.9805806328724721,0));
#11778=DIRECTION('',(-0.9922778482788537,0.12403496206750894,0));
#11779=DIRECTION('',(0.355651141457545,-0.9346187808833852,0));
#11780=FACE_SURFACE('',(#11785),#11781,.T.);
#11781=PLANE('',#11782);
#11782=AXIS2_PLACEMENT_3D('',#286,#11783,#11784);
#11783=DIRECTION('',(0,0,1));
#11784=DIRECTION('',(-0.5866966514128613,-0.8098067912909446,0));
#11785=FACE_BOUND('',#11786,.T.);
#11786=EDGE_LOOP('',(#11787,#11788,#11789));
#11787=ORIENTED_EDGE('',*,*,#11790,.T.);
#11788=ORIENTED_EDGE('',*,*,#11791,.T.);
#11789=ORIENTED_EDGE('',*,*,#11792,.T.);
#11790=EDGE_CURVE('',#287,#399,#11793,.F.);
#11791=EDGE_CURVE('',#399,#505,#11794,.T.);
#11792=EDGE_CURVE('',#505,#287,#11795,.T.);
#11793=LINE('',#286,#11796);
#11794=LINE('',#398,#11797);
#11795=LINE('',#504,#11798);
#11796=VECTOR('',#11799,1.0);
#11797=VECTOR('',#11800,1.0);
#11798=VECTOR('',#11801,1.0);
#11799=DIRECTION('',(-0.5866966514128613,-0.8098067912909446,0));
#11800=DIRECTION('',(0.9922778482788537,-0.12403496206750894,0));
#11801=DIRECTION('',(0.06589392054040595,0.9978266338577131,0));
#11802=FACE_SURFACE('',(#11807),#11803,.T.);
#11803=PLANE('',#11804);
#11804=AXIS2_PLACEMENT_3D('',#738,#11805,#11806);
#11805=DIRECTION('',(0,0,1));
#11806=DIRECTION('',(-0.6656147564728832,0.7462955151718014,0));
#11807=FACE_BOUND('',#11808,.T.);
#11808=EDGE_LOOP('',(#11809,#11810,#11811));
#11809=ORIENTED_EDGE('',*,*,#11812,.T.);
#11810=ORIENTED_EDGE('',*,*,#11813,.T.);
#11811=ORIENTED_EDGE('',*,*,#11814,.T.);
#11812=EDGE_CURVE('',#739,#285,#11815,.F.);
#11813=EDGE_CURVE('',#285,#741,#11816,.T.);
#11814=EDGE_CURVE('',#741,#739,#11817,.T.);
#11815=LINE('',#738,#11818);
#11816=LINE('',#284,#11819);
#11817=LINE('',#740,#11820);
#11818=VECTOR('',#11821,1.0);
#11819=VECTOR('',#11822,1.0);
#11820=VECTOR('',#11823,1.0);
#11821=DIRECTION('',(-0.6656147564728832,0.7462955151718014,0));
#11822=DIRECTION('',(-0.09610481026234266,-0.9953712199197037,0));
#11823=DIRECTION('',(0.7479249279025614,0.6637833247543572,0));
#11824=FACE_SURFACE('',(#11829),#11825,.T.);
#11825=PLANE('',#11826);
#11826=AXIS2_PLACEMENT_3D('',#742,#11827,#11828);
#11827=DIRECTION('',(0,0,1));
#11828=DIRECTION('',(-0.8320503397536478,0.5547001281015168,0));
#11829=FACE_BOUND('',#11830,.T.);
#11830=EDGE_LOOP('',(#11831,#11832,#11833));
#11831=ORIENTED_EDGE('',*,*,#11834,.T.);
#11832=ORIENTED_EDGE('',*,*,#11835,.T.);
#11833=ORIENTED_EDGE('',*,*,#11836,.T.);
#11834=EDGE_CURVE('',#743,#303,#11837,.F.);
#11835=EDGE_CURVE('',#303,#721,#11838,.T.);
#11836=EDGE_CURVE('',#721,#743,#11839,.T.);
#11837=LINE('',#742,#11840);
#11838=LINE('',#302,#11841);
#11839=LINE('',#720,#11842);
#11840=VECTOR('',#11843,1.0);
#11841=VECTOR('',#11844,1.0);
#11842=VECTOR('',#11845,1.0);
#11843=DIRECTION('',(-0.8320503397536478,0.5547001281015168,0));
#11844=DIRECTION('',(0.17105239636205508,-0.9852619335480278,0));
#11845=DIRECTION('',(0.5568761744497375,0.8305955251084763,0));
#11846=FACE_SURFACE('',(#11851),#11847,.T.);
#11847=PLANE('',#11848);
#11848=AXIS2_PLACEMENT_3D('',#146,#11849,#11850);
#11849=DIRECTION('',(-0.7468449382152595,0.6649982242549562,0));
#11850=DIRECTION('',(0.04106074082392627,0.04611441854311004,-0.9980919175934756));
#11851=FACE_BOUND('',#11852,.T.);
#11852=EDGE_LOOP('',(#11853,#11854,#11855));
#11853=ORIENTED_EDGE('',*,*,#11856,.T.);
#11854=ORIENTED_EDGE('',*,*,#11857,.T.);
#11855=ORIENTED_EDGE('',*,*,#11858,.T.);
#11856=EDGE_CURVE('',#147,#661,#11859,.F.);
#11857=EDGE_CURVE('',#661,#713,#11860,.T.);
#11858=EDGE_CURVE('',#713,#147,#11861,.T.);
#11859=LINE('',#146,#11862);
#11860=LINE('',#660,#11863);
#11861=LINE('',#712,#11864);
#11862=VECTOR('',#11865,1.0);
#11863=VECTOR('',#11866,1.0);
#11864=VECTOR('',#11867,1.0);
#11865=DIRECTION('',(0.04106074082392627,0.04611441854311004,-0.9980919175934756));
#11866=DIRECTION('',(-0.6649982242549564,-0.7468449382152597,0));
#11867=DIRECTION('',(0,0,1));
#11868=FACE_SURFACE('',(#11873),#11869,.T.);
#11869=PLANE('',#11870);
#11870=AXIS2_PLACEMENT_3D('',#740,#11871,#11872);
#11871=DIRECTION('',(0,0,1));
#11872=DIRECTION('',(-0.7550332148246641,0.6556865444032939,0));
#11873=FACE_BOUND('',#11874,.T.);
#11874=EDGE_LOOP('',(#11875,#11876,#11877));
#11875=ORIENTED_EDGE('',*,*,#11878,.T.);
#11876=ORIENTED_EDGE('',*,*,#11879,.T.);
#11877=ORIENTED_EDGE('',*,*,#11880,.T.);
#11878=EDGE_CURVE('',#741,#297,#11881,.F.);
#11879=EDGE_CURVE('',#297,#743,#11882,.T.);
#11880=EDGE_CURVE('',#743,#741,#11883,.T.);
#11881=LINE('',#740,#11884);
#11882=LINE('',#296,#11885);
#11883=LINE('',#742,#11886);
#11884=VECTOR('',#11887,1.0);
#11885=VECTOR('',#11888,1.0);
#11886=VECTOR('',#11889,1.0);
#11887=DIRECTION('',(-0.7550332148246641,0.6556865444032939,0));
#11888=DIRECTION('',(0.03422647124186712,-0.999414102695339,0));
#11889=DIRECTION('',(0.6637832039630626,0.74792503510481,0));
#11890=FACE_SURFACE('',(#11895),#11891,.T.);
#11891=PLANE('',#11892);
#11892=AXIS2_PLACEMENT_3D('',#378,#11893,#11894);
#11893=DIRECTION('',(0,-0,1));
#11894=DIRECTION('',(0.06111004167925623,0.9981310348876843,0));
#11895=FACE_BOUND('',#11896,.T.);
#11896=EDGE_LOOP('',(#11897,#11898,#11899));
#11897=ORIENTED_EDGE('',*,*,#11900,.T.);
#11898=ORIENTED_EDGE('',*,*,#11901,.T.);
#11899=ORIENTED_EDGE('',*,*,#11902,.T.);
#11900=EDGE_CURVE('',#379,#305,#11903,.F.);
#11901=EDGE_CURVE('',#305,#457,#11904,.T.);
#11902=EDGE_CURVE('',#457,#379,#11905,.T.);
#11903=LINE('',#378,#11906);
#11904=LINE('',#304,#11907);
#11905=LINE('',#456,#11908);
#11906=VECTOR('',#11909,1.0);
#11907=VECTOR('',#11910,1.0);
#11908=VECTOR('',#11911,1.0);
#11909=DIRECTION('',(0.06111004167925623,0.9981310348876843,0));
#11910=DIRECTION('',(-0.5866967725366686,-0.8098067035379841,0));
#11911=DIRECTION('',(1,0,0));
#11912=FACE_SURFACE('',(#11917),#11913,.T.);
#11913=PLANE('',#11914);
#11914=AXIS2_PLACEMENT_3D('',#712,#11915,#11916);
#11915=DIRECTION('',(-0.8304890313400775,0.557034979892484,0));
#11916=DIRECTION('',(-0.557034979892484,-0.8304890313400773,0));
#11917=FACE_BOUND('',#11918,.T.);
#11918=EDGE_LOOP('',(#11919,#11920,#11921));
#11919=ORIENTED_EDGE('',*,*,#11922,.T.);
#11920=ORIENTED_EDGE('',*,*,#11923,.T.);
#11921=ORIENTED_EDGE('',*,*,#11924,.T.);
#11922=EDGE_CURVE('',#713,#717,#11925,.F.);
#11923=EDGE_CURVE('',#717,#149,#11926,.T.);
#11924=EDGE_CURVE('',#149,#713,#11927,.T.);
#11925=LINE('',#712,#11928);
#11926=LINE('',#716,#11929);
#11927=LINE('',#148,#11930);
#11928=VECTOR('',#11931,1.0);
#11929=VECTOR('',#11932,1.0);
#11930=VECTOR('',#11933,1.0);
#11931=DIRECTION('',(-0.557034979892484,-0.8304890313400773,0));
#11932=DIRECTION('',(0,0,1));
#11933=DIRECTION('',(0.03474233910489893,0.05179770138544097,-0.998053088770685));
#11934=FACE_SURFACE('',(#11939),#11935,.T.);
#11935=PLANE('',#11936);
#11936=AXIS2_PLACEMENT_3D('',#712,#11937,#11938);
#11937=DIRECTION('',(-0.8304890313400775,0.557034979892484,0));
#11938=DIRECTION('',(-0.03474233910489893,-0.05179770138544097,0.998053088770685));
#11939=FACE_BOUND('',#11940,.T.);
#11940=EDGE_LOOP('',(#11941,#11942,#11943));
#11941=ORIENTED_EDGE('',*,*,#11944,.T.);
#11942=ORIENTED_EDGE('',*,*,#11945,.T.);
#11943=ORIENTED_EDGE('',*,*,#11946,.T.);
#11944=EDGE_CURVE('',#713,#149,#11947,.F.);
#11945=EDGE_CURVE('',#149,#147,#11948,.T.);
#11946=EDGE_CURVE('',#147,#713,#11949,.T.);
#11947=LINE('',#712,#11950);
#11948=LINE('',#148,#11951);
#11949=LINE('',#146,#11952);
#11950=VECTOR('',#11953,1.0);
#11951=VECTOR('',#11954,1.0);
#11952=VECTOR('',#11955,1.0);
#11953=DIRECTION('',(-0.03474233910489893,-0.05179770138544097,0.998053088770685));
#11954=DIRECTION('',(0.557034979892484,0.8304890313400773,0));
#11955=DIRECTION('',(0,0,-1));
#11956=FACE_SURFACE('',(#11961),#11957,.T.);
#11957=PLANE('',#11958);
#11958=AXIS2_PLACEMENT_3D('',#150,#11959,#11960);
#11959=DIRECTION('',(-0.8984736982273257,0.43902734948259503,0));
#11960=DIRECTION('',(0.439027349482595,0.8984736982273256,0));
#11961=FACE_BOUND('',#11962,.T.);
#11962=EDGE_LOOP('',(#11963,#11964,#11965));
#11963=ORIENTED_EDGE('',*,*,#11966,.T.);
#11964=ORIENTED_EDGE('',*,*,#11967,.T.);
#11965=ORIENTED_EDGE('',*,*,#11968,.T.);
#11966=EDGE_CURVE('',#151,#149,#11969,.F.);
#11967=EDGE_CURVE('',#149,#727,#11970,.T.);
#11968=EDGE_CURVE('',#727,#151,#11971,.T.);
#11969=LINE('',#150,#11972);
#11970=LINE('',#148,#11973);
#11971=LINE('',#726,#11974);
#11972=VECTOR('',#11975,1.0);
#11973=VECTOR('',#11976,1.0);
#11974=VECTOR('',#11977,1.0);
#11975=DIRECTION('',(0.439027349482595,0.8984736982273256,0));
#11976=DIRECTION('',(-0.02716305703318731,-0.055589457778723435,-0.9980841550272599));
#11977=DIRECTION('',(0,0,1));
#11978=FACE_SURFACE('',(#11983),#11979,.T.);
#11979=PLANE('',#11980);
#11980=AXIS2_PLACEMENT_3D('',#716,#11981,#11982);
#11981=DIRECTION('',(-0.8984736982273257,0.43902734948259503,0));
#11982=DIRECTION('',(-0.439027349482595,-0.8984736982273256,0));
#11983=FACE_BOUND('',#11984,.T.);
#11984=EDGE_LOOP('',(#11985,#11986,#11987));
#11985=ORIENTED_EDGE('',*,*,#11988,.T.);
#11986=ORIENTED_EDGE('',*,*,#11989,.T.);
#11987=ORIENTED_EDGE('',*,*,#11990,.T.);
#11988=EDGE_CURVE('',#717,#727,#11991,.F.);
#11989=EDGE_CURVE('',#727,#149,#11992,.T.);
#11990=EDGE_CURVE('',#149,#717,#11993,.T.);
#11991=LINE('',#716,#11994);
#11992=LINE('',#726,#11995);
#11993=LINE('',#148,#11996);
#11994=VECTOR('',#11997,1.0);
#11995=VECTOR('',#11998,1.0);
#11996=VECTOR('',#11999,1.0);
#11997=DIRECTION('',(-0.439027349482595,-0.8984736982273256,0));
#11998=DIRECTION('',(0.02716305703318731,0.055589457778723435,0.9980841550272599));
#11999=DIRECTION('',(0,0,-1));
#12000=FACE_SURFACE('',(#12005),#12001,.T.);
#12001=PLANE('',#12002);
#12002=AXIS2_PLACEMENT_3D('',#558,#12003,#12004);
#12003=DIRECTION('',(0,-0,1));
#12004=DIRECTION('',(0.8682431421244592,0.4961389383568338,0));
#12005=FACE_BOUND('',#12006,.T.);
#12006=EDGE_LOOP('',(#12007,#12008,#12009));
#12007=ORIENTED_EDGE('',*,*,#12010,.T.);
#12008=ORIENTED_EDGE('',*,*,#12011,.T.);
#12009=ORIENTED_EDGE('',*,*,#12012,.T.);
#12010=EDGE_CURVE('',#559,#447,#12013,.F.);
#12011=EDGE_CURVE('',#447,#455,#12014,.T.);
#12012=EDGE_CURVE('',#455,#559,#12015,.T.);
#12013=LINE('',#558,#12016);
#12014=LINE('',#446,#12017);
#12015=LINE('',#454,#12018);
#12016=VECTOR('',#12019,1.0);
#12017=VECTOR('',#12020,1.0);
#12018=VECTOR('',#12021,1.0);
#12019=DIRECTION('',(0.8682431421244592,0.4961389383568338,0));
#12020=DIRECTION('',(-0.8530772043138287,0.5217847098948972,0));
#12021=DIRECTION('',(0.4434358542906828,-0.89630611017079,0));
#12022=FACE_SURFACE('',(#12027),#12023,.T.);
#12023=PLANE('',#12024);
#12024=AXIS2_PLACEMENT_3D('',#378,#12025,#12026);
#12025=DIRECTION('',(0,0,1));
#12026=DIRECTION('',(-1,0,0));
#12027=FACE_BOUND('',#12028,.T.);
#12028=EDGE_LOOP('',(#12029,#12030,#12031));
#12029=ORIENTED_EDGE('',*,*,#12032,.T.);
#12030=ORIENTED_EDGE('',*,*,#12033,.T.);
#12031=ORIENTED_EDGE('',*,*,#12034,.T.);
#12032=EDGE_CURVE('',#379,#457,#12035,.F.);
#12033=EDGE_CURVE('',#457,#381,#12036,.T.);
#12034=EDGE_CURVE('',#381,#379,#12037,.T.);
#12035=LINE('',#378,#12038);
#12036=LINE('',#456,#12039);
#12037=LINE('',#380,#12040);
#12038=VECTOR('',#12041,1.0);
#12039=VECTOR('',#12042,1.0);
#12040=VECTOR('',#12043,1.0);
#12041=DIRECTION('',(-1,0,0));
#12042=DIRECTION('',(0.5866967725366686,-0.8098067035379841,0));
#12043=DIRECTION('',(-0.06111004167925623,0.9981310348876843,0));
#12044=FACE_SURFACE('',(#12049),#12045,.T.);
#12045=PLANE('',#12046);
#12046=AXIS2_PLACEMENT_3D('',#722,#12047,#12048);
#12047=DIRECTION('',(0,0,1));
#12048=DIRECTION('',(-0.9467132562775832,0.32207764652067244,0));
#12049=FACE_BOUND('',#12050,.T.);
#12050=EDGE_LOOP('',(#12051,#12052,#12053));
#12051=ORIENTED_EDGE('',*,*,#12054,.T.);
#12052=ORIENTED_EDGE('',*,*,#12055,.T.);
#12053=ORIENTED_EDGE('',*,*,#12056,.T.);
#12054=EDGE_CURVE('',#723,#313,#12057,.F.);
#12055=EDGE_CURVE('',#313,#725,#12058,.T.);
#12056=EDGE_CURVE('',#725,#723,#12059,.T.);
#12057=LINE('',#722,#12060);
#12058=LINE('',#312,#12061);
#12059=LINE('',#724,#12062);
#12060=VECTOR('',#12063,1.0);
#12061=VECTOR('',#12064,1.0);
#12062=VECTOR('',#12065,1.0);
#12063=DIRECTION('',(-0.9467132562775832,0.32207764652067244,0));
#12064=DIRECTION('',(0.42547192039467446,-0.9049716266025515,0));
#12065=DIRECTION('',(0.3190415361509841,0.9477407336452414,0));
#12066=FACE_SURFACE('',(#12071),#12067,.T.);
#12067=PLANE('',#12068);
#12068=AXIS2_PLACEMENT_3D('',#726,#12069,#12070);
#12069=DIRECTION('',(-0.9486833436520367,0.3162276292122363,0));
#12070=DIRECTION('',(-0.3162276292122363,-0.9486833436520368,0));
#12071=FACE_BOUND('',#12072,.T.);
#12072=EDGE_LOOP('',(#12073,#12074,#12075));
#12073=ORIENTED_EDGE('',*,*,#12076,.T.);
#12074=ORIENTED_EDGE('',*,*,#12077,.T.);
#12075=ORIENTED_EDGE('',*,*,#12078,.T.);
#12076=EDGE_CURVE('',#727,#299,#12079,.F.);
#12077=EDGE_CURVE('',#299,#151,#12080,.T.);
#12078=EDGE_CURVE('',#151,#727,#12081,.T.);
#12079=LINE('',#726,#12082);
#12080=LINE('',#298,#12083);
#12081=LINE('',#150,#12084);
#12082=VECTOR('',#12085,1.0);
#12083=VECTOR('',#12086,1.0);
#12084=VECTOR('',#12087,1.0);
#12085=DIRECTION('',(-0.3162276292122363,-0.9486833436520368,0));
#12086=DIRECTION('',(0.019582598803641226,0.0587478246499654,0.9980807657314075));
#12087=DIRECTION('',(0,0,-1));
#12088=FACE_SURFACE('',(#12093),#12089,.T.);
#12089=PLANE('',#12090);
#12090=AXIS2_PLACEMENT_3D('',#354,#12091,#12092);
#12091=DIRECTION('',(-0.9981118621535902,-0.06142239516896567,0));
#12092=DIRECTION('',(0.06142239516896568,-0.9981118621535902,0));
#12093=FACE_BOUND('',#12094,.T.);
#12094=EDGE_LOOP('',(#12095,#12096,#12097));
#12095=ORIENTED_EDGE('',*,*,#12098,.T.);
#12096=ORIENTED_EDGE('',*,*,#12099,.T.);
#12097=ORIENTED_EDGE('',*,*,#12100,.T.);
#12098=EDGE_CURVE('',#355,#353,#12101,.F.);
#12099=EDGE_CURVE('',#353,#747,#12102,.T.);
#12100=EDGE_CURVE('',#747,#355,#12103,.T.);
#12101=LINE('',#354,#12104);
#12102=LINE('',#352,#12105);
#12103=LINE('',#746,#12106);
#12104=VECTOR('',#12107,1.0);
#12105=VECTOR('',#12108,1.0);
#12106=VECTOR('',#12109,1.0);
#12107=DIRECTION('',(0.06142239516896568,-0.9981118621535902,0));
#12108=DIRECTION('',(0,0,1));
#12109=DIRECTION('',(-0.009635332922748341,0.1565738369456049,-0.987619255555297));
#12110=FACE_SURFACE('',(#12115),#12111,.T.);
#12111=PLANE('',#12112);
#12112=AXIS2_PLACEMENT_3D('',#380,#12113,#12114);
#12113=DIRECTION('',(0,0,1));
#12114=DIRECTION('',(-0.355651249115225,-0.9346187399163255,0));
#12115=FACE_BOUND('',#12116,.T.);
#12116=EDGE_LOOP('',(#12117,#12118,#12119));
#12117=ORIENTED_EDGE('',*,*,#12120,.T.);
#12118=ORIENTED_EDGE('',*,*,#12121,.T.);
#12119=ORIENTED_EDGE('',*,*,#12122,.T.);
#12120=EDGE_CURVE('',#381,#451,#12123,.F.);
#12121=EDGE_CURVE('',#451,#389,#12124,.T.);
#12122=EDGE_CURVE('',#389,#381,#12125,.T.);
#12123=LINE('',#380,#12126);
#12124=LINE('',#450,#12127);
#12125=LINE('',#388,#12128);
#12126=VECTOR('',#12129,1.0);
#12127=VECTOR('',#12130,1.0);
#12128=VECTOR('',#12131,1.0);
#12129=DIRECTION('',(-0.355651249115225,-0.9346187399163255,0));
#12130=DIRECTION('',(0.9654675556792428,0.260523317441545,0));
#12131=DIRECTION('',(-0.20395418129365003,0.9789804349080921,0));
#12132=FACE_SURFACE('',(#12137),#12133,.T.);
#12133=PLANE('',#12134);
#12134=AXIS2_PLACEMENT_3D('',#724,#12135,#12136);
#12135=DIRECTION('',(0,0,1));
#12136=DIRECTION('',(-0.9794572176048463,0.201652073834545,0));
#12137=FACE_BOUND('',#12138,.T.);
#12138=EDGE_LOOP('',(#12139,#12140,#12141));
#12139=ORIENTED_EDGE('',*,*,#12142,.T.);
#12140=ORIENTED_EDGE('',*,*,#12143,.T.);
#12141=ORIENTED_EDGE('',*,*,#12144,.T.);
#12142=EDGE_CURVE('',#725,#319,#12145,.F.);
#12143=EDGE_CURVE('',#319,#719,#12146,.T.);
#12144=EDGE_CURVE('',#719,#725,#12147,.T.);
#12145=LINE('',#724,#12148);
#12146=LINE('',#318,#12149);
#12147=LINE('',#718,#12150);
#12148=VECTOR('',#12151,1.0);
#12149=VECTOR('',#12152,1.0);
#12150=VECTOR('',#12153,1.0);
#12151=DIRECTION('',(-0.9794572176048463,0.201652073834545,0));
#12152=DIRECTION('',(0.5407578301384655,-0.8411783218461699,0));
#12153=DIRECTION('',(0.19611608161514998,0.9805806863955254,0));
#12154=FACE_SURFACE('',(#12159),#12155,.T.);
#12155=PLANE('',#12156);
#12156=AXIS2_PLACEMENT_3D('',#352,#12157,#12158);
#12157=DIRECTION('',(-0.9799872917628323,-0.1990600612462219,0));
#12158=DIRECTION('',(0.19906006124622186,-0.9799872917628322,0));
#12159=FACE_BOUND('',#12160,.T.);
#12160=EDGE_LOOP('',(#12161,#12162,#12163));
#12161=ORIENTED_EDGE('',*,*,#12164,.T.);
#12162=ORIENTED_EDGE('',*,*,#12165,.T.);
#12163=ORIENTED_EDGE('',*,*,#12166,.T.);
#12164=EDGE_CURVE('',#353,#405,#12167,.F.);
#12165=EDGE_CURVE('',#405,#747,#12168,.T.);
#12166=EDGE_CURVE('',#747,#353,#12169,.T.);
#12167=LINE('',#352,#12170);
#12168=LINE('',#404,#12171);
#12169=LINE('',#746,#12172);
#12170=VECTOR('',#12173,1.0);
#12171=VECTOR('',#12174,1.0);
#12172=VECTOR('',#12175,1.0);
#12173=DIRECTION('',(0.19906006124622186,-0.9799872917628322,0));
#12174=DIRECTION('',(-0.031312615729070244,0.15415430546052958,0.9875504899518734));
#12175=DIRECTION('',(0,0,-1));
#12176=FACE_SURFACE('',(#12181),#12177,.T.);
#12177=PLANE('',#12178);
#12178=AXIS2_PLACEMENT_3D('',#388,#12179,#12180);
#12179=DIRECTION('',(0,0,1));
#12180=DIRECTION('',(-0.9654675556792428,-0.260523317441545,0));
#12181=FACE_BOUND('',#12182,.T.);
#12182=EDGE_LOOP('',(#12183,#12184,#12185));
#12183=ORIENTED_EDGE('',*,*,#12186,.T.);
#12184=ORIENTED_EDGE('',*,*,#12187,.T.);
#12185=ORIENTED_EDGE('',*,*,#12188,.T.);
#12186=EDGE_CURVE('',#389,#451,#12189,.F.);
#12187=EDGE_CURVE('',#451,#441,#12190,.T.);
#12188=EDGE_CURVE('',#441,#389,#12191,.T.);
#12189=LINE('',#388,#12192);
#12190=LINE('',#450,#12193);
#12191=LINE('',#440,#12194);
#12192=VECTOR('',#12195,1.0);
#12193=VECTOR('',#12196,1.0);
#12194=VECTOR('',#12197,1.0);
#12195=DIRECTION('',(-0.9654675556792428,-0.260523317441545,0));
#12196=DIRECTION('',(0.7776301167044483,-0.6287220384193846,0));
#12197=DIRECTION('',(-0.31622781161839664,0.9486832828499929,0));
#12198=FACE_SURFACE('',(#12203),#12199,.T.);
#12199=PLANE('',#12200);
#12200=AXIS2_PLACEMENT_3D('',#440,#12201,#12202);
#12201=DIRECTION('',(0,0,1));
#12202=DIRECTION('',(-0.9230767331667463,-0.38461584039949176,0));
#12203=FACE_BOUND('',#12204,.T.);
#12204=EDGE_LOOP('',(#12205,#12206,#12207));
#12205=ORIENTED_EDGE('',*,*,#12208,.T.);
#12206=ORIENTED_EDGE('',*,*,#12209,.T.);
#12207=ORIENTED_EDGE('',*,*,#12210,.T.);
#12208=EDGE_CURVE('',#441,#455,#12211,.F.);
#12209=EDGE_CURVE('',#455,#447,#12212,.T.);
#12210=EDGE_CURVE('',#447,#441,#12213,.T.);
#12211=LINE('',#440,#12214);
#12212=LINE('',#454,#12215);
#12213=LINE('',#446,#12216);
#12214=VECTOR('',#12217,1.0);
#12215=VECTOR('',#12218,1.0);
#12216=VECTOR('',#12219,1.0);
#12217=DIRECTION('',(-0.9230767331667463,-0.38461584039949176,0));
#12218=DIRECTION('',(0.8530772043138287,-0.5217847098948972,0));
#12219=DIRECTION('',(-0.43902710943363354,0.898473815524052,0));
#12220=FACE_SURFACE('',(#12225),#12221,.T.);
#12221=PLANE('',#12222);
#12222=AXIS2_PLACEMENT_3D('',#320,#12223,#12224);
#12223=DIRECTION('',(0,0,1));
#12224=DIRECTION('',(0.6480361021321613,-0.7616096180677834,0));
#12225=FACE_BOUND('',#12226,.T.);
#12226=EDGE_LOOP('',(#12227,#12228,#12229));
#12227=ORIENTED_EDGE('',*,*,#12230,.T.);
#12228=ORIENTED_EDGE('',*,*,#12231,.T.);
#12229=ORIENTED_EDGE('',*,*,#12232,.T.);
#12230=EDGE_CURVE('',#321,#47,#12233,.F.);
#12231=EDGE_CURVE('',#47,#719,#12234,.T.);
#12232=EDGE_CURVE('',#719,#321,#12235,.T.);
#12233=LINE('',#320,#12236);
#12234=LINE('',#46,#12237);
#12235=LINE('',#718,#12238);
#12236=VECTOR('',#12239,1.0);
#12237=VECTOR('',#12240,1.0);
#12238=VECTOR('',#12241,1.0);
#12239=DIRECTION('',(0.6480361021321613,-0.7616096180677834,0));
#12240=DIRECTION('',(0.06589426969639137,0.9978266108002829,0));
#12241=DIRECTION('',(-0.9970544737892857,0.07669665114443218,0));
#12242=FACE_SURFACE('',(#12247),#12243,.T.);
#12243=PLANE('',#12244);
#12244=AXIS2_PLACEMENT_3D('',#404,#12245,#12246);
#12245=DIRECTION('',(-0.9471446425644768,-0.32080683605778987,0));
#12246=DIRECTION('',(0.32080683605778987,-0.9471446425644768,0));
#12247=FACE_BOUND('',#12248,.T.);
#12248=EDGE_LOOP('',(#12249,#12250,#12251));
#12249=ORIENTED_EDGE('',*,*,#12252,.T.);
#12250=ORIENTED_EDGE('',*,*,#12253,.T.);
#12251=ORIENTED_EDGE('',*,*,#12254,.T.);
#12252=EDGE_CURVE('',#405,#365,#12255,.F.);
#12253=EDGE_CURVE('',#365,#749,#12256,.T.);
#12254=EDGE_CURVE('',#749,#405,#12257,.T.);
#12255=LINE('',#404,#12258);
#12256=LINE('',#364,#12259);
#12257=LINE('',#748,#12260);
#12258=VECTOR('',#12261,1.0);
#12259=VECTOR('',#12262,1.0);
#12260=VECTOR('',#12263,1.0);
#12261=DIRECTION('',(0.32080683605778987,-0.9471446425644768,0));
#12262=DIRECTION('',(0,0,1));
#12263=DIRECTION('',(-0.05057893328883742,0.1493283817758758,-0.9874931928391008));
#12264=FACE_SURFACE('',(#12269),#12265,.T.);
#12265=PLANE('',#12266);
#12266=AXIS2_PLACEMENT_3D('',#266,#12267,#12268);
#12267=DIRECTION('',(0.20395430265759665,-0.978980409623938,0));
#12268=DIRECTION('',(-0.06064278024133506,-0.012633915687945696,-0.9980795746727767));
#12269=FACE_BOUND('',#12270,.T.);
#12270=EDGE_LOOP('',(#12271,#12272,#12273));
#12271=ORIENTED_EDGE('',*,*,#12274,.T.);
#12272=ORIENTED_EDGE('',*,*,#12275,.T.);
#12273=ORIENTED_EDGE('',*,*,#12276,.T.);
#12274=EDGE_CURVE('',#267,#97,#12277,.F.);
#12275=EDGE_CURVE('',#97,#95,#12278,.T.);
#12276=EDGE_CURVE('',#95,#267,#12279,.T.);
#12277=LINE('',#266,#12280);
#12278=LINE('',#96,#12281);
#12279=LINE('',#94,#12282);
#12280=VECTOR('',#12283,1.0);
#12281=VECTOR('',#12284,1.0);
#12282=VECTOR('',#12285,1.0);
#12283=DIRECTION('',(-0.06064278024133506,-0.012633915687945696,-0.9980795746727767));
#12284=DIRECTION('',(0.9789804096239381,0.20395430265759665,0));
#12285=DIRECTION('',(0,0,1));
#12286=FACE_SURFACE('',(#12291),#12287,.T.);
#12287=PLANE('',#12288);
#12288=AXIS2_PLACEMENT_3D('',#336,#12289,#12290);
#12289=DIRECTION('',(0,0,1));
#12290=DIRECTION('',(-0.9049716266025515,0.42547192039467446,0));
#12291=FACE_BOUND('',#12292,.T.);
#12292=EDGE_LOOP('',(#12293,#12294,#12295));
#12293=ORIENTED_EDGE('',*,*,#12296,.T.);
#12294=ORIENTED_EDGE('',*,*,#12297,.T.);
#12295=ORIENTED_EDGE('',*,*,#12298,.T.);
#12296=EDGE_CURVE('',#337,#751,#12299,.F.);
#12297=EDGE_CURVE('',#751,#331,#12300,.T.);
#12298=EDGE_CURVE('',#331,#337,#12301,.T.);
#12299=LINE('',#336,#12302);
#12300=LINE('',#750,#12303);
#12301=LINE('',#330,#12304);
#12302=VECTOR('',#12305,1.0);
#12303=VECTOR('',#12306,1.0);
#12304=VECTOR('',#12307,1.0);
#12305=DIRECTION('',(-0.9049716266025515,0.42547192039467446,0));
#12306=DIRECTION('',(0.201652073834545,-0.9794572176048463,0));
#12307=DIRECTION('',(0.9452840773515323,0.32624839172885184,0));
#12308=FACE_SURFACE('',(#12313),#12309,.T.);
#12309=PLANE('',#12310);
#12310=AXIS2_PLACEMENT_3D('',#342,#12311,#12312);
#12311=DIRECTION('',(0,0,1));
#12312=DIRECTION('',(-0.9546004009378599,0.2978893662574699,0));
#12313=FACE_BOUND('',#12314,.T.);
#12314=EDGE_LOOP('',(#12315,#12316,#12317));
#12315=ORIENTED_EDGE('',*,*,#12318,.T.);
#12316=ORIENTED_EDGE('',*,*,#12319,.T.);
#12317=ORIENTED_EDGE('',*,*,#12320,.T.);
#12318=EDGE_CURVE('',#343,#753,#12321,.F.);
#12319=EDGE_CURVE('',#753,#337,#12322,.T.);
#12320=EDGE_CURVE('',#337,#343,#12323,.T.);
#12321=LINE('',#342,#12324);
#12322=LINE('',#752,#12325);
#12323=LINE('',#336,#12326);
#12324=VECTOR('',#12327,1.0);
#12325=VECTOR('',#12328,1.0);
#12326=VECTOR('',#12329,1.0);
#12327=DIRECTION('',(-0.9546004009378599,0.2978893662574699,0));
#12328=DIRECTION('',(0.32207764652067244,-0.9467132562775832,0));
#12329=DIRECTION('',(0.8977274414529742,0.44055129197665144,0));
#12330=FACE_SURFACE('',(#12335),#12331,.T.);
#12331=PLANE('',#12332);
#12332=AXIS2_PLACEMENT_3D('',#364,#12333,#12334);
#12333=DIRECTION('',(-0.8974486584734775,-0.44111892433237926,0));
#12334=DIRECTION('',(0.4411189243323793,-0.8974486584734777,0));
#12335=FACE_BOUND('',#12336,.T.);
#12336=EDGE_LOOP('',(#12337,#12338,#12339));
#12337=ORIENTED_EDGE('',*,*,#12340,.T.);
#12338=ORIENTED_EDGE('',*,*,#12341,.T.);
#12339=ORIENTED_EDGE('',*,*,#12342,.T.);
#12340=EDGE_CURVE('',#365,#369,#12343,.F.);
#12341=EDGE_CURVE('',#369,#749,#12344,.T.);
#12342=EDGE_CURVE('',#749,#365,#12345,.T.);
#12343=LINE('',#364,#12346);
#12344=LINE('',#368,#12347);
#12345=LINE('',#748,#12348);
#12346=VECTOR('',#12349,1.0);
#12347=VECTOR('',#12350,1.0);
#12348=VECTOR('',#12351,1.0);
#12349=DIRECTION('',(0.4411189243323793,-0.8974486584734777,0));
#12350=DIRECTION('',(-0.06983957508409096,0.14208738167929572,0.9873872643089923));
#12351=DIRECTION('',(0,0,-1));
#12352=FACE_SURFACE('',(#12357),#12353,.T.);
#12353=PLANE('',#12354);
#12354=AXIS2_PLACEMENT_3D('',#200,#12355,#12356);
#12355=DIRECTION('',(0.3162276292122363,-0.9486833436520367,0));
#12356=DIRECTION('',(-0.9486833436520368,-0.3162276292122363,0));
#12357=FACE_BOUND('',#12358,.T.);
#12358=EDGE_LOOP('',(#12359,#12360,#12361));
#12359=ORIENTED_EDGE('',*,*,#12362,.T.);
#12360=ORIENTED_EDGE('',*,*,#12363,.T.);
#12361=ORIENTED_EDGE('',*,*,#12364,.T.);
#12362=EDGE_CURVE('',#201,#267,#12365,.F.);
#12363=EDGE_CURVE('',#267,#115,#12366,.T.);
#12364=EDGE_CURVE('',#115,#201,#12367,.T.);
#12365=LINE('',#200,#12368);
#12366=LINE('',#266,#12369);
#12367=LINE('',#114,#12370);
#12368=VECTOR('',#12371,1.0);
#12369=VECTOR('',#12372,1.0);
#12370=VECTOR('',#12373,1.0);
#12371=DIRECTION('',(-0.9486833436520368,-0.3162276292122363,0));
#12372=DIRECTION('',(0.0587478246499654,0.019582598803641226,-0.9980807657314075));
#12373=DIRECTION('',(0,0,1));
#12374=FACE_SURFACE('',(#12379),#12375,.T.);
#12375=PLANE('',#12376);
#12376=AXIS2_PLACEMENT_3D('',#94,#12377,#12378);
#12377=DIRECTION('',(0.3162276292122363,-0.9486833436520367,0));
#12378=DIRECTION('',(0.9486833436520368,0.3162276292122363,0));
#12379=FACE_BOUND('',#12380,.T.);
#12380=EDGE_LOOP('',(#12381,#12382,#12383));
#12381=ORIENTED_EDGE('',*,*,#12384,.T.);
#12382=ORIENTED_EDGE('',*,*,#12385,.T.);
#12383=ORIENTED_EDGE('',*,*,#12386,.T.);
#12384=EDGE_CURVE('',#95,#115,#12387,.F.);
#12385=EDGE_CURVE('',#115,#267,#12388,.T.);
#12386=EDGE_CURVE('',#267,#95,#12389,.T.);
#12387=LINE('',#94,#12390);
#12388=LINE('',#114,#12391);
#12389=LINE('',#266,#12392);
#12390=VECTOR('',#12393,1.0);
#12391=VECTOR('',#12394,1.0);
#12392=VECTOR('',#12395,1.0);
#12393=DIRECTION('',(0.9486833436520368,0.3162276292122363,0));
#12394=DIRECTION('',(-0.0587478246499654,-0.019582598803641226,0.9980807657314075));
#12395=DIRECTION('',(0,0,-1));
#12396=FACE_SURFACE('',(#12401),#12397,.T.);
#12397=PLANE('',#12398);
#12398=AXIS2_PLACEMENT_3D('',#462,#12399,#12400);
#12399=DIRECTION('',(-0,0,1));
#12400=DIRECTION('',(0,-1,0));
#12401=FACE_BOUND('',#12402,.T.);
#12402=EDGE_LOOP('',(#12403,#12404,#12405));
#12403=ORIENTED_EDGE('',*,*,#12406,.T.);
#12404=ORIENTED_EDGE('',*,*,#12407,.T.);
#12405=ORIENTED_EDGE('',*,*,#12408,.T.);
#12406=EDGE_CURVE('',#463,#469,#12409,.F.);
#12407=EDGE_CURVE('',#469,#97,#12410,.T.);
#12408=EDGE_CURVE('',#97,#463,#12411,.T.);
#12409=LINE('',#462,#12412);
#12410=LINE('',#468,#12413);
#12411=LINE('',#96,#12414);
#12412=VECTOR('',#12415,1.0);
#12413=VECTOR('',#12416,1.0);
#12414=VECTOR('',#12417,1.0);
#12415=DIRECTION('',(0,-1,0));
#12416=DIRECTION('',(0.8098067035379841,0.5866967725366686,0));
#12417=DIRECTION('',(-0.9981310348876843,-0.06111004167925623,0));
#12418=FACE_SURFACE('',(#12423),#12419,.T.);
#12419=PLANE('',#12420);
#12420=AXIS2_PLACEMENT_3D('',#196,#12421,#12422);
#12421=DIRECTION('',(0.43902734948259503,-0.8984736982273257,0));
#12422=DIRECTION('',(-0.8984736982273256,-0.439027349482595,0));
#12423=FACE_BOUND('',#12424,.T.);
#12424=EDGE_LOOP('',(#12425,#12426,#12427));
#12425=ORIENTED_EDGE('',*,*,#12428,.T.);
#12426=ORIENTED_EDGE('',*,*,#12429,.T.);
#12427=ORIENTED_EDGE('',*,*,#12430,.T.);
#12428=EDGE_CURVE('',#197,#201,#12431,.F.);
#12429=EDGE_CURVE('',#201,#91,#12432,.T.);
#12430=EDGE_CURVE('',#91,#197,#12433,.T.);
#12431=LINE('',#196,#12434);
#12432=LINE('',#200,#12435);
#12433=LINE('',#90,#12436);
#12434=VECTOR('',#12437,1.0);
#12435=VECTOR('',#12438,1.0);
#12436=VECTOR('',#12439,1.0);
#12437=DIRECTION('',(-0.8984736982273256,-0.439027349482595,0));
#12438=DIRECTION('',(0.055589457778723435,0.02716305703318731,-0.9980841550272599));
#12439=DIRECTION('',(0,0,1));
#12440=FACE_SURFACE('',(#12445),#12441,.T.);
#12441=PLANE('',#12442);
#12442=AXIS2_PLACEMENT_3D('',#114,#12443,#12444);
#12443=DIRECTION('',(0.43902734948259503,-0.8984736982273257,0));
#12444=DIRECTION('',(0.8984736982273256,0.439027349482595,0));
#12445=FACE_BOUND('',#12446,.T.);
#12446=EDGE_LOOP('',(#12447,#12448,#12449));
#12447=ORIENTED_EDGE('',*,*,#12450,.T.);
#12448=ORIENTED_EDGE('',*,*,#12451,.T.);
#12449=ORIENTED_EDGE('',*,*,#12452,.T.);
#12450=EDGE_CURVE('',#115,#91,#12453,.F.);
#12451=EDGE_CURVE('',#91,#201,#12454,.T.);
#12452=EDGE_CURVE('',#201,#115,#12455,.T.);
#12453=LINE('',#114,#12456);
#12454=LINE('',#90,#12457);
#12455=LINE('',#200,#12458);
#12456=VECTOR('',#12459,1.0);
#12457=VECTOR('',#12460,1.0);
#12458=VECTOR('',#12461,1.0);
#12459=DIRECTION('',(0.8984736982273256,0.439027349482595,0));
#12460=DIRECTION('',(-0.055589457778723435,-0.02716305703318731,0.9980841550272599));
#12461=DIRECTION('',(0,0,-1));
#12462=FACE_SURFACE('',(#12467),#12463,.T.);
#12463=PLANE('',#12464);
#12464=AXIS2_PLACEMENT_3D('',#506,#12465,#12466);
#12465=DIRECTION('',(-0,0,1));
#12466=DIRECTION('',(0.9986178327941094,-0.05255876735232901,0));
#12467=FACE_BOUND('',#12468,.T.);
#12468=EDGE_LOOP('',(#12469,#12470,#12471));
#12469=ORIENTED_EDGE('',*,*,#12472,.T.);
#12470=ORIENTED_EDGE('',*,*,#12473,.T.);
#12471=ORIENTED_EDGE('',*,*,#12474,.T.);
#12472=EDGE_CURVE('',#507,#403,#12475,.F.);
#12473=EDGE_CURVE('',#403,#159,#12476,.T.);
#12474=EDGE_CURVE('',#159,#507,#12477,.T.);
#12475=LINE('',#506,#12478);
#12476=LINE('',#402,#12479);
#12477=LINE('',#158,#12480);
#12478=VECTOR('',#12481,1.0);
#12479=VECTOR('',#12482,1.0);
#12480=VECTOR('',#12483,1.0);
#12481=DIRECTION('',(0.9986178327941094,-0.05255876735232901,0));
#12482=DIRECTION('',(-0.06707561472492926,0.9977478949660946,0));
#12483=DIRECTION('',(-0.6066732986137449,-0.7949512618702594,0));
#12484=FACE_SURFACE('',(#12489),#12485,.T.);
#12485=PLANE('',#12486);
#12486=AXIS2_PLACEMENT_3D('',#506,#12487,#12488);
#12487=DIRECTION('',(0,0,1));
#12488=DIRECTION('',(-0.06589392054040595,-0.9978266338577131,0));
#12489=FACE_BOUND('',#12490,.T.);
#12490=EDGE_LOOP('',(#12491,#12492,#12493));
#12491=ORIENTED_EDGE('',*,*,#12494,.T.);
#12492=ORIENTED_EDGE('',*,*,#12495,.T.);
#12493=ORIENTED_EDGE('',*,*,#12496,.T.);
#12494=EDGE_CURVE('',#507,#503,#12497,.F.);
#12495=EDGE_CURVE('',#503,#403,#12498,.T.);
#12496=EDGE_CURVE('',#403,#507,#12499,.T.);
#12497=LINE('',#506,#12500);
#12498=LINE('',#502,#12501);
#12499=LINE('',#402,#12502);
#12500=VECTOR('',#12503,1.0);
#12501=VECTOR('',#12504,1.0);
#12502=VECTOR('',#12505,1.0);
#12503=DIRECTION('',(-0.06589392054040595,-0.9978266338577131,0));
#12504=DIRECTION('',(0.7105813994193437,0.7036150046717645,0));
#12505=DIRECTION('',(-0.9986178327941094,0.05255876735232901,0));
#12506=FACE_SURFACE('',(#12511),#12507,.T.);
#12507=PLANE('',#12508);
#12508=AXIS2_PLACEMENT_3D('',#386,#12509,#12510);
#12509=DIRECTION('',(0,-0,1));
#12510=DIRECTION('',(0.32624879611734786,0.9452839377837652,0));
#12511=FACE_BOUND('',#12512,.T.);
#12512=EDGE_LOOP('',(#12513,#12514,#12515));
#12513=ORIENTED_EDGE('',*,*,#12516,.T.);
#12514=ORIENTED_EDGE('',*,*,#12517,.T.);
#12515=ORIENTED_EDGE('',*,*,#12518,.T.);
#12516=EDGE_CURVE('',#387,#393,#12519,.F.);
#12517=EDGE_CURVE('',#393,#491,#12520,.T.);
#12518=EDGE_CURVE('',#491,#387,#12521,.T.);
#12519=LINE('',#386,#12522);
#12520=LINE('',#392,#12523);
#12521=LINE('',#490,#12524);
#12522=VECTOR('',#12525,1.0);
#12523=VECTOR('',#12526,1.0);
#12524=VECTOR('',#12527,1.0);
#12525=DIRECTION('',(0.32624879611734786,0.9452839377837652,0));
#12526=DIRECTION('',(-0.8741573736503844,-0.48564275562666676,0));
#12527=DIRECTION('',(0.8964786595580303,-0.44308691354748586,0));
#12528=FACE_SURFACE('',(#12533),#12529,.T.);
#12529=PLANE('',#12530);
#12530=AXIS2_PLACEMENT_3D('',#492,#12531,#12532);
#12531=DIRECTION('',(0,0,1));
#12532=DIRECTION('',(-0.3190417438154884,-0.9477406637383311,0));
#12533=FACE_BOUND('',#12534,.T.);
#12534=EDGE_LOOP('',(#12535,#12536,#12537));
#12535=ORIENTED_EDGE('',*,*,#12538,.T.);
#12536=ORIENTED_EDGE('',*,*,#12539,.T.);
#12537=ORIENTED_EDGE('',*,*,#12540,.T.);
#12538=EDGE_CURVE('',#493,#491,#12541,.F.);
#12539=EDGE_CURVE('',#491,#393,#12542,.T.);
#12540=EDGE_CURVE('',#393,#493,#12543,.T.);
#12541=LINE('',#492,#12544);
#12542=LINE('',#490,#12545);
#12543=LINE('',#392,#12546);
#12544=VECTOR('',#12547,1.0);
#12545=VECTOR('',#12548,1.0);
#12546=VECTOR('',#12549,1.0);
#12547=DIRECTION('',(-0.3190417438154884,-0.9477406637383311,0));
#12548=DIRECTION('',(0.8741573736503844,0.48564275562666676,0));
#12549=DIRECTION('',(-0.9476481643639576,0.319316389459767,0));
#12550=FACE_SURFACE('',(#12555),#12551,.T.);
#12551=PLANE('',#12552);
#12552=AXIS2_PLACEMENT_3D('',#396,#12553,#12554);
#12553=DIRECTION('',(0,0,1));
#12554=DIRECTION('',(-0.7974965466189298,-0.6033235103415755,0));
#12555=FACE_BOUND('',#12556,.T.);
#12556=EDGE_LOOP('',(#12557,#12558,#12559));
#12557=ORIENTED_EDGE('',*,*,#12560,.T.);
#12558=ORIENTED_EDGE('',*,*,#12561,.T.);
#12559=ORIENTED_EDGE('',*,*,#12562,.T.);
#12560=EDGE_CURVE('',#397,#493,#12563,.F.);
#12561=EDGE_CURVE('',#493,#393,#12564,.T.);
#12562=EDGE_CURVE('',#393,#397,#12565,.T.);
#12563=LINE('',#396,#12566);
#12564=LINE('',#492,#12567);
#12565=LINE('',#392,#12568);
#12566=VECTOR('',#12569,1.0);
#12567=VECTOR('',#12570,1.0);
#12568=VECTOR('',#12571,1.0);
#12569=DIRECTION('',(-0.7974965466189298,-0.6033235103415755,0));
#12570=DIRECTION('',(0.9476481643639576,-0.319316389459767,0));
#12571=DIRECTION('',(0.19131488505358935,0.9815287131596976,0));
#12572=FACE_SURFACE('',(#12577),#12573,.T.);
#12573=PLANE('',#12574);
#12574=AXIS2_PLACEMENT_3D('',#466,#12575,#12576);
#12575=DIRECTION('',(0,-0,1));
#12576=DIRECTION('',(0.9805806863955254,0.19611608161514998,0));
#12577=FACE_BOUND('',#12578,.T.);
#12578=EDGE_LOOP('',(#12579,#12580,#12581));
#12579=ORIENTED_EDGE('',*,*,#12582,.T.);
#12580=ORIENTED_EDGE('',*,*,#12583,.T.);
#12581=ORIENTED_EDGE('',*,*,#12584,.T.);
#12582=EDGE_CURVE('',#467,#99,#12585,.F.);
#12583=EDGE_CURVE('',#99,#97,#12586,.T.);
#12584=EDGE_CURVE('',#97,#467,#12587,.T.);
#12585=LINE('',#466,#12588);
#12586=LINE('',#98,#12589);
#12587=LINE('',#96,#12590);
#12588=VECTOR('',#12591,1.0);
#12589=VECTOR('',#12592,1.0);
#12590=VECTOR('',#12593,1.0);
#12591=DIRECTION('',(0.9805806863955254,0.19611608161514998,0));
#12592=DIRECTION('',(-0.9346187399163255,0.355651249115225,0));
#12593=DIRECTION('',(0.12403499050235471,-0.992277844724491,0));
#12594=FACE_SURFACE('',(#12599),#12595,.T.);
#12595=PLANE('',#12596);
#12596=AXIS2_PLACEMENT_3D('',#90,#12597,#12598);
#12597=DIRECTION('',(0.557034979892484,-0.8304890313400775,0));
#12598=DIRECTION('',(0.8304890313400773,0.557034979892484,0));
#12599=FACE_BOUND('',#12600,.T.);
#12600=EDGE_LOOP('',(#12601,#12602,#12603));
#12601=ORIENTED_EDGE('',*,*,#12604,.T.);
#12602=ORIENTED_EDGE('',*,*,#12605,.T.);
#12603=ORIENTED_EDGE('',*,*,#12606,.T.);
#12604=EDGE_CURVE('',#91,#113,#12607,.F.);
#12605=EDGE_CURVE('',#113,#197,#12608,.T.);
#12606=EDGE_CURVE('',#197,#91,#12609,.T.);
#12607=LINE('',#90,#12610);
#12608=LINE('',#112,#12611);
#12609=LINE('',#196,#12612);
#12610=VECTOR('',#12613,1.0);
#12611=VECTOR('',#12614,1.0);
#12612=VECTOR('',#12615,1.0);
#12613=DIRECTION('',(0.8304890313400773,0.557034979892484,0));
#12614=DIRECTION('',(-0.05179770138544097,-0.03474233910489893,0.998053088770685));
#12615=DIRECTION('',(0,0,-1));
#12616=FACE_SURFACE('',(#12621),#12617,.T.);
#12617=PLANE('',#12618);
#12618=AXIS2_PLACEMENT_3D('',#412,#12619,#12620);
#12619=DIRECTION('',(-0.7581854018497268,-0.6520390298302459,0));
#12620=DIRECTION('',(0.6520390298302459,-0.7581854018497268,0));
#12621=FACE_BOUND('',#12622,.T.);
#12622=EDGE_LOOP('',(#12623,#12624,#12625));
#12623=ORIENTED_EDGE('',*,*,#12626,.T.);
#12624=ORIENTED_EDGE('',*,*,#12627,.T.);
#12625=ORIENTED_EDGE('',*,*,#12628,.T.);
#12626=EDGE_CURVE('',#413,#411,#12629,.F.);
#12627=EDGE_CURVE('',#411,#755,#12630,.T.);
#12628=EDGE_CURVE('',#755,#413,#12631,.T.);
#12629=LINE('',#412,#12632);
#12630=LINE('',#410,#12633);
#12631=LINE('',#754,#12634);
#12632=VECTOR('',#12635,1.0);
#12633=VECTOR('',#12636,1.0);
#12634=VECTOR('',#12637,1.0);
#12635=DIRECTION('',(0.6520390298302459,-0.7581854018497268,0));
#12636=DIRECTION('',(0,0,1));
#12637=DIRECTION('',(-0.10354713806692585,0.12040372568816984,-0.9873099478069474));
#12638=FACE_SURFACE('',(#12643),#12639,.T.);
#12639=PLANE('',#12640);
#12640=AXIS2_PLACEMENT_3D('',#756,#12641,#12642);
#12641=DIRECTION('',(0,-0,1));
#12642=DIRECTION('',(0.9914988659712075,0.1301153287580275,0));
#12643=FACE_BOUND('',#12644,.T.);
#12644=EDGE_LOOP('',(#12645,#12646,#12647));
#12645=ORIENTED_EDGE('',*,*,#12648,.T.);
#12646=ORIENTED_EDGE('',*,*,#12649,.T.);
#12647=ORIENTED_EDGE('',*,*,#12650,.T.);
#12648=EDGE_CURVE('',#757,#681,#12651,.F.);
#12649=EDGE_CURVE('',#681,#747,#12652,.T.);
#12650=EDGE_CURVE('',#747,#757,#12653,.T.);
#12651=LINE('',#756,#12654);
#12652=LINE('',#680,#12655);
#12653=LINE('',#746,#12656);
#12654=VECTOR('',#12657,1.0);
#12655=VECTOR('',#12658,1.0);
#12656=VECTOR('',#12659,1.0);
#12657=DIRECTION('',(0.9914988659712075,0.1301153287580275,0));
#12658=DIRECTION('',(-0.9978772761660054,-0.06512251309273678,0));
#12659=DIRECTION('',(0.19906006124622186,-0.9799872917628322,0));
#12660=FACE_SURFACE('',(#12665),#12661,.T.);
#12661=PLANE('',#12662);
#12662=AXIS2_PLACEMENT_3D('',#748,#12663,#12664);
#12663=DIRECTION('',(0,-0,1));
#12664=DIRECTION('',(0.9808542120641409,0.19474345862193462,0));
#12665=FACE_BOUND('',#12666,.T.);
#12666=EDGE_LOOP('',(#12667,#12668,#12669));
#12667=ORIENTED_EDGE('',*,*,#12670,.T.);
#12668=ORIENTED_EDGE('',*,*,#12671,.T.);
#12669=ORIENTED_EDGE('',*,*,#12672,.T.);
#12670=EDGE_CURVE('',#749,#681,#12673,.F.);
#12671=EDGE_CURVE('',#681,#757,#12674,.T.);
#12672=EDGE_CURVE('',#757,#749,#12675,.T.);
#12673=LINE('',#748,#12676);
#12674=LINE('',#680,#12677);
#12675=LINE('',#756,#12678);
#12676=VECTOR('',#12679,1.0);
#12677=VECTOR('',#12680,1.0);
#12678=VECTOR('',#12681,1.0);
#12679=DIRECTION('',(0.9808542120641409,0.19474345862193462,0));
#12680=DIRECTION('',(-0.9914988659712075,-0.1301153287580275,0));
#12681=DIRECTION('',(0.32080683605778987,-0.9471446425644768,0));
#12682=FACE_SURFACE('',(#12687),#12683,.T.);
#12683=PLANE('',#12684);
#12684=AXIS2_PLACEMENT_3D('',#758,#12685,#12686);
#12685=DIRECTION('',(0,-0,1));
#12686=DIRECTION('',(0.9659249432089356,0.25882234077995403,0));
#12687=FACE_BOUND('',#12688,.T.);
#12688=EDGE_LOOP('',(#12689,#12690,#12691));
#12689=ORIENTED_EDGE('',*,*,#12692,.T.);
#12690=ORIENTED_EDGE('',*,*,#12693,.T.);
#12691=ORIENTED_EDGE('',*,*,#12694,.T.);
#12692=EDGE_CURVE('',#759,#681,#12695,.F.);
#12693=EDGE_CURVE('',#681,#749,#12696,.T.);
#12694=EDGE_CURVE('',#749,#759,#12697,.T.);
#12695=LINE('',#758,#12698);
#12696=LINE('',#680,#12699);
#12697=LINE('',#748,#12700);
#12698=VECTOR('',#12701,1.0);
#12699=VECTOR('',#12702,1.0);
#12700=VECTOR('',#12703,1.0);
#12701=DIRECTION('',(0.9659249432089356,0.25882234077995403,0));
#12702=DIRECTION('',(-0.9808542120641409,-0.19474345862193462,0));
#12703=DIRECTION('',(0.4411189243323793,-0.8974486584734777,0));
#12704=FACE_SURFACE('',(#12709),#12705,.T.);
#12705=PLANE('',#12706);
#12706=AXIS2_PLACEMENT_3D('',#760,#12707,#12708);
#12707=DIRECTION('',(0,-0,1));
#12708=DIRECTION('',(0.9470876302040125,0.3209751091822349,0));
#12709=FACE_BOUND('',#12710,.T.);
#12710=EDGE_LOOP('',(#12711,#12712,#12713));
#12711=ORIENTED_EDGE('',*,*,#12714,.T.);
#12712=ORIENTED_EDGE('',*,*,#12715,.T.);
#12713=ORIENTED_EDGE('',*,*,#12716,.T.);
#12714=EDGE_CURVE('',#761,#681,#12717,.F.);
#12715=EDGE_CURVE('',#681,#759,#12718,.T.);
#12716=EDGE_CURVE('',#759,#761,#12719,.T.);
#12717=LINE('',#760,#12720);
#12718=LINE('',#680,#12721);
#12719=LINE('',#758,#12722);
#12720=VECTOR('',#12723,1.0);
#12721=VECTOR('',#12724,1.0);
#12722=VECTOR('',#12725,1.0);
#12723=DIRECTION('',(0.9470876302040125,0.3209751091822349,0));
#12724=DIRECTION('',(-0.9659249432089356,-0.25882234077995403,0));
#12725=DIRECTION('',(0.554700196225229,-0.8320502943378436,0));
#12726=FACE_SURFACE('',(#12731),#12727,.T.);
#12727=PLANE('',#12728);
#12728=AXIS2_PLACEMENT_3D('',#754,#12729,#12730);
#12729=DIRECTION('',(0,-0,1));
#12730=DIRECTION('',(0.9237794307480951,0.3829250100564407,0));
#12731=FACE_BOUND('',#12732,.T.);
#12732=EDGE_LOOP('',(#12733,#12734,#12735));
#12733=ORIENTED_EDGE('',*,*,#12736,.T.);
#12734=ORIENTED_EDGE('',*,*,#12737,.T.);
#12735=ORIENTED_EDGE('',*,*,#12738,.T.);
#12736=EDGE_CURVE('',#755,#681,#12739,.F.);
#12737=EDGE_CURVE('',#681,#761,#12740,.T.);
#12738=EDGE_CURVE('',#761,#755,#12741,.T.);
#12739=LINE('',#754,#12742);
#12740=LINE('',#680,#12743);
#12741=LINE('',#760,#12744);
#12742=VECTOR('',#12745,1.0);
#12743=VECTOR('',#12746,1.0);
#12744=VECTOR('',#12747,1.0);
#12745=DIRECTION('',(0.9237794307480951,0.3829250100564407,0));
#12746=DIRECTION('',(-0.9470876302040125,-0.3209751091822349,0));
#12747=DIRECTION('',(0.6520390298302459,-0.7581854018497268,0));
#12748=FACE_SURFACE('',(#12753),#12749,.T.);
#12749=PLANE('',#12750);
#12750=AXIS2_PLACEMENT_3D('',#762,#12751,#12752);
#12751=DIRECTION('',(0,-0,1));
#12752=DIRECTION('',(0.8966465153700913,0.44274713604344484,0));
#12753=FACE_BOUND('',#12754,.T.);
#12754=EDGE_LOOP('',(#12755,#12756,#12757));
#12755=ORIENTED_EDGE('',*,*,#12758,.T.);
#12756=ORIENTED_EDGE('',*,*,#12759,.T.);
#12757=ORIENTED_EDGE('',*,*,#12760,.T.);
#12758=EDGE_CURVE('',#763,#681,#12761,.F.);
#12759=EDGE_CURVE('',#681,#755,#12762,.T.);
#12760=EDGE_CURVE('',#755,#763,#12763,.T.);
#12761=LINE('',#762,#12764);
#12762=LINE('',#680,#12765);
#12763=LINE('',#754,#12766);
#12764=VECTOR('',#12767,1.0);
#12765=VECTOR('',#12768,1.0);
#12766=VECTOR('',#12769,1.0);
#12767=DIRECTION('',(0.8966465153700913,0.44274713604344484,0));
#12768=DIRECTION('',(-0.9237794307480951,-0.3829250100564407,0));
#12769=DIRECTION('',(0.7581854018497268,-0.6520390298302459,0));
#12770=FACE_SURFACE('',(#12775),#12771,.T.);
#12771=PLANE('',#12772);
#12772=AXIS2_PLACEMENT_3D('',#764,#12773,#12774);
#12773=DIRECTION('',(0,-0,1));
#12774=DIRECTION('',(0.866031723434916,0.49998905388453174,0));
#12775=FACE_BOUND('',#12776,.T.);
#12776=EDGE_LOOP('',(#12777,#12778,#12779));
#12777=ORIENTED_EDGE('',*,*,#12780,.T.);
#12778=ORIENTED_EDGE('',*,*,#12781,.T.);
#12779=ORIENTED_EDGE('',*,*,#12782,.T.);
#12780=EDGE_CURVE('',#765,#681,#12783,.F.);
#12781=EDGE_CURVE('',#681,#763,#12784,.T.);
#12782=EDGE_CURVE('',#763,#765,#12785,.T.);
#12783=LINE('',#764,#12786);
#12784=LINE('',#680,#12787);
#12785=LINE('',#762,#12788);
#12786=VECTOR('',#12789,1.0);
#12787=VECTOR('',#12790,1.0);
#12788=VECTOR('',#12791,1.0);
#12789=DIRECTION('',(0.866031723434916,0.49998905388453174,0));
#12790=DIRECTION('',(-0.8966465153700913,-0.44274713604344484,0));
#12791=DIRECTION('',(0.8320502943378436,-0.554700196225229,0));
#12792=FACE_SURFACE('',(#12797),#12793,.T.);
#12793=PLANE('',#12794);
#12794=AXIS2_PLACEMENT_3D('',#766,#12795,#12796);
#12795=DIRECTION('',(-0,0,1));
#12796=DIRECTION('',(0.06142239516896568,-0.9981118621535902,0));
#12797=FACE_BOUND('',#12798,.T.);
#12798=EDGE_LOOP('',(#12799,#12800,#12801));
#12799=ORIENTED_EDGE('',*,*,#12802,.T.);
#12800=ORIENTED_EDGE('',*,*,#12803,.T.);
#12801=ORIENTED_EDGE('',*,*,#12804,.T.);
#12802=EDGE_CURVE('',#767,#747,#12805,.F.);
#12803=EDGE_CURVE('',#747,#681,#12806,.T.);
#12804=EDGE_CURVE('',#681,#767,#12807,.T.);
#12805=LINE('',#766,#12808);
#12806=LINE('',#746,#12809);
#12807=LINE('',#680,#12810);
#12808=VECTOR('',#12811,1.0);
#12809=VECTOR('',#12812,1.0);
#12810=VECTOR('',#12813,1.0);
#12811=DIRECTION('',(0.06142239516896568,-0.9981118621535902,0));
#12812=DIRECTION('',(0.9978772761660054,0.06512251309273678,0));
#12813=DIRECTION('',(-1,0,0));
#12814=FACE_SURFACE('',(#12819),#12815,.T.);
#12815=PLANE('',#12816);
#12816=AXIS2_PLACEMENT_3D('',#680,#12817,#12818);
#12817=DIRECTION('',(0,0,1));
#12818=DIRECTION('',(-0.06142148335875533,0.9981119182646854,0));
#12819=FACE_BOUND('',#12820,.T.);
#12820=EDGE_LOOP('',(#12821,#12822,#12823));
#12821=ORIENTED_EDGE('',*,*,#12824,.T.);
#12822=ORIENTED_EDGE('',*,*,#12825,.T.);
#12823=ORIENTED_EDGE('',*,*,#12826,.T.);
#12824=EDGE_CURVE('',#681,#673,#12827,.F.);
#12825=EDGE_CURVE('',#673,#675,#12828,.T.);
#12826=EDGE_CURVE('',#675,#681,#12829,.T.);
#12827=LINE('',#680,#12830);
#12828=LINE('',#672,#12831);
#12829=LINE('',#674,#12832);
#12830=VECTOR('',#12833,1.0);
#12831=VECTOR('',#12834,1.0);
#12832=VECTOR('',#12835,1.0);
#12833=DIRECTION('',(-0.06142148335875533,0.9981119182646854,0));
#12834=DIRECTION('',(-1,0,0));
#12835=DIRECTION('',(0.9978772761660054,-0.06512251309273678,0));
#12836=FACE_SURFACE('',(#12841),#12837,.T.);
#12837=PLANE('',#12838);
#12838=AXIS2_PLACEMENT_3D('',#674,#12839,#12840);
#12839=DIRECTION('',(0,0,1));
#12840=DIRECTION('',(0.9978700204930998,0.06523359718044472,0));
#12841=FACE_BOUND('',#12842,.T.);
#12842=EDGE_LOOP('',(#12843,#12844,#12845));
#12843=ORIENTED_EDGE('',*,*,#12846,.T.);
#12844=ORIENTED_EDGE('',*,*,#12847,.T.);
#12845=ORIENTED_EDGE('',*,*,#12848,.T.);
#12846=EDGE_CURVE('',#675,#671,#12849,.F.);
#12847=EDGE_CURVE('',#671,#263,#12850,.T.);
#12848=EDGE_CURVE('',#263,#675,#12851,.T.);
#12849=LINE('',#674,#12852);
#12850=LINE('',#670,#12853);
#12851=LINE('',#262,#12854);
#12852=VECTOR('',#12855,1.0);
#12853=VECTOR('',#12856,1.0);
#12854=VECTOR('',#12857,1.0);
#12855=DIRECTION('',(0.9978700204930998,0.06523359718044472,0));
#12856=DIRECTION('',(-1,0,0));
#12857=DIRECTION('',(-0.19906006124622186,-0.9799872917628322,0));
#12858=FACE_SURFACE('',(#12863),#12859,.T.);
#12859=PLANE('',#12860);
#12860=AXIS2_PLACEMENT_3D('',#766,#12861,#12862);
#12861=DIRECTION('',(0,0,1));
#12862=DIRECTION('',(1,0,0));
#12863=FACE_BOUND('',#12864,.T.);
#12864=EDGE_LOOP('',(#12865,#12866,#12867));
#12865=ORIENTED_EDGE('',*,*,#12868,.T.);
#12866=ORIENTED_EDGE('',*,*,#12869,.T.);
#12867=ORIENTED_EDGE('',*,*,#12870,.T.);
#12868=EDGE_CURVE('',#767,#681,#12871,.F.);
#12869=EDGE_CURVE('',#681,#675,#12872,.T.);
#12870=EDGE_CURVE('',#675,#767,#12873,.T.);
#12871=LINE('',#766,#12874);
#12872=LINE('',#680,#12875);
#12873=LINE('',#674,#12876);
#12874=VECTOR('',#12877,1.0);
#12875=VECTOR('',#12878,1.0);
#12876=VECTOR('',#12879,1.0);
#12877=DIRECTION('',(1,0,0));
#12878=DIRECTION('',(-0.9978772761660054,0.06512251309273678,0));
#12879=DIRECTION('',(-0.06142239516896568,-0.9981118621535902,0));
#12880=FACE_SURFACE('',(#12885),#12881,.T.);
#12881=PLANE('',#12882);
#12882=AXIS2_PLACEMENT_3D('',#524,#12883,#12884);
#12883=DIRECTION('',(-0.6520390298302459,-0.7581854018497268,0));
#12884=DIRECTION('',(0,0,1));
#12885=FACE_BOUND('',#12886,.T.);
#12886=EDGE_LOOP('',(#12887,#12888,#12889));
#12887=ORIENTED_EDGE('',*,*,#12890,.T.);
#12888=ORIENTED_EDGE('',*,*,#12891,.T.);
#12889=ORIENTED_EDGE('',*,*,#12892,.T.);
#12890=EDGE_CURVE('',#525,#763,#12893,.F.);
#12891=EDGE_CURVE('',#763,#755,#12894,.T.);
#12892=EDGE_CURVE('',#755,#525,#12895,.T.);
#12893=LINE('',#524,#12896);
#12894=LINE('',#762,#12897);
#12895=LINE('',#754,#12898);
#12896=VECTOR('',#12899,1.0);
#12897=VECTOR('',#12900,1.0);
#12898=VECTOR('',#12901,1.0);
#12899=DIRECTION('',(0,0,1));
#12900=DIRECTION('',(-0.7581854018497268,0.6520390298302459,0));
#12901=DIRECTION('',(0.12040372568816984,-0.10354713806692585,-0.9873099478069474));
#12902=FACE_SURFACE('',(#12907),#12903,.T.);
#12903=PLANE('',#12904);
#12904=AXIS2_PLACEMENT_3D('',#524,#12905,#12906);
#12905=DIRECTION('',(-0.6520390298302459,-0.7581854018497268,0));
#12906=DIRECTION('',(-0.12040372568816984,0.10354713806692585,0.9873099478069474));
#12907=FACE_BOUND('',#12908,.T.);
#12908=EDGE_LOOP('',(#12909,#12910,#12911));
#12909=ORIENTED_EDGE('',*,*,#12912,.T.);
#12910=ORIENTED_EDGE('',*,*,#12913,.T.);
#12911=ORIENTED_EDGE('',*,*,#12914,.T.);
#12912=EDGE_CURVE('',#525,#755,#12915,.F.);
#12913=EDGE_CURVE('',#755,#411,#12916,.T.);
#12914=EDGE_CURVE('',#411,#525,#12917,.T.);
#12915=LINE('',#524,#12918);
#12916=LINE('',#754,#12919);
#12917=LINE('',#410,#12920);
#12918=VECTOR('',#12921,1.0);
#12919=VECTOR('',#12922,1.0);
#12920=VECTOR('',#12923,1.0);
#12921=DIRECTION('',(-0.12040372568816984,0.10354713806692585,0.9873099478069474));
#12922=DIRECTION('',(0,0,-1));
#12923=DIRECTION('',(0.7581854018497268,-0.6520390298302459,0));
#12924=FACE_SURFACE('',(#12929),#12925,.T.);
#12925=PLANE('',#12926);
#12926=AXIS2_PLACEMENT_3D('',#592,#12927,#12928);
#12927=DIRECTION('',(0,-0,1));
#12928=DIRECTION('',(0.4961389383568338,0.8682431421244592,0));
#12929=FACE_BOUND('',#12930,.T.);
#12930=EDGE_LOOP('',(#12931,#12932,#12933));
#12931=ORIENTED_EDGE('',*,*,#12934,.T.);
#12932=ORIENTED_EDGE('',*,*,#12935,.T.);
#12933=ORIENTED_EDGE('',*,*,#12936,.T.);
#12934=EDGE_CURVE('',#593,#445,#12937,.F.);
#12935=EDGE_CURVE('',#445,#587,#12938,.T.);
#12936=EDGE_CURVE('',#587,#593,#12939,.T.);
#12937=LINE('',#592,#12940);
#12938=LINE('',#444,#12941);
#12939=LINE('',#586,#12942);
#12940=VECTOR('',#12943,1.0);
#12941=VECTOR('',#12944,1.0);
#12942=VECTOR('',#12945,1.0);
#12943=DIRECTION('',(0.4961389383568338,0.8682431421244592,0));
#12944=DIRECTION('',(-0.9996927874901633,0.024785694263970776,0));
#12945=DIRECTION('',(0.8334883080012829,-0.5525370941621554,0));
#12946=FACE_SURFACE('',(#12951),#12947,.T.);
#12947=PLANE('',#12948);
#12948=AXIS2_PLACEMENT_3D('',#586,#12949,#12950);
#12949=DIRECTION('',(0,-0,1));
#12950=DIRECTION('',(0.6000001467191344,0.7999998899606282,0));
#12951=FACE_BOUND('',#12952,.T.);
#12952=EDGE_LOOP('',(#12953,#12954,#12955));
#12953=ORIENTED_EDGE('',*,*,#12956,.T.);
#12954=ORIENTED_EDGE('',*,*,#12957,.T.);
#12955=ORIENTED_EDGE('',*,*,#12958,.T.);
#12956=EDGE_CURVE('',#587,#437,#12959,.F.);
#12957=EDGE_CURVE('',#437,#581,#12960,.T.);
#12958=EDGE_CURVE('',#581,#587,#12961,.T.);
#12959=LINE('',#586,#12962);
#12960=LINE('',#436,#12963);
#12961=LINE('',#580,#12964);
#12962=VECTOR('',#12965,1.0);
#12963=VECTOR('',#12966,1.0);
#12964=VECTOR('',#12967,1.0);
#12965=DIRECTION('',(0.6000001467191344,0.7999998899606282,0));
#12966=DIRECTION('',(-0.9874923290571327,0.15766705443217907,0));
#12967=DIRECTION('',(0.7479247895769695,-0.6637834806141578,0));
#12968=FACE_SURFACE('',(#12973),#12969,.T.);
#12969=PLANE('',#12970);
#12970=AXIS2_PLACEMENT_3D('',#558,#12971,#12972);
#12971=DIRECTION('',(-0,0,1));
#12972=DIRECTION('',(0.5525370941621554,-0.8334883080012829,0));
#12973=FACE_BOUND('',#12974,.T.);
#12974=EDGE_LOOP('',(#12975,#12976,#12977));
#12975=ORIENTED_EDGE('',*,*,#12978,.T.);
#12976=ORIENTED_EDGE('',*,*,#12979,.T.);
#12977=ORIENTED_EDGE('',*,*,#12980,.T.);
#12978=EDGE_CURVE('',#559,#575,#12981,.F.);
#12979=EDGE_CURVE('',#575,#447,#12982,.T.);
#12980=EDGE_CURVE('',#447,#559,#12983,.T.);
#12981=LINE('',#558,#12984);
#12982=LINE('',#574,#12985);
#12983=LINE('',#446,#12986);
#12984=VECTOR('',#12987,1.0);
#12985=VECTOR('',#12988,1.0);
#12986=VECTOR('',#12989,1.0);
#12987=DIRECTION('',(0.5525370941621554,-0.8334883080012829,0));
#12988=DIRECTION('',(-0.024785694263970776,0.9996927874901633,0));
#12989=DIRECTION('',(-0.8682431421244592,-0.4961389383568338,0));
#12990=FACE_SURFACE('',(#12995),#12991,.T.);
#12991=PLANE('',#12992);
#12992=AXIS2_PLACEMENT_3D('',#474,#12993,#12994);
#12993=DIRECTION('',(0,0,1));
#12994=DIRECTION('',(-0.557034979892484,0.8304890313400773,0));
#12995=FACE_BOUND('',#12996,.T.);
#12996=EDGE_LOOP('',(#12997,#12998,#12999));
#12997=ORIENTED_EDGE('',*,*,#13000,.T.);
#12998=ORIENTED_EDGE('',*,*,#13001,.T.);
#12999=ORIENTED_EDGE('',*,*,#13002,.T.);
#13000=EDGE_CURVE('',#475,#447,#13003,.F.);
#13001=EDGE_CURVE('',#447,#575,#13004,.T.);
#13002=EDGE_CURVE('',#575,#475,#13005,.T.);
#13003=LINE('',#474,#13006);
#13004=LINE('',#446,#13007);
#13005=LINE('',#574,#13008);
#13006=VECTOR('',#13009,1.0);
#13007=VECTOR('',#13010,1.0);
#13008=VECTOR('',#13011,1.0);
#13009=DIRECTION('',(-0.557034979892484,0.8304890313400773,0));
#13010=DIRECTION('',(0.024785694263970776,-0.9996927874901633,0));
#13011=DIRECTION('',(0.7999998899606282,0.6000001467191344,0));
#13012=FACE_SURFACE('',(#13017),#13013,.T.);
#13013=PLANE('',#13014);
#13014=AXIS2_PLACEMENT_3D('',#580,#13015,#13016);
#13015=DIRECTION('',(0,0,1));
#13016=DIRECTION('',(-0.15766705443217907,0.9874923290571327,0));
#13017=FACE_BOUND('',#13018,.T.);
#13018=EDGE_LOOP('',(#13019,#13020,#13021));
#13019=ORIENTED_EDGE('',*,*,#13022,.T.);
#13020=ORIENTED_EDGE('',*,*,#13023,.T.);
#13021=ORIENTED_EDGE('',*,*,#13024,.T.);
#13022=EDGE_CURVE('',#581,#475,#13025,.F.);
#13023=EDGE_CURVE('',#475,#575,#13026,.T.);
#13024=EDGE_CURVE('',#575,#581,#13027,.T.);
#13025=LINE('',#580,#13028);
#13026=LINE('',#474,#13029);
#13027=LINE('',#574,#13030);
#13028=VECTOR('',#13031,1.0);
#13029=VECTOR('',#13032,1.0);
#13030=VECTOR('',#13033,1.0);
#13031=DIRECTION('',(-0.15766705443217907,0.9874923290571327,0));
#13032=DIRECTION('',(-0.7999998899606282,-0.6000001467191344,0));
#13033=DIRECTION('',(0.6637834806141578,-0.7479247895769695,0));
#13034=FACE_SURFACE('',(#13039),#13035,.T.);
#13035=PLANE('',#13036);
#13036=AXIS2_PLACEMENT_3D('',#676,#13037,#13038);
#13037=DIRECTION('',(0,-0,1));
#13038=DIRECTION('',(0.6091550854388343,0.7930511218603795,0));
#13039=FACE_BOUND('',#13040,.T.);
#13040=EDGE_LOOP('',(#13041,#13042,#13043));
#13041=ORIENTED_EDGE('',*,*,#13044,.T.);
#13042=ORIENTED_EDGE('',*,*,#13045,.T.);
#13043=ORIENTED_EDGE('',*,*,#13046,.T.);
#13044=EDGE_CURVE('',#677,#681,#13047,.F.);
#13045=EDGE_CURVE('',#681,#769,#13048,.T.);
#13046=EDGE_CURVE('',#769,#677,#13049,.T.);
#13047=LINE('',#676,#13050);
#13048=LINE('',#680,#13051);
#13049=LINE('',#768,#13052);
#13050=VECTOR('',#13053,1.0);
#13051=VECTOR('',#13054,1.0);
#13052=VECTOR('',#13055,1.0);
#13053=DIRECTION('',(0.6091550854388343,0.7930511218603795,0));
#13054=DIRECTION('',(-0.6593626068378818,-0.7518250811884059,0));
#13055=DIRECTION('',(0.9799872917628322,0.19906006124622186,0));
#13056=FACE_SURFACE('',(#13061),#13057,.T.);
#13057=PLANE('',#13058);
#13058=AXIS2_PLACEMENT_3D('',#770,#13059,#13060);
#13059=DIRECTION('',(0,0,1));
#13060=DIRECTION('',(0.9981118621535902,0.06142239516896568,0));
#13061=FACE_BOUND('',#13062,.T.);
#13062=EDGE_LOOP('',(#13063,#13064,#13065));
#13063=ORIENTED_EDGE('',*,*,#13066,.T.);
#13064=ORIENTED_EDGE('',*,*,#13067,.T.);
#13065=ORIENTED_EDGE('',*,*,#13068,.T.);
#13066=EDGE_CURVE('',#771,#769,#13069,.F.);
#13067=EDGE_CURVE('',#769,#681,#13070,.T.);
#13068=EDGE_CURVE('',#681,#771,#13071,.T.);
#13069=LINE('',#770,#13072);
#13070=LINE('',#768,#13073);
#13071=LINE('',#680,#13074);
#13072=VECTOR('',#13075,1.0);
#13073=VECTOR('',#13076,1.0);
#13074=VECTOR('',#13077,1.0);
#13075=DIRECTION('',(0.9981118621535902,0.06142239516896568,0));
#13076=DIRECTION('',(0.6593626068378818,0.7518250811884059,0));
#13077=DIRECTION('',(-0.70710671796627,-0.7071068444068194,0));
#13078=FACE_SURFACE('',(#13083),#13079,.T.);
#13079=PLANE('',#13080);
#13080=AXIS2_PLACEMENT_3D('',#772,#13081,#13082);
#13081=DIRECTION('',(-0,0,1));
#13082=DIRECTION('',(0.9981118621535902,-0.06142239516896568,0));
#13083=FACE_BOUND('',#13084,.T.);
#13084=EDGE_LOOP('',(#13085,#13086,#13087));
#13085=ORIENTED_EDGE('',*,*,#13088,.T.);
#13086=ORIENTED_EDGE('',*,*,#13089,.T.);
#13087=ORIENTED_EDGE('',*,*,#13090,.T.);
#13088=EDGE_CURVE('',#773,#771,#13091,.F.);
#13089=EDGE_CURVE('',#771,#681,#13092,.T.);
#13090=EDGE_CURVE('',#681,#773,#13093,.T.);
#13091=LINE('',#772,#13094);
#13092=LINE('',#770,#13095);
#13093=LINE('',#680,#13096);
#13094=VECTOR('',#13097,1.0);
#13095=VECTOR('',#13098,1.0);
#13096=VECTOR('',#13099,1.0);
#13097=DIRECTION('',(0.9981118621535902,-0.06142239516896568,0));
#13098=DIRECTION('',(0.70710671796627,0.7071068444068194,0));
#13099=DIRECTION('',(-0.7515045091768124,-0.6597279535436695,0));
#13100=FACE_SURFACE('',(#13105),#13101,.T.);
#13101=PLANE('',#13102);
#13102=AXIS2_PLACEMENT_3D('',#764,#13103,#13104);
#13103=DIRECTION('',(-0,0,1));
#13104=DIRECTION('',(0.8974486584734777,-0.4411189243323793,0));
#13105=FACE_BOUND('',#13106,.T.);
#13106=EDGE_LOOP('',(#13107,#13108,#13109));
#13107=ORIENTED_EDGE('',*,*,#13110,.T.);
#13108=ORIENTED_EDGE('',*,*,#13111,.T.);
#13109=ORIENTED_EDGE('',*,*,#13112,.T.);
#13110=EDGE_CURVE('',#765,#775,#13113,.F.);
#13111=EDGE_CURVE('',#775,#681,#13114,.T.);
#13112=EDGE_CURVE('',#681,#765,#13115,.T.);
#13113=LINE('',#764,#13116);
#13114=LINE('',#774,#13117);
#13115=LINE('',#680,#13118);
#13116=VECTOR('',#13119,1.0);
#13117=VECTOR('',#13120,1.0);
#13118=VECTOR('',#13121,1.0);
#13119=DIRECTION('',(0.8974486584734777,-0.4411189243323793,0));
#13120=DIRECTION('',(0.8313092007517845,0.5558102308750977,0));
#13121=DIRECTION('',(-0.866031723434916,-0.49998905388453174,0));
#13122=FACE_SURFACE('',(#13127),#13123,.T.);
#13123=PLANE('',#13124);
#13124=AXIS2_PLACEMENT_3D('',#776,#13125,#13126);
#13125=DIRECTION('',(0,-0,1));
#13126=DIRECTION('',(0.7931393066016258,0.6090402616605016,0));
#13127=FACE_BOUND('',#13128,.T.);
#13128=EDGE_LOOP('',(#13129,#13130,#13131));
#13129=ORIENTED_EDGE('',*,*,#13132,.T.);
#13130=ORIENTED_EDGE('',*,*,#13133,.T.);
#13131=ORIENTED_EDGE('',*,*,#13134,.T.);
#13132=EDGE_CURVE('',#777,#681,#13135,.F.);
#13133=EDGE_CURVE('',#681,#775,#13136,.T.);
#13134=EDGE_CURVE('',#775,#777,#13137,.T.);
#13135=LINE('',#776,#13138);
#13136=LINE('',#680,#13139);
#13137=LINE('',#774,#13140);
#13138=VECTOR('',#13141,1.0);
#13139=VECTOR('',#13142,1.0);
#13140=VECTOR('',#13143,1.0);
#13141=DIRECTION('',(0.7931393066016258,0.6090402616605016,0));
#13142=DIRECTION('',(-0.8313092007517845,-0.5558102308750977,0));
#13143=DIRECTION('',(0.9471446425644768,-0.32080683605778987,0));
#13144=FACE_SURFACE('',(#13149),#13145,.T.);
#13145=PLANE('',#13146);
#13146=AXIS2_PLACEMENT_3D('',#772,#13147,#13148);
#13147=DIRECTION('',(0,-0,1));
#13148=DIRECTION('',(0.7515045091768124,0.6597279535436695,0));
#13149=FACE_BOUND('',#13150,.T.);
#13150=EDGE_LOOP('',(#13151,#13152,#13153));
#13151=ORIENTED_EDGE('',*,*,#13154,.T.);
#13152=ORIENTED_EDGE('',*,*,#13155,.T.);
#13153=ORIENTED_EDGE('',*,*,#13156,.T.);
#13154=EDGE_CURVE('',#773,#681,#13157,.F.);
#13155=EDGE_CURVE('',#681,#777,#13158,.T.);
#13156=EDGE_CURVE('',#777,#773,#13159,.T.);
#13157=LINE('',#772,#13160);
#13158=LINE('',#680,#13161);
#13159=LINE('',#776,#13162);
#13160=VECTOR('',#13163,1.0);
#13161=VECTOR('',#13164,1.0);
#13162=VECTOR('',#13165,1.0);
#13163=DIRECTION('',(0.7515045091768124,0.6597279535436695,0));
#13164=DIRECTION('',(-0.7931393066016258,-0.6090402616605016,0));
#13165=DIRECTION('',(0.9799872917628322,-0.19906006124622186,0));
#13166=FACE_SURFACE('',(#13171),#13167,.T.);
#13167=PLANE('',#13168);
#13168=AXIS2_PLACEMENT_3D('',#598,#13169,#13170);
#13169=DIRECTION('',(0,0,1));
#13170=DIRECTION('',(-0.5217847098948972,0.8530772043138287,0));
#13171=FACE_BOUND('',#13172,.T.);
#13172=EDGE_LOOP('',(#13173,#13174,#13175));
#13173=ORIENTED_EDGE('',*,*,#13176,.T.);
#13174=ORIENTED_EDGE('',*,*,#13177,.T.);
#13175=ORIENTED_EDGE('',*,*,#13178,.T.);
#13176=EDGE_CURVE('',#599,#445,#13179,.F.);
#13177=EDGE_CURVE('',#445,#593,#13180,.T.);
#13178=EDGE_CURVE('',#593,#599,#13181,.T.);
#13179=LINE('',#598,#13182);
#13180=LINE('',#444,#13183);
#13181=LINE('',#592,#13184);
#13182=VECTOR('',#13185,1.0);
#13183=VECTOR('',#13186,1.0);
#13184=VECTOR('',#13187,1.0);
#13185=DIRECTION('',(-0.5217847098948972,0.8530772043138287,0));
#13186=DIRECTION('',(-0.4961389383568338,-0.8682431421244592,0));
#13187=DIRECTION('',(0.89630611017079,-0.4434358542906828,0));
#13188=FACE_SURFACE('',(#13193),#13189,.T.);
#13189=PLANE('',#13190);
#13190=AXIS2_PLACEMENT_3D('',#474,#13191,#13192);
#13191=DIRECTION('',(0,0,1));
#13192=DIRECTION('',(0.15766705443217907,-0.9874923290571327,0));
#13193=FACE_BOUND('',#13194,.T.);
#13194=EDGE_LOOP('',(#13195,#13196,#13197));
#13195=ORIENTED_EDGE('',*,*,#13198,.T.);
#13196=ORIENTED_EDGE('',*,*,#13199,.T.);
#13197=ORIENTED_EDGE('',*,*,#13200,.T.);
#13198=EDGE_CURVE('',#475,#581,#13201,.F.);
#13199=EDGE_CURVE('',#581,#435,#13202,.T.);
#13200=EDGE_CURVE('',#435,#475,#13203,.T.);
#13201=LINE('',#474,#13204);
#13202=LINE('',#580,#13205);
#13203=LINE('',#434,#13206);
#13204=VECTOR('',#13207,1.0);
#13205=VECTOR('',#13208,1.0);
#13206=VECTOR('',#13209,1.0);
#13207=DIRECTION('',(0.15766705443217907,-0.9874923290571327,0));
#13208=DIRECTION('',(0.7071067811865475,0.7071067811865475,0));
#13209=DIRECTION('',(-0.6649985271124303,0.7468446685478167,0));
#13210=FACE_SURFACE('',(#13215),#13211,.T.);
#13211=PLANE('',#13212);
#13212=AXIS2_PLACEMENT_3D('',#236,#13213,#13214);
#13213=DIRECTION('',(0.8304886124426297,-0.5570356044303773,0));
#13214=DIRECTION('',(-0.03474239551324718,-0.05179770128380726,-0.9980530868123771));
#13215=FACE_BOUND('',#13216,.T.);
#13216=EDGE_LOOP('',(#13217,#13218,#13219));
#13217=ORIENTED_EDGE('',*,*,#13220,.T.);
#13218=ORIENTED_EDGE('',*,*,#13221,.T.);
#13219=ORIENTED_EDGE('',*,*,#13222,.T.);
#13220=EDGE_CURVE('',#237,#217,#13223,.F.);
#13221=EDGE_CURVE('',#217,#255,#13224,.T.);
#13222=EDGE_CURVE('',#255,#237,#13225,.T.);
#13223=LINE('',#236,#13226);
#13224=LINE('',#216,#13227);
#13225=LINE('',#254,#13228);
#13226=VECTOR('',#13229,1.0);
#13227=VECTOR('',#13230,1.0);
#13228=VECTOR('',#13231,1.0);
#13229=DIRECTION('',(-0.03474239551324718,-0.05179770128380726,-0.9980530868123771));
#13230=DIRECTION('',(0.5570356044303771,0.8304886124426296,0));
#13231=DIRECTION('',(0,0,1));
#13232=FACE_SURFACE('',(#13237),#13233,.T.);
#13233=PLANE('',#13234);
#13234=AXIS2_PLACEMENT_3D('',#770,#13235,#13236);
#13235=DIRECTION('',(0.06142239516896567,-0.9981118621535902,0));
#13236=DIRECTION('',(0,0,-1));
#13237=FACE_BOUND('',#13238,.T.);
#13238=EDGE_LOOP('',(#13239,#13240,#13241));
#13239=ORIENTED_EDGE('',*,*,#13242,.T.);
#13240=ORIENTED_EDGE('',*,*,#13243,.T.);
#13241=ORIENTED_EDGE('',*,*,#13244,.T.);
#13242=EDGE_CURVE('',#771,#479,#13245,.F.);
#13243=EDGE_CURVE('',#479,#477,#13246,.T.);
#13244=EDGE_CURVE('',#477,#771,#13247,.T.);
#13245=LINE('',#770,#13248);
#13246=LINE('',#478,#13249);
#13247=LINE('',#476,#13250);
#13248=VECTOR('',#13251,1.0);
#13249=VECTOR('',#13252,1.0);
#13250=VECTOR('',#13253,1.0);
#13251=DIRECTION('',(0,0,-1));
#13252=DIRECTION('',(0.9981118621535902,0.06142239516896568,0));
#13253=DIRECTION('',(-0.1565738369456049,-0.009635332922748341,0.987619255555297));
#13254=FACE_SURFACE('',(#13259),#13255,.T.);
#13255=PLANE('',#13256);
#13256=AXIS2_PLACEMENT_3D('',#434,#13257,#13258);
#13257=DIRECTION('',(0,0,1));
#13258=DIRECTION('',(-0.7071067811865475,-0.7071067811865475,0));
#13259=FACE_BOUND('',#13260,.T.);
#13260=EDGE_LOOP('',(#13261,#13262,#13263));
#13261=ORIENTED_EDGE('',*,*,#13264,.T.);
#13262=ORIENTED_EDGE('',*,*,#13265,.T.);
#13263=ORIENTED_EDGE('',*,*,#13266,.T.);
#13264=EDGE_CURVE('',#435,#581,#13267,.F.);
#13265=EDGE_CURVE('',#581,#437,#13268,.T.);
#13266=EDGE_CURVE('',#437,#435,#13269,.T.);
#13267=LINE('',#434,#13270);
#13268=LINE('',#580,#13271);
#13269=LINE('',#436,#13272);
#13270=VECTOR('',#13273,1.0);
#13271=VECTOR('',#13274,1.0);
#13272=VECTOR('',#13275,1.0);
#13273=DIRECTION('',(-0.7071067811865475,-0.7071067811865475,0));
#13274=DIRECTION('',(0.9874923290571327,-0.15766705443217907,0));
#13275=DIRECTION('',(-0.7468446685478167,0.6649985271124303,0));
#13276=FACE_SURFACE('',(#13281),#13277,.T.);
#13277=PLANE('',#13278);
#13278=AXIS2_PLACEMENT_3D('',#254,#13279,#13280);
#13279=DIRECTION('',(0.8984739355484573,-0.4390268638022806,0));
#13280=DIRECTION('',(0.4390268638022807,0.8984739355484574,0));
#13281=FACE_BOUND('',#13282,.T.);
#13282=EDGE_LOOP('',(#13283,#13284,#13285));
#13283=ORIENTED_EDGE('',*,*,#13286,.T.);
#13284=ORIENTED_EDGE('',*,*,#13287,.T.);
#13285=ORIENTED_EDGE('',*,*,#13288,.T.);
#13286=EDGE_CURVE('',#255,#277,#13289,.F.);
#13287=EDGE_CURVE('',#277,#241,#13290,.T.);
#13288=EDGE_CURVE('',#241,#255,#13291,.T.);
#13289=LINE('',#254,#13292);
#13290=LINE('',#276,#13293);
#13291=LINE('',#240,#13294);
#13292=VECTOR('',#13295,1.0);
#13293=VECTOR('',#13296,1.0);
#13294=VECTOR('',#13297,1.0);
#13295=DIRECTION('',(0.4390268638022807,0.8984739355484574,0));
#13296=DIRECTION('',(0,0,1));
#13297=DIRECTION('',(-0.027163038164132035,-0.0555894953429815,-0.998084153448599));
#13298=FACE_SURFACE('',(#13303),#13299,.T.);
#13299=PLANE('',#13300);
#13300=AXIS2_PLACEMENT_3D('',#254,#13301,#13302);
#13301=DIRECTION('',(0.8984739355484573,-0.4390268638022806,0));
#13302=DIRECTION('',(0.027163038164132035,0.0555894953429815,0.998084153448599));
#13303=FACE_BOUND('',#13304,.T.);
#13304=EDGE_LOOP('',(#13305,#13306,#13307));
#13305=ORIENTED_EDGE('',*,*,#13308,.T.);
#13306=ORIENTED_EDGE('',*,*,#13309,.T.);
#13307=ORIENTED_EDGE('',*,*,#13310,.T.);
#13308=EDGE_CURVE('',#255,#241,#13311,.F.);
#13309=EDGE_CURVE('',#241,#237,#13312,.T.);
#13310=EDGE_CURVE('',#237,#255,#13313,.T.);
#13311=LINE('',#254,#13314);
#13312=LINE('',#240,#13315);
#13313=LINE('',#236,#13316);
#13314=VECTOR('',#13317,1.0);
#13315=VECTOR('',#13318,1.0);
#13316=VECTOR('',#13319,1.0);
#13317=DIRECTION('',(0.027163038164132035,0.0555894953429815,0.998084153448599));
#13318=DIRECTION('',(-0.4390268638022807,-0.8984739355484574,0));
#13319=DIRECTION('',(0,0,-1));
#13320=FACE_SURFACE('',(#13325),#13321,.T.);
#13321=PLANE('',#13322);
#13322=AXIS2_PLACEMENT_3D('',#768,#13323,#13324);
#13323=DIRECTION('',(0.1990600612462219,-0.9799872917628323,0));
#13324=DIRECTION('',(0,0,-1));
#13325=FACE_BOUND('',#13326,.T.);
#13326=EDGE_LOOP('',(#13327,#13328,#13329));
#13327=ORIENTED_EDGE('',*,*,#13330,.T.);
#13328=ORIENTED_EDGE('',*,*,#13331,.T.);
#13329=ORIENTED_EDGE('',*,*,#13332,.T.);
#13330=EDGE_CURVE('',#769,#477,#13333,.F.);
#13331=EDGE_CURVE('',#477,#265,#13334,.T.);
#13332=EDGE_CURVE('',#265,#769,#13335,.T.);
#13333=LINE('',#768,#13336);
#13334=LINE('',#476,#13337);
#13335=LINE('',#264,#13338);
#13336=VECTOR('',#13339,1.0);
#13337=VECTOR('',#13340,1.0);
#13338=VECTOR('',#13341,1.0);
#13339=DIRECTION('',(0,0,-1));
#13340=DIRECTION('',(0.9799872917628322,0.19906006124622186,0));
#13341=DIRECTION('',(-0.15415430546052958,-0.031312615729070244,0.9875504899518734));
#13342=FACE_SURFACE('',(#13347),#13343,.T.);
#13343=PLANE('',#13344);
#13344=AXIS2_PLACEMENT_3D('',#436,#13345,#13346);
#13345=DIRECTION('',(0,0,1));
#13346=DIRECTION('',(-0.6000001467191344,-0.7999998899606282,0));
#13347=FACE_BOUND('',#13348,.T.);
#13348=EDGE_LOOP('',(#13349,#13350,#13351));
#13349=ORIENTED_EDGE('',*,*,#13352,.T.);
#13350=ORIENTED_EDGE('',*,*,#13353,.T.);
#13351=ORIENTED_EDGE('',*,*,#13354,.T.);
#13352=EDGE_CURVE('',#437,#587,#13355,.F.);
#13353=EDGE_CURVE('',#587,#445,#13356,.T.);
#13354=EDGE_CURVE('',#445,#437,#13357,.T.);
#13355=LINE('',#436,#13358);
#13356=LINE('',#586,#13359);
#13357=LINE('',#444,#13360);
#13358=VECTOR('',#13361,1.0);
#13359=VECTOR('',#13362,1.0);
#13360=VECTOR('',#13363,1.0);
#13361=DIRECTION('',(-0.6000001467191344,-0.7999998899606282,0));
#13362=DIRECTION('',(0.9996927874901633,-0.024785694263970776,0));
#13363=DIRECTION('',(-0.8304890313400773,0.557034979892484,0));
#13364=FACE_SURFACE('',(#13369),#13365,.T.);
#13365=PLANE('',#13366);
#13366=AXIS2_PLACEMENT_3D('',#444,#13367,#13368);
#13367=DIRECTION('',(0,0,1));
#13368=DIRECTION('',(0.5217847098948972,-0.8530772043138287,0));
#13369=FACE_BOUND('',#13370,.T.);
#13370=EDGE_LOOP('',(#13371,#13372,#13373));
#13371=ORIENTED_EDGE('',*,*,#13374,.T.);
#13372=ORIENTED_EDGE('',*,*,#13375,.T.);
#13373=ORIENTED_EDGE('',*,*,#13376,.T.);
#13374=EDGE_CURVE('',#445,#599,#13377,.F.);
#13375=EDGE_CURVE('',#599,#449,#13378,.T.);
#13376=EDGE_CURVE('',#449,#445,#13379,.T.);
#13377=LINE('',#444,#13380);
#13378=LINE('',#598,#13381);
#13379=LINE('',#448,#13382);
#13380=VECTOR('',#13383,1.0);
#13381=VECTOR('',#13384,1.0);
#13382=VECTOR('',#13385,1.0);
#13383=DIRECTION('',(0.5217847098948972,-0.8530772043138287,0));
#13384=DIRECTION('',(0.38461584039949176,0.9230767331667463,0));
#13385=DIRECTION('',(-0.898473815524052,0.43902710943363354,0));
#13386=FACE_SURFACE('',(#13391),#13387,.T.);
#13387=PLANE('',#13388);
#13388=AXIS2_PLACEMENT_3D('',#242,#13389,#13390);
#13389=DIRECTION('',(0.9486832372484204,-0.3162279484230597,0));
#13390=DIRECTION('',(-0.3162279484230597,-0.9486832372484204,0));
#13391=FACE_BOUND('',#13392,.T.);
#13392=EDGE_LOOP('',(#13393,#13394,#13395));
#13393=ORIENTED_EDGE('',*,*,#13396,.T.);
#13394=ORIENTED_EDGE('',*,*,#13397,.T.);
#13395=ORIENTED_EDGE('',*,*,#13398,.T.);
#13396=EDGE_CURVE('',#243,#241,#13399,.F.);
#13397=EDGE_CURVE('',#241,#745,#13400,.T.);
#13398=EDGE_CURVE('',#745,#243,#13401,.T.);
#13399=LINE('',#242,#13402);
#13400=LINE('',#240,#13403);
#13401=LINE('',#744,#13404);
#13402=VECTOR('',#13405,1.0);
#13403=VECTOR('',#13406,1.0);
#13404=VECTOR('',#13407,1.0);
#13405=DIRECTION('',(-0.3162279484230597,-0.9486832372484204,0));
#13406=DIRECTION('',(0.019582608256361694,0.05874778711702938,-0.9980807677551602));
#13407=DIRECTION('',(0,0,1));
#13408=FACE_SURFACE('',(#13413),#13409,.T.);
#13409=PLANE('',#13410);
#13410=AXIS2_PLACEMENT_3D('',#276,#13411,#13412);
#13411=DIRECTION('',(0.9486832372484204,-0.3162279484230597,0));
#13412=DIRECTION('',(0.3162279484230597,0.9486832372484204,0));
#13413=FACE_BOUND('',#13414,.T.);
#13414=EDGE_LOOP('',(#13415,#13416,#13417));
#13415=ORIENTED_EDGE('',*,*,#13418,.T.);
#13416=ORIENTED_EDGE('',*,*,#13419,.T.);
#13417=ORIENTED_EDGE('',*,*,#13420,.T.);
#13418=EDGE_CURVE('',#277,#745,#13421,.F.);
#13419=EDGE_CURVE('',#745,#241,#13422,.T.);
#13420=EDGE_CURVE('',#241,#277,#13423,.T.);
#13421=LINE('',#276,#13424);
#13422=LINE('',#744,#13425);
#13423=LINE('',#240,#13426);
#13424=VECTOR('',#13427,1.0);
#13425=VECTOR('',#13428,1.0);
#13426=VECTOR('',#13429,1.0);
#13427=DIRECTION('',(0.3162279484230597,0.9486832372484204,0));
#13428=DIRECTION('',(-0.019582608256361694,-0.05874778711702938,0.9980807677551602));
#13429=DIRECTION('',(0,0,-1));
#13430=FACE_SURFACE('',(#13435),#13431,.T.);
#13431=PLANE('',#13432);
#13432=AXIS2_PLACEMENT_3D('',#524,#13433,#13434);
#13433=DIRECTION('',(-0.5547001962252291,-0.8320502943378436,0));
#13434=DIRECTION('',(0.8320502943378436,-0.554700196225229,0));
#13435=FACE_BOUND('',#13436,.T.);
#13436=EDGE_LOOP('',(#13437,#13438,#13439));
#13437=ORIENTED_EDGE('',*,*,#13440,.T.);
#13438=ORIENTED_EDGE('',*,*,#13441,.T.);
#13439=ORIENTED_EDGE('',*,*,#13442,.T.);
#13440=EDGE_CURVE('',#525,#487,#13443,.F.);
#13441=EDGE_CURVE('',#487,#765,#13444,.T.);
#13442=EDGE_CURVE('',#765,#525,#13445,.T.);
#13443=LINE('',#524,#13446);
#13444=LINE('',#486,#13447);
#13445=LINE('',#764,#13448);
#13446=VECTOR('',#13449,1.0);
#13447=VECTOR('',#13450,1.0);
#13448=VECTOR('',#13451,1.0);
#13449=DIRECTION('',(0.8320502943378436,-0.554700196225229,0));
#13450=DIRECTION('',(0,0,1));
#13451=DIRECTION('',(-0.13008772328626497,0.08672514885750998,-0.9877023503089576));
#13452=FACE_SURFACE('',(#13457),#13453,.T.);
#13453=PLANE('',#13454);
#13454=AXIS2_PLACEMENT_3D('',#778,#13455,#13456);
#13455=DIRECTION('',(0.8974491938179324,0.44111783518187414,-0));
#13456=DIRECTION('',(0,0,1));
#13457=FACE_BOUND('',#13458,.T.);
#13458=EDGE_LOOP('',(#13459,#13460,#13461));
#13459=ORIENTED_EDGE('',*,*,#13462,.T.);
#13460=ORIENTED_EDGE('',*,*,#13463,.T.);
#13461=ORIENTED_EDGE('',*,*,#13464,.T.);
#13462=EDGE_CURVE('',#779,#541,#13465,.F.);
#13463=EDGE_CURVE('',#541,#539,#13466,.T.);
#13464=EDGE_CURVE('',#539,#779,#13467,.T.);
#13465=LINE('',#778,#13468);
#13466=LINE('',#540,#13469);
#13467=LINE('',#538,#13470);
#13468=VECTOR('',#13471,1.0);
#13469=VECTOR('',#13472,1.0);
#13470=VECTOR('',#13473,1.0);
#13471=DIRECTION('',(0,0,1));
#13472=DIRECTION('',(0.4411178351818742,-0.8974491938179325,0));
#13473=DIRECTION('',(-0.06983943081617304,0.14208752374937575,-0.9873872540690627));
#13474=FACE_SURFACE('',(#13479),#13475,.T.);
#13475=PLANE('',#13476);
#13476=AXIS2_PLACEMENT_3D('',#744,#13477,#13478);
#13477=DIRECTION('',(0.9789804652490511,-0.20395403565693784,0));
#13478=DIRECTION('',(0.20395403565693782,0.978980465249051,0));
#13479=FACE_BOUND('',#13480,.T.);
#13480=EDGE_LOOP('',(#13481,#13482,#13483));
#13481=ORIENTED_EDGE('',*,*,#13484,.T.);
#13482=ORIENTED_EDGE('',*,*,#13485,.T.);
#13483=ORIENTED_EDGE('',*,*,#13486,.T.);
#13484=EDGE_CURVE('',#745,#399,#13487,.F.);
#13485=EDGE_CURVE('',#399,#243,#13488,.T.);
#13486=EDGE_CURVE('',#243,#745,#13489,.T.);
#13487=LINE('',#744,#13490);
#13488=LINE('',#398,#13491);
#13489=LINE('',#242,#13492);
#13490=VECTOR('',#13493,1.0);
#13491=VECTOR('',#13494,1.0);
#13492=VECTOR('',#13495,1.0);
#13493=DIRECTION('',(0.20395403565693782,0.978980465249051,0));
#13494=DIRECTION('',(-0.012633906247598194,-0.06064281776209042,0.9980795725125331));
#13495=DIRECTION('',(0,0,-1));
#13496=FACE_SURFACE('',(#13501),#13497,.T.);
#13497=PLANE('',#13498);
#13498=AXIS2_PLACEMENT_3D('',#774,#13499,#13500);
#13499=DIRECTION('',(-0.44111892433237926,-0.8974486584734775,-0));
#13500=DIRECTION('',(-0.8974486584734777,0.4411189243323793,0));
#13501=FACE_BOUND('',#13502,.T.);
#13502=EDGE_LOOP('',(#13503,#13504,#13505));
#13503=ORIENTED_EDGE('',*,*,#13506,.T.);
#13504=ORIENTED_EDGE('',*,*,#13507,.T.);
#13505=ORIENTED_EDGE('',*,*,#13508,.T.);
#13506=EDGE_CURVE('',#775,#765,#13509,.F.);
#13507=EDGE_CURVE('',#765,#489,#13510,.T.);
#13508=EDGE_CURVE('',#489,#775,#13511,.T.);
#13509=LINE('',#774,#13512);
#13510=LINE('',#764,#13513);
#13511=LINE('',#488,#13514);
#13512=VECTOR('',#13515,1.0);
#13513=VECTOR('',#13516,1.0);
#13514=VECTOR('',#13517,1.0);
#13515=DIRECTION('',(-0.8974486584734777,0.4411189243323793,0));
#13516=DIRECTION('',(0.14208738167929572,-0.06983957508409096,-0.9873872643089923));
#13517=DIRECTION('',(0,0,1));
#13518=FACE_SURFACE('',(#13523),#13519,.T.);
#13519=PLANE('',#13520);
#13520=AXIS2_PLACEMENT_3D('',#486,#13521,#13522);
#13521=DIRECTION('',(-0.44111892433237926,-0.8974486584734775,0));
#13522=DIRECTION('',(0.8974486584734777,-0.4411189243323793,0));
#13523=FACE_BOUND('',#13524,.T.);
#13524=EDGE_LOOP('',(#13525,#13526,#13527));
#13525=ORIENTED_EDGE('',*,*,#13528,.T.);
#13526=ORIENTED_EDGE('',*,*,#13529,.T.);
#13527=ORIENTED_EDGE('',*,*,#13530,.T.);
#13528=EDGE_CURVE('',#487,#489,#13531,.F.);
#13529=EDGE_CURVE('',#489,#765,#13532,.T.);
#13530=EDGE_CURVE('',#765,#487,#13533,.T.);
#13531=LINE('',#486,#13534);
#13532=LINE('',#488,#13535);
#13533=LINE('',#764,#13536);
#13534=VECTOR('',#13537,1.0);
#13535=VECTOR('',#13538,1.0);
#13536=VECTOR('',#13539,1.0);
#13537=DIRECTION('',(0.8974486584734777,-0.4411189243323793,0));
#13538=DIRECTION('',(-0.14208738167929572,0.06983957508409096,0.9873872643089923));
#13539=DIRECTION('',(0,0,-1));
#13540=FACE_SURFACE('',(#13545),#13541,.T.);
#13541=PLANE('',#13542);
#13542=AXIS2_PLACEMENT_3D('',#540,#13543,#13544);
#13543=DIRECTION('',(0.8320502943378436,0.5547001962252291,0));
#13544=DIRECTION('',(0,0,-1));
#13545=FACE_BOUND('',#13546,.T.);
#13546=EDGE_LOOP('',(#13547,#13548,#13549));
#13547=ORIENTED_EDGE('',*,*,#13550,.T.);
#13548=ORIENTED_EDGE('',*,*,#13551,.T.);
#13549=ORIENTED_EDGE('',*,*,#13552,.T.);
#13550=EDGE_CURVE('',#541,#779,#13553,.F.);
#13551=EDGE_CURVE('',#779,#543,#13554,.T.);
#13552=EDGE_CURVE('',#543,#541,#13555,.T.);
#13553=LINE('',#540,#13556);
#13554=LINE('',#778,#13557);
#13555=LINE('',#542,#13558);
#13556=VECTOR('',#13559,1.0);
#13557=VECTOR('',#13560,1.0);
#13558=VECTOR('',#13561,1.0);
#13559=DIRECTION('',(0,0,-1));
#13560=DIRECTION('',(-0.08672514885750998,0.13008772328626497,0.9877023503089576));
#13561=DIRECTION('',(0.554700196225229,-0.8320502943378436,0));
#13562=FACE_SURFACE('',(#13567),#13563,.T.);
#13563=PLANE('',#13564);
#13564=AXIS2_PLACEMENT_3D('',#34,#13565,#13566);
#13565=DIRECTION('',(0.8320502943378436,0.5547001962252291,-0));
#13566=DIRECTION('',(0,0,1));
#13567=FACE_BOUND('',#13568,.T.);
#13568=EDGE_LOOP('',(#13569,#13570,#13571));
#13569=ORIENTED_EDGE('',*,*,#13572,.T.);
#13570=ORIENTED_EDGE('',*,*,#13573,.T.);
#13571=ORIENTED_EDGE('',*,*,#13574,.T.);
#13572=EDGE_CURVE('',#35,#543,#13575,.F.);
#13573=EDGE_CURVE('',#543,#779,#13576,.T.);
#13574=EDGE_CURVE('',#779,#35,#13577,.T.);
#13575=LINE('',#34,#13578);
#13576=LINE('',#542,#13579);
#13577=LINE('',#778,#13580);
#13578=VECTOR('',#13581,1.0);
#13579=VECTOR('',#13582,1.0);
#13580=VECTOR('',#13583,1.0);
#13581=DIRECTION('',(0,0,1));
#13582=DIRECTION('',(0.08672514885750998,-0.13008772328626497,-0.9877023503089576));
#13583=DIRECTION('',(-0.554700196225229,0.8320502943378436,0));
#13584=FACE_SURFACE('',(#13589),#13585,.T.);
#13585=PLANE('',#13586);
#13586=AXIS2_PLACEMENT_3D('',#598,#13587,#13588);
#13587=DIRECTION('',(-0,0,1));
#13588=DIRECTION('',(0.9477407905754266,-0.3190413670348494,0));
#13589=FACE_BOUND('',#13590,.T.);
#13590=EDGE_LOOP('',(#13591,#13592,#13593));
#13591=ORIENTED_EDGE('',*,*,#13594,.T.);
#13592=ORIENTED_EDGE('',*,*,#13595,.T.);
#13593=ORIENTED_EDGE('',*,*,#13596,.T.);
#13594=EDGE_CURVE('',#599,#473,#13597,.F.);
#13595=EDGE_CURVE('',#473,#449,#13598,.T.);
#13596=EDGE_CURVE('',#449,#599,#13599,.T.);
#13597=LINE('',#598,#13600);
#13598=LINE('',#472,#13601);
#13599=LINE('',#448,#13602);
#13600=VECTOR('',#13603,1.0);
#13601=VECTOR('',#13604,1.0);
#13602=VECTOR('',#13605,1.0);
#13603=DIRECTION('',(0.9477407905754266,-0.3190413670348494,0));
#13604=DIRECTION('',(-0.6287220384193846,0.7776301167044483,0));
#13605=DIRECTION('',(-0.38461584039949176,-0.9230767331667463,0));
#13606=FACE_SURFACE('',(#13611),#13607,.T.);
#13607=PLANE('',#13608);
#13608=AXIS2_PLACEMENT_3D('',#470,#13609,#13610);
#13609=DIRECTION('',(0,-0,1));
#13610=DIRECTION('',(0.12403499050235471,0.992277844724491,0));
#13611=FACE_BOUND('',#13612,.T.);
#13612=EDGE_LOOP('',(#13613,#13614,#13615));
#13613=ORIENTED_EDGE('',*,*,#13616,.T.);
#13614=ORIENTED_EDGE('',*,*,#13617,.T.);
#13615=ORIENTED_EDGE('',*,*,#13618,.T.);
#13616=EDGE_CURVE('',#471,#339,#13619,.F.);
#13617=EDGE_CURVE('',#339,#473,#13620,.T.);
#13618=EDGE_CURVE('',#473,#471,#13621,.T.);
#13619=LINE('',#470,#13622);
#13620=LINE('',#338,#13623);
#13621=LINE('',#472,#13624);
#13622=VECTOR('',#13625,1.0);
#13623=VECTOR('',#13626,1.0);
#13624=VECTOR('',#13627,1.0);
#13625=DIRECTION('',(0.12403499050235471,0.992277844724491,0));
#13626=DIRECTION('',(-0.9346187399163255,-0.355651249115225,0));
#13627=DIRECTION('',(0.9805806863955254,-0.19611608161514998,0));
#13628=FACE_SURFACE('',(#13633),#13629,.T.);
#13629=PLANE('',#13630);
#13630=AXIS2_PLACEMENT_3D('',#38,#13631,#13632);
#13631=DIRECTION('',(0.7581857861158979,0.6520385830085653,0));
#13632=DIRECTION('',(0.6520385830085654,-0.758185786115898,0));
#13633=FACE_BOUND('',#13634,.T.);
#13634=EDGE_LOOP('',(#13635,#13636,#13637));
#13635=ORIENTED_EDGE('',*,*,#13638,.T.);
#13636=ORIENTED_EDGE('',*,*,#13639,.T.);
#13637=ORIENTED_EDGE('',*,*,#13640,.T.);
#13638=EDGE_CURVE('',#39,#543,#13641,.F.);
#13639=EDGE_CURVE('',#543,#35,#13642,.T.);
#13640=EDGE_CURVE('',#35,#39,#13643,.T.);
#13641=LINE('',#38,#13644);
#13642=LINE('',#542,#13645);
#13643=LINE('',#34,#13646);
#13644=VECTOR('',#13647,1.0);
#13645=VECTOR('',#13648,1.0);
#13646=VECTOR('',#13649,1.0);
#13647=DIRECTION('',(0.6520385830085654,-0.758185786115898,0));
#13648=DIRECTION('',(0,0,-1));
#13649=DIRECTION('',(-0.1035471362774403,0.12040386713976066,0.9873099307444102));
#13650=FACE_SURFACE('',(#13655),#13651,.T.);
#13651=PLANE('',#13652);
#13652=AXIS2_PLACEMENT_3D('',#488,#13653,#13654);
#13653=DIRECTION('',(-0.32080683605778987,-0.9471446425644768,0));
#13654=DIRECTION('',(0.9471446425644768,-0.32080683605778987,0));
#13655=FACE_BOUND('',#13656,.T.);
#13656=EDGE_LOOP('',(#13657,#13658,#13659));
#13657=ORIENTED_EDGE('',*,*,#13660,.T.);
#13658=ORIENTED_EDGE('',*,*,#13661,.T.);
#13659=ORIENTED_EDGE('',*,*,#13662,.T.);
#13660=EDGE_CURVE('',#489,#531,#13663,.F.);
#13661=EDGE_CURVE('',#531,#777,#13664,.T.);
#13662=EDGE_CURVE('',#777,#489,#13665,.T.);
#13663=LINE('',#488,#13666);
#13664=LINE('',#530,#13667);
#13665=LINE('',#776,#13668);
#13666=VECTOR('',#13669,1.0);
#13667=VECTOR('',#13670,1.0);
#13668=VECTOR('',#13671,1.0);
#13669=DIRECTION('',(0.9471446425644768,-0.32080683605778987,0));
#13670=DIRECTION('',(0,0,1));
#13671=DIRECTION('',(-0.1493283817758758,0.05057893328883742,-0.9874931928391008));
#13672=FACE_SURFACE('',(#13677),#13673,.T.);
#13673=PLANE('',#13674);
#13674=AXIS2_PLACEMENT_3D('',#488,#13675,#13676);
#13675=DIRECTION('',(-0.32080683605778987,-0.9471446425644768,0));
#13676=DIRECTION('',(0.1493283817758758,-0.05057893328883742,0.9874931928391008));
#13677=FACE_BOUND('',#13678,.T.);
#13678=EDGE_LOOP('',(#13679,#13680,#13681));
#13679=ORIENTED_EDGE('',*,*,#13682,.T.);
#13680=ORIENTED_EDGE('',*,*,#13683,.T.);
#13681=ORIENTED_EDGE('',*,*,#13684,.T.);
#13682=EDGE_CURVE('',#489,#777,#13685,.F.);
#13683=EDGE_CURVE('',#777,#775,#13686,.T.);
#13684=EDGE_CURVE('',#775,#489,#13687,.T.);
#13685=LINE('',#488,#13688);
#13686=LINE('',#776,#13689);
#13687=LINE('',#774,#13690);
#13688=VECTOR('',#13691,1.0);
#13689=VECTOR('',#13692,1.0);
#13690=VECTOR('',#13693,1.0);
#13691=DIRECTION('',(0.1493283817758758,-0.05057893328883742,0.9874931928391008));
#13692=DIRECTION('',(-0.9471446425644768,0.32080683605778987,0));
#13693=DIRECTION('',(0,0,-1));
#13694=FACE_SURFACE('',(#13699),#13695,.T.);
#13695=PLANE('',#13696);
#13696=AXIS2_PLACEMENT_3D('',#322,#13697,#13698);
#13697=DIRECTION('',(0,0,1));
#13698=DIRECTION('',(-0.260523317441545,-0.9654675556792428,0));
#13699=FACE_BOUND('',#13700,.T.);
#13700=EDGE_LOOP('',(#13701,#13702,#13703));
#13701=ORIENTED_EDGE('',*,*,#13704,.T.);
#13702=ORIENTED_EDGE('',*,*,#13705,.T.);
#13703=ORIENTED_EDGE('',*,*,#13706,.T.);
#13704=EDGE_CURVE('',#323,#473,#13707,.F.);
#13705=EDGE_CURVE('',#473,#339,#13708,.T.);
#13706=EDGE_CURVE('',#339,#323,#13709,.T.);
#13707=LINE('',#322,#13710);
#13708=LINE('',#472,#13711);
#13709=LINE('',#338,#13712);
#13710=VECTOR('',#13713,1.0);
#13711=VECTOR('',#13714,1.0);
#13712=VECTOR('',#13715,1.0);
#13713=DIRECTION('',(-0.260523317441545,-0.9654675556792428,0));
#13714=DIRECTION('',(0.9346187399163255,0.355651249115225,0));
#13715=DIRECTION('',(-0.9789804349080921,0.20395418129365003,0));
#13716=FACE_SURFACE('',(#13721),#13717,.T.);
#13717=PLANE('',#13718);
#13718=AXIS2_PLACEMENT_3D('',#38,#13719,#13720);
#13719=DIRECTION('',(0.6520385830085653,0.7581857861158979,0));
#13720=DIRECTION('',(-0.12040386713976066,0.1035471362774403,-0.9873099307444102));
#13721=FACE_BOUND('',#13722,.T.);
#13722=EDGE_LOOP('',(#13723,#13724,#13725));
#13723=ORIENTED_EDGE('',*,*,#13726,.T.);
#13724=ORIENTED_EDGE('',*,*,#13727,.T.);
#13725=ORIENTED_EDGE('',*,*,#13728,.T.);
#13726=EDGE_CURVE('',#39,#121,#13729,.F.);
#13727=EDGE_CURVE('',#121,#545,#13730,.T.);
#13728=EDGE_CURVE('',#545,#39,#13731,.T.);
#13729=LINE('',#38,#13732);
#13730=LINE('',#120,#13733);
#13731=LINE('',#544,#13734);
#13732=VECTOR('',#13735,1.0);
#13733=VECTOR('',#13736,1.0);
#13734=VECTOR('',#13737,1.0);
#13735=DIRECTION('',(-0.12040386713976066,0.1035471362774403,-0.9873099307444102));
#13736=DIRECTION('',(0,0,1));
#13737=DIRECTION('',(0.758185786115898,-0.6520385830085654,0));
#13738=FACE_SURFACE('',(#13743),#13739,.T.);
#13739=PLANE('',#13740);
#13740=AXIS2_PLACEMENT_3D('',#530,#13741,#13742);
#13741=DIRECTION('',(-0.1990600612462219,-0.9799872917628323,0));
#13742=DIRECTION('',(0.9799872917628322,-0.19906006124622186,0));
#13743=FACE_BOUND('',#13744,.T.);
#13744=EDGE_LOOP('',(#13745,#13746,#13747));
#13745=ORIENTED_EDGE('',*,*,#13748,.T.);
#13746=ORIENTED_EDGE('',*,*,#13749,.T.);
#13747=ORIENTED_EDGE('',*,*,#13750,.T.);
#13748=EDGE_CURVE('',#531,#481,#13751,.F.);
#13749=EDGE_CURVE('',#481,#777,#13752,.T.);
#13750=EDGE_CURVE('',#777,#531,#13753,.T.);
#13751=LINE('',#530,#13754);
#13752=LINE('',#480,#13755);
#13753=LINE('',#776,#13756);
#13754=VECTOR('',#13757,1.0);
#13755=VECTOR('',#13758,1.0);
#13756=VECTOR('',#13759,1.0);
#13757=DIRECTION('',(0.9799872917628322,-0.19906006124622186,0));
#13758=DIRECTION('',(-0.15415430546052958,0.031312615729070244,0.9875504899518734));
#13759=DIRECTION('',(0,0,-1));
#13760=FACE_SURFACE('',(#13765),#13761,.T.);
#13761=PLANE('',#13762);
#13762=AXIS2_PLACEMENT_3D('',#546,#13763,#13764);
#13763=DIRECTION('',(0.5547001962252291,0.8320502943378436,0));
#13764=DIRECTION('',(0.8320502943378436,-0.554700196225229,0));
#13765=FACE_BOUND('',#13766,.T.);
#13766=EDGE_LOOP('',(#13767,#13768,#13769));
#13767=ORIENTED_EDGE('',*,*,#13770,.T.);
#13768=ORIENTED_EDGE('',*,*,#13771,.T.);
#13769=ORIENTED_EDGE('',*,*,#13772,.T.);
#13770=EDGE_CURVE('',#547,#545,#13773,.F.);
#13771=EDGE_CURVE('',#545,#781,#13774,.T.);
#13772=EDGE_CURVE('',#781,#547,#13775,.T.);
#13773=LINE('',#546,#13776);
#13774=LINE('',#544,#13777);
#13775=LINE('',#780,#13778);
#13776=VECTOR('',#13779,1.0);
#13777=VECTOR('',#13780,1.0);
#13778=VECTOR('',#13781,1.0);
#13779=DIRECTION('',(0.8320502943378436,-0.554700196225229,0));
#13780=DIRECTION('',(-0.13008772328626497,0.08672514885750998,-0.9877023503089576));
#13781=DIRECTION('',(0,0,1));
#13782=FACE_SURFACE('',(#13787),#13783,.T.);
#13783=PLANE('',#13784);
#13784=AXIS2_PLACEMENT_3D('',#120,#13785,#13786);
#13785=DIRECTION('',(0.5547001962252291,0.8320502943378436,-0));
#13786=DIRECTION('',(-0.8320502943378436,0.554700196225229,0));
#13787=FACE_BOUND('',#13788,.T.);
#13788=EDGE_LOOP('',(#13789,#13790,#13791));
#13789=ORIENTED_EDGE('',*,*,#13792,.T.);
#13790=ORIENTED_EDGE('',*,*,#13793,.T.);
#13791=ORIENTED_EDGE('',*,*,#13794,.T.);
#13792=EDGE_CURVE('',#121,#781,#13795,.F.);
#13793=EDGE_CURVE('',#781,#545,#13796,.T.);
#13794=EDGE_CURVE('',#545,#121,#13797,.T.);
#13795=LINE('',#120,#13798);
#13796=LINE('',#780,#13799);
#13797=LINE('',#544,#13800);
#13798=VECTOR('',#13801,1.0);
#13799=VECTOR('',#13802,1.0);
#13800=VECTOR('',#13803,1.0);
#13801=DIRECTION('',(-0.8320502943378436,0.554700196225229,0));
#13802=DIRECTION('',(0.13008772328626497,-0.08672514885750998,0.9877023503089576));
#13803=DIRECTION('',(0,0,-1));
#13804=FACE_SURFACE('',(#13809),#13805,.T.);
#13805=PLANE('',#13806);
#13806=AXIS2_PLACEMENT_3D('',#506,#13807,#13808);
#13807=DIRECTION('',(0.997826633857713,0.06589392054040594,0));
#13808=DIRECTION('',(-0.06589392054040595,0.9978266338577131,0));
#13809=FACE_BOUND('',#13810,.T.);
#13810=EDGE_LOOP('',(#13811,#13812,#13813));
#13811=ORIENTED_EDGE('',*,*,#13814,.T.);
#13812=ORIENTED_EDGE('',*,*,#13815,.T.);
#13813=ORIENTED_EDGE('',*,*,#13816,.T.);
#13814=EDGE_CURVE('',#507,#619,#13817,.F.);
#13815=EDGE_CURVE('',#619,#289,#13818,.T.);
#13816=EDGE_CURVE('',#289,#507,#13819,.T.);
#13817=LINE('',#506,#13820);
#13818=LINE('',#618,#13821);
#13819=LINE('',#288,#13822);
#13820=VECTOR('',#13823,1.0);
#13821=VECTOR('',#13824,1.0);
#13822=VECTOR('',#13825,1.0);
#13823=DIRECTION('',(-0.06589392054040595,0.9978266338577131,0));
#13824=DIRECTION('',(0,0,1));
#13825=DIRECTION('',(0.009886755194026372,-0.1497143829677162,-0.9886798549603049));
#13826=FACE_SURFACE('',(#13831),#13827,.T.);
#13827=PLANE('',#13828);
#13828=AXIS2_PLACEMENT_3D('',#770,#13829,#13830);
#13829=DIRECTION('',(-0.06142239516896567,-0.9981118621535902,-0));
#13830=DIRECTION('',(-0.1565738369456049,0.009635332922748341,-0.987619255555297));
#13831=FACE_BOUND('',#13832,.T.);
#13832=EDGE_LOOP('',(#13833,#13834,#13835));
#13833=ORIENTED_EDGE('',*,*,#13836,.T.);
#13834=ORIENTED_EDGE('',*,*,#13837,.T.);
#13835=ORIENTED_EDGE('',*,*,#13838,.T.);
#13836=EDGE_CURVE('',#771,#481,#13839,.F.);
#13837=EDGE_CURVE('',#481,#479,#13840,.T.);
#13838=EDGE_CURVE('',#479,#771,#13841,.T.);
#13839=LINE('',#770,#13842);
#13840=LINE('',#480,#13843);
#13841=LINE('',#478,#13844);
#13842=VECTOR('',#13845,1.0);
#13843=VECTOR('',#13846,1.0);
#13844=VECTOR('',#13847,1.0);
#13845=DIRECTION('',(-0.1565738369456049,0.009635332922748341,-0.987619255555297));
#13846=DIRECTION('',(0.9981118621535902,-0.06142239516896568,0));
#13847=DIRECTION('',(0,0,1));
#13848=FACE_SURFACE('',(#13853),#13849,.T.);
#13849=PLANE('',#13850);
#13850=AXIS2_PLACEMENT_3D('',#618,#13851,#13852);
#13851=DIRECTION('',(0.9805806328724722,0.19611634923030274,0));
#13852=DIRECTION('',(-0.19611634923030272,0.9805806328724721,0));
#13853=FACE_BOUND('',#13854,.T.);
#13854=EDGE_LOOP('',(#13855,#13856,#13857));
#13855=ORIENTED_EDGE('',*,*,#13858,.T.);
#13856=ORIENTED_EDGE('',*,*,#13859,.T.);
#13857=ORIENTED_EDGE('',*,*,#13860,.T.);
#13858=EDGE_CURVE('',#619,#611,#13861,.F.);
#13859=EDGE_CURVE('',#611,#501,#13862,.T.);
#13860=EDGE_CURVE('',#501,#619,#13863,.T.);
#13861=LINE('',#618,#13864);
#13862=LINE('',#610,#13865);
#13863=LINE('',#500,#13866);
#13864=VECTOR('',#13867,1.0);
#13865=VECTOR('',#13868,1.0);
#13866=VECTOR('',#13869,1.0);
#13867=DIRECTION('',(-0.19611634923030272,0.9805806328724721,0));
#13868=DIRECTION('',(0,0,1));
#13869=DIRECTION('',(0.029655080499861774,-0.14827523415852686,-0.9885014067444622));
#13870=FACE_SURFACE('',(#13875),#13871,.T.);
#13871=PLANE('',#13872);
#13872=AXIS2_PLACEMENT_3D('',#618,#13873,#13874);
#13873=DIRECTION('',(0.9805806328724722,0.19611634923030274,-0));
#13874=DIRECTION('',(-0.029655080499861774,0.14827523415852686,0.9885014067444622));
#13875=FACE_BOUND('',#13876,.T.);
#13876=EDGE_LOOP('',(#13877,#13878,#13879));
#13877=ORIENTED_EDGE('',*,*,#13880,.T.);
#13878=ORIENTED_EDGE('',*,*,#13881,.T.);
#13879=ORIENTED_EDGE('',*,*,#13882,.T.);
#13880=EDGE_CURVE('',#619,#501,#13883,.F.);
#13881=EDGE_CURVE('',#501,#289,#13884,.T.);
#13882=EDGE_CURVE('',#289,#619,#13885,.T.);
#13883=LINE('',#618,#13886);
#13884=LINE('',#500,#13887);
#13885=LINE('',#288,#13888);
#13886=VECTOR('',#13889,1.0);
#13887=VECTOR('',#13890,1.0);
#13888=VECTOR('',#13891,1.0);
#13889=DIRECTION('',(-0.029655080499861774,0.14827523415852686,0.9885014067444622));
#13890=DIRECTION('',(0.19611634923030272,-0.9805806328724721,0));
#13891=DIRECTION('',(0,0,-1));
#13892=FACE_SURFACE('',(#13897),#13893,.T.);
#13893=PLANE('',#13894);
#13894=AXIS2_PLACEMENT_3D('',#780,#13895,#13896);
#13895=DIRECTION('',(0.44111783518187414,0.8974491938179324,0));
#13896=DIRECTION('',(-0.8974491938179325,0.4411178351818742,0));
#13897=FACE_BOUND('',#13898,.T.);
#13898=EDGE_LOOP('',(#13899,#13900,#13901));
#13899=ORIENTED_EDGE('',*,*,#13902,.T.);
#13900=ORIENTED_EDGE('',*,*,#13903,.T.);
#13901=ORIENTED_EDGE('',*,*,#13904,.T.);
#13902=EDGE_CURVE('',#781,#783,#13905,.F.);
#13903=EDGE_CURVE('',#783,#537,#13906,.T.);
#13904=EDGE_CURVE('',#537,#781,#13907,.T.);
#13905=LINE('',#780,#13908);
#13906=LINE('',#782,#13909);
#13907=LINE('',#536,#13910);
#13908=VECTOR('',#13911,1.0);
#13909=VECTOR('',#13912,1.0);
#13910=VECTOR('',#13913,1.0);
#13911=DIRECTION('',(-0.8974491938179325,0.4411178351818742,0));
#13912=DIRECTION('',(0,0,1));
#13913=DIRECTION('',(0.14208752374937575,-0.06983943081617304,-0.9873872540690627));
#13914=FACE_SURFACE('',(#13919),#13915,.T.);
#13915=PLANE('',#13916);
#13916=AXIS2_PLACEMENT_3D('',#780,#13917,#13918);
#13917=DIRECTION('',(0.44111783518187414,0.8974491938179324,-0));
#13918=DIRECTION('',(-0.14208752374937575,0.06983943081617304,0.9873872540690627));
#13919=FACE_BOUND('',#13920,.T.);
#13920=EDGE_LOOP('',(#13921,#13922,#13923));
#13921=ORIENTED_EDGE('',*,*,#13924,.T.);
#13922=ORIENTED_EDGE('',*,*,#13925,.T.);
#13923=ORIENTED_EDGE('',*,*,#13926,.T.);
#13924=EDGE_CURVE('',#781,#537,#13927,.F.);
#13925=EDGE_CURVE('',#537,#547,#13928,.T.);
#13926=EDGE_CURVE('',#547,#781,#13929,.T.);
#13927=LINE('',#780,#13930);
#13928=LINE('',#536,#13931);
#13929=LINE('',#546,#13932);
#13930=VECTOR('',#13933,1.0);
#13931=VECTOR('',#13934,1.0);
#13932=VECTOR('',#13935,1.0);
#13933=DIRECTION('',(-0.14208752374937575,0.06983943081617304,0.9873872540690627));
#13934=DIRECTION('',(0.8974491938179325,-0.4411178351818742,0));
#13935=DIRECTION('',(0,0,-1));
#13936=FACE_SURFACE('',(#13941),#13937,.T.);
#13937=PLANE('',#13938);
#13938=AXIS2_PLACEMENT_3D('',#610,#13939,#13940);
#13939=DIRECTION('',(0.9477406068080191,0.31904191293177747,0));
#13940=DIRECTION('',(-0.31904191293177747,0.947740606808019,0));
#13941=FACE_BOUND('',#13942,.T.);
#13942=EDGE_LOOP('',(#13943,#13944,#13945));
#13943=ORIENTED_EDGE('',*,*,#13946,.T.);
#13944=ORIENTED_EDGE('',*,*,#13947,.T.);
#13945=ORIENTED_EDGE('',*,*,#13948,.T.);
#13946=EDGE_CURVE('',#611,#613,#13949,.F.);
#13947=EDGE_CURVE('',#613,#497,#13950,.T.);
#13948=EDGE_CURVE('',#497,#611,#13951,.T.);
#13949=LINE('',#610,#13952);
#13950=LINE('',#612,#13953);
#13951=LINE('',#496,#13954);
#13952=VECTOR('',#13955,1.0);
#13953=VECTOR('',#13956,1.0);
#13954=VECTOR('',#13957,1.0);
#13955=DIRECTION('',(-0.31904191293177747,0.947740606808019,0));
#13956=DIRECTION('',(0,0,1));
#13957=DIRECTION('',(0.04801819901609498,-0.14264206434555035,-0.9886088680780132));
#13958=FACE_SURFACE('',(#13963),#13959,.T.);
#13959=PLANE('',#13960);
#13960=AXIS2_PLACEMENT_3D('',#610,#13961,#13962);
#13961=DIRECTION('',(0.9477406068080191,0.31904191293177747,-0));
#13962=DIRECTION('',(-0.04801819901609498,0.14264206434555035,0.9886088680780132));
#13963=FACE_BOUND('',#13964,.T.);
#13964=EDGE_LOOP('',(#13965,#13966,#13967));
#13965=ORIENTED_EDGE('',*,*,#13968,.T.);
#13966=ORIENTED_EDGE('',*,*,#13969,.T.);
#13967=ORIENTED_EDGE('',*,*,#13970,.T.);
#13968=EDGE_CURVE('',#611,#497,#13971,.F.);
#13969=EDGE_CURVE('',#497,#501,#13972,.T.);
#13970=EDGE_CURVE('',#501,#611,#13973,.T.);
#13971=LINE('',#610,#13974);
#13972=LINE('',#496,#13975);
#13973=LINE('',#500,#13976);
#13974=VECTOR('',#13977,1.0);
#13975=VECTOR('',#13978,1.0);
#13976=VECTOR('',#13979,1.0);
#13977=DIRECTION('',(-0.04801819901609498,0.14264206434555035,0.9886088680780132));
#13978=DIRECTION('',(0.31904191293177747,-0.947740606808019,0));
#13979=DIRECTION('',(0,0,-1));
#13980=FACE_SURFACE('',(#13985),#13981,.T.);
#13981=PLANE('',#13982);
#13982=AXIS2_PLACEMENT_3D('',#532,#13983,#13984);
#13983=DIRECTION('',(0.3208077978221775,0.9471443168052507,0));
#13984=DIRECTION('',(0.9471443168052506,-0.3208077978221775,0));
#13985=FACE_BOUND('',#13986,.T.);
#13986=EDGE_LOOP('',(#13987,#13988,#13989));
#13987=ORIENTED_EDGE('',*,*,#13990,.T.);
#13988=ORIENTED_EDGE('',*,*,#13991,.T.);
#13989=ORIENTED_EDGE('',*,*,#13992,.T.);
#13990=EDGE_CURVE('',#533,#537,#13993,.F.);
#13991=EDGE_CURVE('',#537,#785,#13994,.T.);
#13992=EDGE_CURVE('',#785,#533,#13995,.T.);
#13993=LINE('',#532,#13996);
#13994=LINE('',#536,#13997);
#13995=LINE('',#784,#13998);
#13996=VECTOR('',#13999,1.0);
#13997=VECTOR('',#14000,1.0);
#13998=VECTOR('',#14001,1.0);
#13999=DIRECTION('',(0.9471443168052506,-0.3208077978221775,0));
#14000=DIRECTION('',(-0.14932810051808992,0.05057900705329093,-0.9874932315925828));
#14001=DIRECTION('',(0,0,1));
#14002=FACE_SURFACE('',(#14007),#14003,.T.);
#14003=PLANE('',#14004);
#14004=AXIS2_PLACEMENT_3D('',#782,#14005,#14006);
#14005=DIRECTION('',(0.3208077978221775,0.9471443168052507,-0));
#14006=DIRECTION('',(-0.9471443168052506,0.3208077978221775,0));
#14007=FACE_BOUND('',#14008,.T.);
#14008=EDGE_LOOP('',(#14009,#14010,#14011));
#14009=ORIENTED_EDGE('',*,*,#14012,.T.);
#14010=ORIENTED_EDGE('',*,*,#14013,.T.);
#14011=ORIENTED_EDGE('',*,*,#14014,.T.);
#14012=EDGE_CURVE('',#783,#785,#14015,.F.);
#14013=EDGE_CURVE('',#785,#537,#14016,.T.);
#14014=EDGE_CURVE('',#537,#783,#14017,.T.);
#14015=LINE('',#782,#14018);
#14016=LINE('',#784,#14019);
#14017=LINE('',#536,#14020);
#14018=VECTOR('',#14021,1.0);
#14019=VECTOR('',#14022,1.0);
#14020=VECTOR('',#14023,1.0);
#14021=DIRECTION('',(-0.9471443168052506,0.3208077978221775,0));
#14022=DIRECTION('',(0.14932810051808992,-0.05057900705329093,0.9874932315925828));
#14023=DIRECTION('',(0,0,-1));
#14024=FACE_SURFACE('',(#14029),#14025,.T.);
#14025=PLANE('',#14026);
#14026=AXIS2_PLACEMENT_3D('',#594,#14027,#14028);
#14027=DIRECTION('',(0,0,1));
#14028=DIRECTION('',(-0.7071067811865475,-0.7071067811865475,0));
#14029=FACE_BOUND('',#14030,.T.);
#14030=EDGE_LOOP('',(#14031,#14032,#14033));
#14031=ORIENTED_EDGE('',*,*,#14034,.T.);
#14032=ORIENTED_EDGE('',*,*,#14035,.T.);
#14033=ORIENTED_EDGE('',*,*,#14036,.T.);
#14034=EDGE_CURVE('',#595,#37,#14037,.F.);
#14035=EDGE_CURVE('',#37,#589,#14038,.T.);
#14036=EDGE_CURVE('',#589,#595,#14039,.T.);
#14037=LINE('',#594,#14040);
#14038=LINE('',#36,#14041);
#14039=LINE('',#588,#14042);
#14040=VECTOR('',#14043,1.0);
#14041=VECTOR('',#14044,1.0);
#14042=VECTOR('',#14045,1.0);
#14043=DIRECTION('',(-0.7071067811865475,-0.7071067811865475,0));
#14044=DIRECTION('',(0.9195393425953634,0.3929979610879515,0));
#14045=DIRECTION('',(-0.6649978841222481,0.7468452410726957,0));
#14046=FACE_SURFACE('',(#14051),#14047,.T.);
#14047=PLANE('',#14048);
#14048=AXIS2_PLACEMENT_3D('',#588,#14049,#14050);
#14049=DIRECTION('',(0,0,1));
#14050=DIRECTION('',(-0.7912849385286584,-0.6114475824285325,0));
#14051=FACE_BOUND('',#14052,.T.);
#14052=EDGE_LOOP('',(#14053,#14054,#14055));
#14053=ORIENTED_EDGE('',*,*,#14056,.T.);
#14054=ORIENTED_EDGE('',*,*,#14057,.T.);
#14055=ORIENTED_EDGE('',*,*,#14058,.T.);
#14056=EDGE_CURVE('',#589,#35,#14059,.F.);
#14057=EDGE_CURVE('',#35,#591,#14060,.T.);
#14058=EDGE_CURVE('',#591,#589,#14061,.T.);
#14059=LINE('',#588,#14062);
#14060=LINE('',#34,#14063);
#14061=LINE('',#590,#14064);
#14062=VECTOR('',#14065,1.0);
#14063=VECTOR('',#14066,1.0);
#14064=VECTOR('',#14067,1.0);
#14065=DIRECTION('',(-0.7912849385286584,-0.6114475824285325,0));
#14066=DIRECTION('',(0.9628057855104362,0.2701944103560099,0));
#14067=DIRECTION('',(-0.5570356044303771,0.8304886124426296,0));
#14068=FACE_SURFACE('',(#14073),#14069,.T.);
#14069=PLANE('',#14070);
#14070=AXIS2_PLACEMENT_3D('',#590,#14071,#14072);
#14071=DIRECTION('',(0,0,1));
#14072=DIRECTION('',(-0.8665177968234125,-0.4991461787776195,0));
#14073=FACE_BOUND('',#14074,.T.);
#14074=EDGE_LOOP('',(#14075,#14076,#14077));
#14075=ORIENTED_EDGE('',*,*,#14078,.T.);
#14076=ORIENTED_EDGE('',*,*,#14079,.T.);
#14077=ORIENTED_EDGE('',*,*,#14080,.T.);
#14078=EDGE_CURVE('',#591,#779,#14081,.F.);
#14079=EDGE_CURVE('',#779,#625,#14082,.T.);
#14080=EDGE_CURVE('',#625,#591,#14083,.T.);
#14081=LINE('',#590,#14084);
#14082=LINE('',#778,#14085);
#14083=LINE('',#624,#14086);
#14084=VECTOR('',#14087,1.0);
#14085=VECTOR('',#14088,1.0);
#14086=VECTOR('',#14089,1.0);
#14087=DIRECTION('',(-0.8665177968234125,-0.4991461787776195,0));
#14088=DIRECTION('',(0.9900254733024486,0.14088847437694377,0));
#14089=DIRECTION('',(-0.439027103851172,0.8984738182518467,0));
#14090=FACE_SURFACE('',(#14095),#14091,.T.);
#14091=PLANE('',#14092);
#14092=AXIS2_PLACEMENT_3D('',#624,#14093,#14094);
#14093=DIRECTION('',(0,0,1));
#14094=DIRECTION('',(-0.9234312733971056,-0.38376383794229496,0));
#14095=FACE_BOUND('',#14096,.T.);
#14096=EDGE_LOOP('',(#14097,#14098,#14099));
#14097=ORIENTED_EDGE('',*,*,#14100,.T.);
#14098=ORIENTED_EDGE('',*,*,#14101,.T.);
#14099=ORIENTED_EDGE('',*,*,#14102,.T.);
#14100=EDGE_CURVE('',#625,#787,#14103,.F.);
#14101=EDGE_CURVE('',#787,#421,#14104,.T.);
#14102=EDGE_CURVE('',#421,#625,#14105,.T.);
#14103=LINE('',#624,#14106);
#14104=LINE('',#786,#14107);
#14105=LINE('',#420,#14108);
#14106=VECTOR('',#14109,1.0);
#14107=VECTOR('',#14110,1.0);
#14108=VECTOR('',#14111,1.0);
#14109=DIRECTION('',(-0.9234312733971056,-0.38376383794229496,0));
#14110=DIRECTION('',(0.9999344499505285,0.011449707513028843,0));
#14111=DIRECTION('',(-0.31622776601683794,0.9486832980505138,0));
#14112=FACE_SURFACE('',(#14117),#14113,.T.);
#14113=PLANE('',#14114);
#14114=AXIS2_PLACEMENT_3D('',#526,#14115,#14116);
#14115=DIRECTION('',(0.8981382922161143,0.43971309743413567,0));
#14116=DIRECTION('',(0.43971309743413567,-0.8981382922161143,0));
#14117=FACE_BOUND('',#14118,.T.);
#14118=EDGE_LOOP('',(#14119,#14120,#14121));
#14119=ORIENTED_EDGE('',*,*,#14122,.T.);
#14120=ORIENTED_EDGE('',*,*,#14123,.T.);
#14121=ORIENTED_EDGE('',*,*,#14124,.T.);
#14122=EDGE_CURVE('',#527,#497,#14125,.F.);
#14123=EDGE_CURVE('',#497,#617,#14126,.T.);
#14124=EDGE_CURVE('',#617,#527,#14127,.T.);
#14125=LINE('',#526,#14128);
#14126=LINE('',#496,#14129);
#14127=LINE('',#616,#14130);
#14128=VECTOR('',#14131,1.0);
#14129=VECTOR('',#14132,1.0);
#14130=VECTOR('',#14133,1.0);
#14131=DIRECTION('',(0.43971309743413567,-0.8981382922161143,0));
#14132=DIRECTION('',(-0.06637342481557021,0.1355713867980023,-0.988541839053825));
#14133=DIRECTION('',(0,0,1));
#14134=FACE_SURFACE('',(#14139),#14135,.T.);
#14135=PLANE('',#14136);
#14136=AXIS2_PLACEMENT_3D('',#612,#14137,#14138);
#14137=DIRECTION('',(0.8981382922161143,0.43971309743413567,-0));
#14138=DIRECTION('',(-0.43971309743413567,0.8981382922161143,0));
#14139=FACE_BOUND('',#14140,.T.);
#14140=EDGE_LOOP('',(#14141,#14142,#14143));
#14141=ORIENTED_EDGE('',*,*,#14144,.T.);
#14142=ORIENTED_EDGE('',*,*,#14145,.T.);
#14143=ORIENTED_EDGE('',*,*,#14146,.T.);
#14144=EDGE_CURVE('',#613,#617,#14147,.F.);
#14145=EDGE_CURVE('',#617,#497,#14148,.T.);
#14146=EDGE_CURVE('',#497,#613,#14149,.T.);
#14147=LINE('',#612,#14150);
#14148=LINE('',#616,#14151);
#14149=LINE('',#496,#14152);
#14150=VECTOR('',#14153,1.0);
#14151=VECTOR('',#14154,1.0);
#14152=VECTOR('',#14155,1.0);
#14153=DIRECTION('',(-0.43971309743413567,0.8981382922161143,0));
#14154=DIRECTION('',(0.06637342481557021,-0.1355713867980023,0.988541839053825));
#14155=DIRECTION('',(0,0,-1));
#14156=FACE_SURFACE('',(#14161),#14157,.T.);
#14157=PLANE('',#14158);
#14158=AXIS2_PLACEMENT_3D('',#548,#14159,#14160);
#14159=DIRECTION('',(0.8305954600543327,0.5568762714796989,0));
#14160=DIRECTION('',(0.556876271479699,-0.8305954600543327,0));
#14161=FACE_BOUND('',#14162,.T.);
#14162=EDGE_LOOP('',(#14163,#14164,#14165));
#14163=ORIENTED_EDGE('',*,*,#14166,.T.);
#14164=ORIENTED_EDGE('',*,*,#14167,.T.);
#14165=ORIENTED_EDGE('',*,*,#14168,.T.);
#14166=EDGE_CURVE('',#549,#527,#14169,.F.);
#14167=EDGE_CURVE('',#527,#631,#14170,.T.);
#14168=EDGE_CURVE('',#631,#549,#14171,.T.);
#14169=LINE('',#548,#14172);
#14170=LINE('',#526,#14173);
#14171=LINE('',#630,#14174);
#14172=VECTOR('',#14175,1.0);
#14173=VECTOR('',#14176,1.0);
#14174=VECTOR('',#14177,1.0);
#14175=DIRECTION('',(0.556876271479699,-0.8305954600543327,0));
#14176=DIRECTION('',(-0.08333659378407925,0.12429869972646473,-0.9887390178316913));
#14177=DIRECTION('',(0,0,1));
#14178=FACE_SURFACE('',(#14183),#14179,.T.);
#14179=PLANE('',#14180);
#14180=AXIS2_PLACEMENT_3D('',#616,#14181,#14182);
#14181=DIRECTION('',(0.8305954600543327,0.5568762714796989,-0));
#14182=DIRECTION('',(-0.556876271479699,0.8305954600543327,0));
#14183=FACE_BOUND('',#14184,.T.);
#14184=EDGE_LOOP('',(#14185,#14186,#14187));
#14185=ORIENTED_EDGE('',*,*,#14188,.T.);
#14186=ORIENTED_EDGE('',*,*,#14189,.T.);
#14187=ORIENTED_EDGE('',*,*,#14190,.T.);
#14188=EDGE_CURVE('',#617,#631,#14191,.F.);
#14189=EDGE_CURVE('',#631,#527,#14192,.T.);
#14190=EDGE_CURVE('',#527,#617,#14193,.T.);
#14191=LINE('',#616,#14194);
#14192=LINE('',#630,#14195);
#14193=LINE('',#526,#14196);
#14194=VECTOR('',#14197,1.0);
#14195=VECTOR('',#14198,1.0);
#14196=VECTOR('',#14199,1.0);
#14197=DIRECTION('',(-0.556876271479699,0.8305954600543327,0));
#14198=DIRECTION('',(0.08333659378407925,-0.12429869972646473,0.9887390178316913));
#14199=DIRECTION('',(0,0,-1));
#14200=FACE_SURFACE('',(#14205),#14201,.T.);
#14201=PLANE('',#14202);
#14202=AXIS2_PLACEMENT_3D('',#572,#14203,#14204);
#14203=DIRECTION('',(0.1990600612462219,0.9799872917628323,0));
#14204=DIRECTION('',(0.9799872917628322,-0.19906006124622186,0));
#14205=FACE_BOUND('',#14206,.T.);
#14206=EDGE_LOOP('',(#14207,#14208,#14209));
#14207=ORIENTED_EDGE('',*,*,#14210,.T.);
#14208=ORIENTED_EDGE('',*,*,#14211,.T.);
#14209=ORIENTED_EDGE('',*,*,#14212,.T.);
#14210=EDGE_CURVE('',#573,#533,#14213,.F.);
#14211=EDGE_CURVE('',#533,#163,#14214,.T.);
#14212=EDGE_CURVE('',#163,#573,#14215,.T.);
#14213=LINE('',#572,#14216);
#14214=LINE('',#532,#14217);
#14215=LINE('',#162,#14218);
#14216=VECTOR('',#14219,1.0);
#14217=VECTOR('',#14220,1.0);
#14218=VECTOR('',#14221,1.0);
#14219=DIRECTION('',(0.9799872917628322,-0.19906006124622186,0));
#14220=DIRECTION('',(-0.15415430546052958,0.031312615729070244,-0.9875504899518734));
#14221=DIRECTION('',(0,0,1));
#14222=FACE_SURFACE('',(#14227),#14223,.T.);
#14223=PLANE('',#14224);
#14224=AXIS2_PLACEMENT_3D('',#784,#14225,#14226);
#14225=DIRECTION('',(0.1990600612462219,0.9799872917628323,-0));
#14226=DIRECTION('',(-0.9799872917628322,0.19906006124622186,0));
#14227=FACE_BOUND('',#14228,.T.);
#14228=EDGE_LOOP('',(#14229,#14230,#14231));
#14229=ORIENTED_EDGE('',*,*,#14232,.T.);
#14230=ORIENTED_EDGE('',*,*,#14233,.T.);
#14231=ORIENTED_EDGE('',*,*,#14234,.T.);
#14232=EDGE_CURVE('',#785,#163,#14235,.F.);
#14233=EDGE_CURVE('',#163,#533,#14236,.T.);
#14234=EDGE_CURVE('',#533,#785,#14237,.T.);
#14235=LINE('',#784,#14238);
#14236=LINE('',#162,#14239);
#14237=LINE('',#532,#14240);
#14238=VECTOR('',#14241,1.0);
#14239=VECTOR('',#14242,1.0);
#14240=VECTOR('',#14243,1.0);
#14241=DIRECTION('',(-0.9799872917628322,0.19906006124622186,0));
#14242=DIRECTION('',(0.15415430546052958,-0.031312615729070244,0.9875504899518734));
#14243=DIRECTION('',(0,0,-1));
#14244=FACE_SURFACE('',(#14249),#14245,.T.);
#14245=PLANE('',#14246);
#14246=AXIS2_PLACEMENT_3D('',#556,#14247,#14248);
#14247=DIRECTION('',(0.747925173430332,0.6637830481032245,0));
#14248=DIRECTION('',(0.6637830481032246,-0.747925173430332,0));
#14249=FACE_BOUND('',#14250,.T.);
#14250=EDGE_LOOP('',(#14251,#14252,#14253));
#14251=ORIENTED_EDGE('',*,*,#14254,.T.);
#14252=ORIENTED_EDGE('',*,*,#14255,.T.);
#14253=ORIENTED_EDGE('',*,*,#14256,.T.);
#14254=EDGE_CURVE('',#557,#549,#14257,.F.);
#14255=EDGE_CURVE('',#549,#657,#14258,.T.);
#14256=EDGE_CURVE('',#657,#557,#14259,.T.);
#14257=LINE('',#556,#14260);
#14258=LINE('',#548,#14261);
#14259=LINE('',#656,#14262);
#14260=VECTOR('',#14263,1.0);
#14261=VECTOR('',#14264,1.0);
#14262=VECTOR('',#14265,1.0);
#14263=DIRECTION('',(0.6637830481032246,-0.747925173430332,0));
#14264=DIRECTION('',(-0.10026475413513151,0.11297446332767162,-0.988526049082191));
#14265=DIRECTION('',(0,0,1));
#14266=FACE_SURFACE('',(#14271),#14267,.T.);
#14267=PLANE('',#14268);
#14268=AXIS2_PLACEMENT_3D('',#630,#14269,#14270);
#14269=DIRECTION('',(0.747925173430332,0.6637830481032245,-0));
#14270=DIRECTION('',(-0.6637830481032246,0.747925173430332,0));
#14271=FACE_BOUND('',#14272,.T.);
#14272=EDGE_LOOP('',(#14273,#14274,#14275));
#14273=ORIENTED_EDGE('',*,*,#14276,.T.);
#14274=ORIENTED_EDGE('',*,*,#14277,.T.);
#14275=ORIENTED_EDGE('',*,*,#14278,.T.);
#14276=EDGE_CURVE('',#631,#657,#14279,.F.);
#14277=EDGE_CURVE('',#657,#549,#14280,.T.);
#14278=EDGE_CURVE('',#549,#631,#14281,.T.);
#14279=LINE('',#630,#14282);
#14280=LINE('',#656,#14283);
#14281=LINE('',#548,#14284);
#14282=VECTOR('',#14285,1.0);
#14283=VECTOR('',#14286,1.0);
#14284=VECTOR('',#14287,1.0);
#14285=DIRECTION('',(-0.6637830481032246,0.747925173430332,0));
#14286=DIRECTION('',(0.10026475413513151,-0.11297446332767162,0.988526049082191));
#14287=DIRECTION('',(0,0,-1));
#14288=FACE_SURFACE('',(#14293),#14289,.T.);
#14289=PLANE('',#14290);
#14290=AXIS2_PLACEMENT_3D('',#162,#14291,#14292);
#14291=DIRECTION('',(0.06142148335875534,0.9981119182646855,-0));
#14292=DIRECTION('',(-0.15657383716221,0.009635189358719645,0.9876192569215747));
#14293=FACE_BOUND('',#14294,.T.);
#14294=EDGE_LOOP('',(#14295,#14296,#14297));
#14295=ORIENTED_EDGE('',*,*,#14298,.T.);
#14296=ORIENTED_EDGE('',*,*,#14299,.T.);
#14297=ORIENTED_EDGE('',*,*,#14300,.T.);
#14298=EDGE_CURVE('',#163,#161,#14301,.F.);
#14299=EDGE_CURVE('',#161,#573,#14302,.T.);
#14300=EDGE_CURVE('',#573,#163,#14303,.T.);
#14301=LINE('',#162,#14304);
#14302=LINE('',#160,#14305);
#14303=LINE('',#572,#14306);
#14304=VECTOR('',#14307,1.0);
#14305=VECTOR('',#14308,1.0);
#14306=VECTOR('',#14309,1.0);
#14307=DIRECTION('',(-0.15657383716221,0.009635189358719645,0.9876192569215747));
#14308=DIRECTION('',(0.9981119182646854,-0.06142148335875533,0));
#14309=DIRECTION('',(0,0,-1));
#14310=FACE_SURFACE('',(#14315),#14311,.T.);
#14311=PLANE('',#14312);
#14312=AXIS2_PLACEMENT_3D('',#620,#14313,#14314);
#14313=DIRECTION('',(0,0,1));
#14314=DIRECTION('',(-0.13190185804329027,-0.9912627804193638,0));
#14315=FACE_BOUND('',#14316,.T.);
#14316=EDGE_LOOP('',(#14317,#14318,#14319));
#14317=ORIENTED_EDGE('',*,*,#14320,.T.);
#14318=ORIENTED_EDGE('',*,*,#14321,.T.);
#14319=ORIENTED_EDGE('',*,*,#14322,.T.);
#14320=EDGE_CURVE('',#621,#163,#14323,.F.);
#14321=EDGE_CURVE('',#163,#709,#14324,.T.);
#14322=EDGE_CURVE('',#709,#621,#14325,.T.);
#14323=LINE('',#620,#14326);
#14324=LINE('',#162,#14327);
#14325=LINE('',#708,#14328);
#14326=VECTOR('',#14329,1.0);
#14327=VECTOR('',#14330,1.0);
#14328=VECTOR('',#14331,1.0);
#14329=DIRECTION('',(-0.13190185804329027,-0.9912627804193638,0));
#14330=DIRECTION('',(0.49243434526146995,0.8703495939028797,0));
#14331=DIRECTION('',(-0.9789804399649324,0.20395415702080533,0));
#14332=FACE_SURFACE('',(#14337),#14333,.T.);
#14333=PLANE('',#14334);
#14334=AXIS2_PLACEMENT_3D('',#120,#14335,#14336);
#14335=DIRECTION('',(0,-0,1));
#14336=DIRECTION('',(0.2701944103560099,0.9628057855104362,0));
#14337=FACE_BOUND('',#14338,.T.);
#14338=EDGE_LOOP('',(#14339,#14340,#14341));
#14339=ORIENTED_EDGE('',*,*,#14342,.T.);
#14340=ORIENTED_EDGE('',*,*,#14343,.T.);
#14341=ORIENTED_EDGE('',*,*,#14344,.T.);
#14342=EDGE_CURVE('',#121,#653,#14345,.F.);
#14343=EDGE_CURVE('',#653,#781,#14346,.T.);
#14344=EDGE_CURVE('',#781,#121,#14347,.T.);
#14345=LINE('',#120,#14348);
#14346=LINE('',#652,#14349);
#14347=LINE('',#780,#14350);
#14348=VECTOR('',#14351,1.0);
#14349=VECTOR('',#14352,1.0);
#14350=VECTOR('',#14353,1.0);
#14351=DIRECTION('',(0.2701944103560099,0.9628057855104362,0));
#14352=DIRECTION('',(-0.4991461787776195,-0.8665177968234125,0));
#14353=DIRECTION('',(0.8320502943378436,-0.554700196225229,0));
#14354=FACE_SURFACE('',(#14359),#14355,.T.);
#14355=PLANE('',#14356);
#14356=AXIS2_PLACEMENT_3D('',#34,#14357,#14358);
#14357=DIRECTION('',(0,-0,1));
#14358=DIRECTION('',(0.7912849385286584,0.6114475824285325,0));
#14359=FACE_BOUND('',#14360,.T.);
#14360=EDGE_LOOP('',(#14361,#14362,#14363));
#14361=ORIENTED_EDGE('',*,*,#14364,.T.);
#14362=ORIENTED_EDGE('',*,*,#14365,.T.);
#14363=ORIENTED_EDGE('',*,*,#14366,.T.);
#14364=EDGE_CURVE('',#35,#589,#14367,.F.);
#14365=EDGE_CURVE('',#589,#37,#14368,.T.);
#14366=EDGE_CURVE('',#37,#35,#14369,.T.);
#14367=LINE('',#34,#14370);
#14368=LINE('',#588,#14371);
#14369=LINE('',#36,#14372);
#14370=VECTOR('',#14373,1.0);
#14371=VECTOR('',#14374,1.0);
#14372=VECTOR('',#14375,1.0);
#14373=DIRECTION('',(0.7912849385286584,0.6114475824285325,0));
#14374=DIRECTION('',(-0.9195393425953634,-0.3929979610879515,0));
#14375=DIRECTION('',(0.6520385830085654,-0.758185786115898,0));
#14376=FACE_SURFACE('',(#14381),#14377,.T.);
#14377=PLANE('',#14378);
#14378=AXIS2_PLACEMENT_3D('',#36,#14379,#14380);
#14379=DIRECTION('',(0,-0,1));
#14380=DIRECTION('',(0.3929979610879515,0.9195393425953634,0));
#14381=FACE_BOUND('',#14382,.T.);
#14382=EDGE_LOOP('',(#14383,#14384,#14385));
#14383=ORIENTED_EDGE('',*,*,#14386,.T.);
#14384=ORIENTED_EDGE('',*,*,#14387,.T.);
#14385=ORIENTED_EDGE('',*,*,#14388,.T.);
#14386=EDGE_CURVE('',#37,#649,#14389,.F.);
#14387=EDGE_CURVE('',#649,#121,#14390,.T.);
#14388=EDGE_CURVE('',#121,#37,#14391,.T.);
#14389=LINE('',#36,#14392);
#14390=LINE('',#648,#14393);
#14391=LINE('',#120,#14394);
#14392=VECTOR('',#14395,1.0);
#14393=VECTOR('',#14396,1.0);
#14394=VECTOR('',#14397,1.0);
#14395=DIRECTION('',(0.3929979610879515,0.9195393425953634,0));
#14396=DIRECTION('',(-0.6114475824285325,-0.7912849385286584,0));
#14397=DIRECTION('',(0.758185786115898,-0.6520385830085654,0));
#14398=FACE_SURFACE('',(#14403),#14399,.T.);
#14399=PLANE('',#14400);
#14400=AXIS2_PLACEMENT_3D('',#778,#14401,#14402);
#14401=DIRECTION('',(0,-0,1));
#14402=DIRECTION('',(0.8665177968234125,0.4991461787776195,0));
#14403=FACE_BOUND('',#14404,.T.);
#14404=EDGE_LOOP('',(#14405,#14406,#14407));
#14405=ORIENTED_EDGE('',*,*,#14408,.T.);
#14406=ORIENTED_EDGE('',*,*,#14409,.T.);
#14407=ORIENTED_EDGE('',*,*,#14410,.T.);
#14408=EDGE_CURVE('',#779,#591,#14411,.F.);
#14409=EDGE_CURVE('',#591,#35,#14412,.T.);
#14410=EDGE_CURVE('',#35,#779,#14413,.T.);
#14411=LINE('',#778,#14414);
#14412=LINE('',#590,#14415);
#14413=LINE('',#34,#14416);
#14414=VECTOR('',#14417,1.0);
#14415=VECTOR('',#14418,1.0);
#14416=VECTOR('',#14419,1.0);
#14417=DIRECTION('',(0.8665177968234125,0.4991461787776195,0));
#14418=DIRECTION('',(-0.9628057855104362,-0.2701944103560099,0));
#14419=DIRECTION('',(0.554700196225229,-0.8320502943378436,0));
#14420=FACE_SURFACE('',(#14425),#14421,.T.);
#14421=PLANE('',#14422);
#14422=AXIS2_PLACEMENT_3D('',#648,#14423,#14424);
#14423=DIRECTION('',(0,0,1));
#14424=DIRECTION('',(-0.3929979610879515,-0.9195393425953634,0));
#14425=FACE_BOUND('',#14426,.T.);
#14426=EDGE_LOOP('',(#14427,#14428,#14429));
#14427=ORIENTED_EDGE('',*,*,#14430,.T.);
#14428=ORIENTED_EDGE('',*,*,#14431,.T.);
#14429=ORIENTED_EDGE('',*,*,#14432,.T.);
#14430=EDGE_CURVE('',#649,#37,#14433,.F.);
#14431=EDGE_CURVE('',#37,#595,#14434,.T.);
#14432=EDGE_CURVE('',#595,#649,#14435,.T.);
#14433=LINE('',#648,#14436);
#14434=LINE('',#36,#14437);
#14435=LINE('',#594,#14438);
#14436=VECTOR('',#14439,1.0);
#14437=VECTOR('',#14440,1.0);
#14438=VECTOR('',#14441,1.0);
#14439=DIRECTION('',(-0.3929979610879515,-0.9195393425953634,0));
#14440=DIRECTION('',(0.7071067811865475,0.7071067811865475,0));
#14441=DIRECTION('',(-0.7468452410726957,0.6649978841222481,0));
#14442=FACE_SURFACE('',(#14447),#14443,.T.);
#14443=PLANE('',#14444);
#14444=AXIS2_PLACEMENT_3D('',#652,#14445,#14446);
#14445=DIRECTION('',(0,0,1));
#14446=DIRECTION('',(-0.2701944103560099,-0.9628057855104362,0));
#14447=FACE_BOUND('',#14448,.T.);
#14448=EDGE_LOOP('',(#14449,#14450,#14451));
#14449=ORIENTED_EDGE('',*,*,#14452,.T.);
#14450=ORIENTED_EDGE('',*,*,#14453,.T.);
#14451=ORIENTED_EDGE('',*,*,#14454,.T.);
#14452=EDGE_CURVE('',#653,#121,#14455,.F.);
#14453=EDGE_CURVE('',#121,#649,#14456,.T.);
#14454=EDGE_CURVE('',#649,#653,#14457,.T.);
#14455=LINE('',#652,#14458);
#14456=LINE('',#120,#14459);
#14457=LINE('',#648,#14460);
#14458=VECTOR('',#14461,1.0);
#14459=VECTOR('',#14462,1.0);
#14460=VECTOR('',#14463,1.0);
#14461=DIRECTION('',(-0.2701944103560099,-0.9628057855104362,0));
#14462=DIRECTION('',(0.6114475824285325,0.7912849385286584,0));
#14463=DIRECTION('',(-0.8304886124426296,0.5570356044303771,0));
#14464=FACE_SURFACE('',(#14469),#14465,.T.);
#14465=PLANE('',#14466);
#14466=AXIS2_PLACEMENT_3D('',#702,#14467,#14468);
#14467=DIRECTION('',(0,0,1));
#14468=DIRECTION('',(-0.14088847437694377,-0.9900254733024486,0));
#14469=FACE_BOUND('',#14470,.T.);
#14470=EDGE_LOOP('',(#14471,#14472,#14473));
#14471=ORIENTED_EDGE('',*,*,#14474,.T.);
#14472=ORIENTED_EDGE('',*,*,#14475,.T.);
#14473=ORIENTED_EDGE('',*,*,#14476,.T.);
#14474=EDGE_CURVE('',#703,#781,#14477,.F.);
#14475=EDGE_CURVE('',#781,#653,#14478,.T.);
#14476=EDGE_CURVE('',#653,#703,#14479,.T.);
#14477=LINE('',#702,#14480);
#14478=LINE('',#780,#14481);
#14479=LINE('',#652,#14482);
#14480=VECTOR('',#14483,1.0);
#14481=VECTOR('',#14484,1.0);
#14482=VECTOR('',#14485,1.0);
#14483=DIRECTION('',(-0.14088847437694377,-0.9900254733024486,0));
#14484=DIRECTION('',(0.4991461787776195,0.8665177968234125,0));
#14485=DIRECTION('',(-0.8984738182518467,0.439027103851172,0));
#14486=FACE_SURFACE('',(#14491),#14487,.T.);
#14487=PLANE('',#14488);
#14488=AXIS2_PLACEMENT_3D('',#708,#14489,#14490);
#14489=DIRECTION('',(0,0,1));
#14490=DIRECTION('',(-0.011449707513028843,-0.9999344499505285,0));
#14491=FACE_BOUND('',#14492,.T.);
#14492=EDGE_LOOP('',(#14493,#14494,#14495));
#14493=ORIENTED_EDGE('',*,*,#14496,.T.);
#14494=ORIENTED_EDGE('',*,*,#14497,.T.);
#14495=ORIENTED_EDGE('',*,*,#14498,.T.);
#14496=EDGE_CURVE('',#709,#783,#14499,.F.);
#14497=EDGE_CURVE('',#783,#703,#14500,.T.);
#14498=EDGE_CURVE('',#703,#709,#14501,.T.);
#14499=LINE('',#708,#14502);
#14500=LINE('',#782,#14503);
#14501=LINE('',#702,#14504);
#14502=VECTOR('',#14505,1.0);
#14503=VECTOR('',#14506,1.0);
#14504=VECTOR('',#14507,1.0);
#14505=DIRECTION('',(-0.011449707513028843,-0.9999344499505285,0));
#14506=DIRECTION('',(0.38376383794229496,0.9234312733971056,0));
#14507=DIRECTION('',(-0.9486832980505138,0.31622776601683794,0));
#14508=FACE_SURFACE('',(#14513),#14509,.T.);
#14509=PLANE('',#14510);
#14510=AXIS2_PLACEMENT_3D('',#560,#14511,#14512);
#14511=DIRECTION('',(0.6637830481032245,0.747925173430332,0));
#14512=DIRECTION('',(0.747925173430332,-0.6637830481032246,0));
#14513=FACE_BOUND('',#14514,.T.);
#14514=EDGE_LOOP('',(#14515,#14516,#14517));
#14515=ORIENTED_EDGE('',*,*,#14518,.T.);
#14516=ORIENTED_EDGE('',*,*,#14519,.T.);
#14517=ORIENTED_EDGE('',*,*,#14520,.T.);
#14518=EDGE_CURVE('',#561,#557,#14521,.F.);
#14519=EDGE_CURVE('',#557,#635,#14522,.T.);
#14520=EDGE_CURVE('',#635,#561,#14523,.T.);
#14521=LINE('',#560,#14524);
#14522=LINE('',#556,#14525);
#14523=LINE('',#634,#14526);
#14524=VECTOR('',#14527,1.0);
#14525=VECTOR('',#14528,1.0);
#14526=VECTOR('',#14529,1.0);
#14527=DIRECTION('',(0.747925173430332,-0.6637830481032246,0));
#14528=DIRECTION('',(-0.11297446332767162,0.10026475413513151,-0.988526049082191));
#14529=DIRECTION('',(0,0,1));
#14530=FACE_SURFACE('',(#14535),#14531,.T.);
#14531=PLANE('',#14532);
#14532=AXIS2_PLACEMENT_3D('',#656,#14533,#14534);
#14533=DIRECTION('',(0.6637830481032245,0.747925173430332,-0));
#14534=DIRECTION('',(-0.747925173430332,0.6637830481032246,0));
#14535=FACE_BOUND('',#14536,.T.);
#14536=EDGE_LOOP('',(#14537,#14538,#14539));
#14537=ORIENTED_EDGE('',*,*,#14540,.T.);
#14538=ORIENTED_EDGE('',*,*,#14541,.T.);
#14539=ORIENTED_EDGE('',*,*,#14542,.T.);
#14540=EDGE_CURVE('',#657,#635,#14543,.F.);
#14541=EDGE_CURVE('',#635,#557,#14544,.T.);
#14542=EDGE_CURVE('',#557,#657,#14545,.T.);
#14543=LINE('',#656,#14546);
#14544=LINE('',#634,#14547);
#14545=LINE('',#556,#14548);
#14546=VECTOR('',#14549,1.0);
#14547=VECTOR('',#14550,1.0);
#14548=VECTOR('',#14551,1.0);
#14549=DIRECTION('',(-0.747925173430332,0.6637830481032246,0));
#14550=DIRECTION('',(0.11297446332767162,-0.10026475413513151,0.988526049082191));
#14551=DIRECTION('',(0,0,-1));
#14552=FACE_SURFACE('',(#14557),#14553,.T.);
#14553=PLANE('',#14554);
#14554=AXIS2_PLACEMENT_3D('',#576,#14555,#14556);
#14555=DIRECTION('',(0.5568762714796989,0.8305954600543327,0));
#14556=DIRECTION('',(0.8305954600543327,-0.556876271479699,0));
#14557=FACE_BOUND('',#14558,.T.);
#14558=EDGE_LOOP('',(#14559,#14560,#14561));
#14559=ORIENTED_EDGE('',*,*,#14562,.T.);
#14560=ORIENTED_EDGE('',*,*,#14563,.T.);
#14561=ORIENTED_EDGE('',*,*,#14564,.T.);
#14562=EDGE_CURVE('',#577,#561,#14565,.F.);
#14563=EDGE_CURVE('',#561,#651,#14566,.T.);
#14564=EDGE_CURVE('',#651,#577,#14567,.T.);
#14565=LINE('',#576,#14568);
#14566=LINE('',#560,#14569);
#14567=LINE('',#650,#14570);
#14568=VECTOR('',#14571,1.0);
#14569=VECTOR('',#14572,1.0);
#14570=VECTOR('',#14573,1.0);
#14571=DIRECTION('',(0.8305954600543327,-0.556876271479699,0));
#14572=DIRECTION('',(-0.12429869972646473,0.08333659378407925,-0.9887390178316913));
#14573=DIRECTION('',(0,0,1));
#14574=FACE_SURFACE('',(#14579),#14575,.T.);
#14575=PLANE('',#14576);
#14576=AXIS2_PLACEMENT_3D('',#634,#14577,#14578);
#14577=DIRECTION('',(0.5568762714796989,0.8305954600543327,-0));
#14578=DIRECTION('',(-0.8305954600543327,0.556876271479699,0));
#14579=FACE_BOUND('',#14580,.T.);
#14580=EDGE_LOOP('',(#14581,#14582,#14583));
#14581=ORIENTED_EDGE('',*,*,#14584,.T.);
#14582=ORIENTED_EDGE('',*,*,#14585,.T.);
#14583=ORIENTED_EDGE('',*,*,#14586,.T.);
#14584=EDGE_CURVE('',#635,#651,#14587,.F.);
#14585=EDGE_CURVE('',#651,#561,#14588,.T.);
#14586=EDGE_CURVE('',#561,#635,#14589,.T.);
#14587=LINE('',#634,#14590);
#14588=LINE('',#650,#14591);
#14589=LINE('',#560,#14592);
#14590=VECTOR('',#14593,1.0);
#14591=VECTOR('',#14594,1.0);
#14592=VECTOR('',#14595,1.0);
#14593=DIRECTION('',(-0.8305954600543327,0.556876271479699,0));
#14594=DIRECTION('',(0.12429869972646473,-0.08333659378407925,0.9887390178316913));
#14595=DIRECTION('',(0,0,-1));
#14596=FACE_SURFACE('',(#14601),#14597,.T.);
#14597=PLANE('',#14598);
#14598=AXIS2_PLACEMENT_3D('',#226,#14599,#14600);
#14599=DIRECTION('',(0,-0,1));
#14600=DIRECTION('',(0.8703495939028797,0.49243434526146995,0));
#14601=FACE_BOUND('',#14602,.T.);
#14602=EDGE_LOOP('',(#14603,#14604,#14605));
#14603=ORIENTED_EDGE('',*,*,#14606,.T.);
#14604=ORIENTED_EDGE('',*,*,#14607,.T.);
#14605=ORIENTED_EDGE('',*,*,#14608,.T.);
#14606=EDGE_CURVE('',#227,#421,#14609,.F.);
#14607=EDGE_CURVE('',#421,#789,#14610,.T.);
#14608=EDGE_CURVE('',#789,#227,#14611,.T.);
#14609=LINE('',#226,#14612);
#14610=LINE('',#420,#14613);
#14611=LINE('',#788,#14614);
#14612=VECTOR('',#14615,1.0);
#14613=VECTOR('',#14616,1.0);
#14614=VECTOR('',#14617,1.0);
#14615=DIRECTION('',(0.8703495939028797,0.49243434526146995,0));
#14616=DIRECTION('',(-0.9654996977434517,-0.26040417365569135,0));
#14617=DIRECTION('',(0.19906006124622186,-0.9799872917628322,0));
#14618=FACE_SURFACE('',(#14623),#14619,.T.);
#14619=PLANE('',#14620);
#14620=AXIS2_PLACEMENT_3D('',#224,#14621,#14622);
#14621=DIRECTION('',(0,0,1));
#14622=DIRECTION('',(-0.20395415702080533,0.9789804399649324,0));
#14623=FACE_BOUND('',#14624,.T.);
#14624=EDGE_LOOP('',(#14625,#14626,#14627));
#14625=ORIENTED_EDGE('',*,*,#14628,.T.);
#14626=ORIENTED_EDGE('',*,*,#14629,.T.);
#14627=ORIENTED_EDGE('',*,*,#14630,.T.);
#14628=EDGE_CURVE('',#225,#421,#14631,.F.);
#14629=EDGE_CURVE('',#421,#227,#14632,.T.);
#14630=EDGE_CURVE('',#227,#225,#14633,.T.);
#14631=LINE('',#224,#14634);
#14632=LINE('',#420,#14635);
#14633=LINE('',#226,#14636);
#14634=VECTOR('',#14637,1.0);
#14635=VECTOR('',#14638,1.0);
#14636=VECTOR('',#14639,1.0);
#14637=DIRECTION('',(-0.20395415702080533,0.9789804399649324,0));
#14638=DIRECTION('',(-0.8703495939028797,-0.49243434526146995,0));
#14639=DIRECTION('',(0.9912627804193638,0.13190185804329027,0));
#14640=FACE_SURFACE('',(#14645),#14641,.T.);
#14641=PLANE('',#14642);
#14642=AXIS2_PLACEMENT_3D('',#166,#14643,#14644);
#14643=DIRECTION('',(-0.1990600612462219,0.9799872917628323,0));
#14644=DIRECTION('',(-0.15415430546052958,-0.031312615729070244,-0.9875504899518734));
#14645=FACE_BOUND('',#14646,.T.);
#14646=EDGE_LOOP('',(#14647,#14648,#14649));
#14647=ORIENTED_EDGE('',*,*,#14650,.T.);
#14648=ORIENTED_EDGE('',*,*,#14651,.T.);
#14649=ORIENTED_EDGE('',*,*,#14652,.T.);
#14650=EDGE_CURVE('',#167,#123,#14653,.F.);
#14651=EDGE_CURVE('',#123,#565,#14654,.T.);
#14652=EDGE_CURVE('',#565,#167,#14655,.T.);
#14653=LINE('',#166,#14656);
#14654=LINE('',#122,#14657);
#14655=LINE('',#564,#14658);
#14656=VECTOR('',#14659,1.0);
#14657=VECTOR('',#14660,1.0);
#14658=VECTOR('',#14661,1.0);
#14659=DIRECTION('',(-0.15415430546052958,-0.031312615729070244,-0.9875504899518734));
#14660=DIRECTION('',(0,0,1));
#14661=DIRECTION('',(0.9799872917628322,0.19906006124622186,0));
#14662=FACE_SURFACE('',(#14667),#14663,.T.);
#14663=PLANE('',#14664);
#14664=AXIS2_PLACEMENT_3D('',#650,#14665,#14666);
#14665=DIRECTION('',(0.43971309743413567,0.8981382922161143,0));
#14666=DIRECTION('',(-0.8981382922161143,0.43971309743413567,0));
#14667=FACE_BOUND('',#14668,.T.);
#14668=EDGE_LOOP('',(#14669,#14670,#14671));
#14669=ORIENTED_EDGE('',*,*,#14672,.T.);
#14670=ORIENTED_EDGE('',*,*,#14673,.T.);
#14671=ORIENTED_EDGE('',*,*,#14674,.T.);
#14672=EDGE_CURVE('',#651,#659,#14675,.F.);
#14673=EDGE_CURVE('',#659,#585,#14676,.T.);
#14674=EDGE_CURVE('',#585,#651,#14677,.T.);
#14675=LINE('',#650,#14678);
#14676=LINE('',#658,#14679);
#14677=LINE('',#584,#14680);
#14678=VECTOR('',#14681,1.0);
#14679=VECTOR('',#14682,1.0);
#14680=VECTOR('',#14683,1.0);
#14681=DIRECTION('',(-0.8981382922161143,0.43971309743413567,0));
#14682=DIRECTION('',(0,0,1));
#14683=DIRECTION('',(0.1355713867980023,-0.06637342481557021,-0.988541839053825));
#14684=FACE_SURFACE('',(#14689),#14685,.T.);
#14685=PLANE('',#14686);
#14686=AXIS2_PLACEMENT_3D('',#650,#14687,#14688);
#14687=DIRECTION('',(0.43971309743413567,0.8981382922161143,-0));
#14688=DIRECTION('',(-0.1355713867980023,0.06637342481557021,0.988541839053825));
#14689=FACE_BOUND('',#14690,.T.);
#14690=EDGE_LOOP('',(#14691,#14692,#14693));
#14691=ORIENTED_EDGE('',*,*,#14694,.T.);
#14692=ORIENTED_EDGE('',*,*,#14695,.T.);
#14693=ORIENTED_EDGE('',*,*,#14696,.T.);
#14694=EDGE_CURVE('',#651,#585,#14697,.F.);
#14695=EDGE_CURVE('',#585,#577,#14698,.T.);
#14696=EDGE_CURVE('',#577,#651,#14699,.T.);
#14697=LINE('',#650,#14700);
#14698=LINE('',#584,#14701);
#14699=LINE('',#576,#14702);
#14700=VECTOR('',#14703,1.0);
#14701=VECTOR('',#14704,1.0);
#14702=VECTOR('',#14705,1.0);
#14703=DIRECTION('',(-0.1355713867980023,0.06637342481557021,0.988541839053825));
#14704=DIRECTION('',(0.8981382922161143,-0.43971309743413567,0));
#14705=DIRECTION('',(0,0,-1));
#14706=FACE_SURFACE('',(#14711),#14707,.T.);
#14707=PLANE('',#14708);
#14708=AXIS2_PLACEMENT_3D('',#788,#14709,#14710);
#14709=DIRECTION('',(0,-0,1));
#14710=DIRECTION('',(0.9654996977434517,0.26040417365569135,0));
#14711=FACE_BOUND('',#14712,.T.);
#14712=EDGE_LOOP('',(#14713,#14714,#14715));
#14713=ORIENTED_EDGE('',*,*,#14716,.T.);
#14714=ORIENTED_EDGE('',*,*,#14717,.T.);
#14715=ORIENTED_EDGE('',*,*,#14718,.T.);
#14716=EDGE_CURVE('',#789,#421,#14719,.F.);
#14717=EDGE_CURVE('',#421,#787,#14720,.T.);
#14718=EDGE_CURVE('',#787,#789,#14721,.T.);
#14719=LINE('',#788,#14722);
#14720=LINE('',#420,#14723);
#14721=LINE('',#786,#14724);
#14722=VECTOR('',#14725,1.0);
#14723=VECTOR('',#14726,1.0);
#14724=VECTOR('',#14727,1.0);
#14725=DIRECTION('',(0.9654996977434517,0.26040417365569135,0));
#14726=DIRECTION('',(-0.9999344499505285,-0.011449707513028843,0));
#14727=DIRECTION('',(0.3208077978221775,-0.9471443168052506,0));
#14728=FACE_SURFACE('',(#14733),#14729,.T.);
#14729=PLANE('',#14730);
#14730=AXIS2_PLACEMENT_3D('',#122,#14731,#14732);
#14731=DIRECTION('',(-0.32080724447778053,0.9471445042286702,0));
#14732=DIRECTION('',(-0.14932838123373404,-0.05057900488472434,0.9874931892539733));
#14733=FACE_BOUND('',#14734,.T.);
#14734=EDGE_LOOP('',(#14735,#14736,#14737));
#14735=ORIENTED_EDGE('',*,*,#14738,.T.);
#14736=ORIENTED_EDGE('',*,*,#14739,.T.);
#14737=ORIENTED_EDGE('',*,*,#14740,.T.);
#14738=EDGE_CURVE('',#123,#179,#14741,.F.);
#14739=EDGE_CURVE('',#179,#565,#14742,.T.);
#14740=EDGE_CURVE('',#565,#123,#14743,.T.);
#14741=LINE('',#122,#14744);
#14742=LINE('',#178,#14745);
#14743=LINE('',#564,#14746);
#14744=VECTOR('',#14747,1.0);
#14745=VECTOR('',#14748,1.0);
#14746=VECTOR('',#14749,1.0);
#14747=DIRECTION('',(-0.14932838123373404,-0.05057900488472434,0.9874931892539733));
#14748=DIRECTION('',(0.9471445042286701,0.3208072444777805,0));
#14749=DIRECTION('',(0,0,-1));
#14750=FACE_SURFACE('',(#14755),#14751,.T.);
#14751=PLANE('',#14752);
#14752=AXIS2_PLACEMENT_3D('',#658,#14753,#14754);
#14753=DIRECTION('',(0.31904191293177747,0.9477406068080191,0));
#14754=DIRECTION('',(-0.947740606808019,0.31904191293177747,0));
#14755=FACE_BOUND('',#14756,.T.);
#14756=EDGE_LOOP('',(#14757,#14758,#14759));
#14757=ORIENTED_EDGE('',*,*,#14760,.T.);
#14758=ORIENTED_EDGE('',*,*,#14761,.T.);
#14759=ORIENTED_EDGE('',*,*,#14762,.T.);
#14760=EDGE_CURVE('',#659,#663,#14763,.F.);
#14761=EDGE_CURVE('',#663,#513,#14764,.T.);
#14762=EDGE_CURVE('',#513,#659,#14765,.T.);
#14763=LINE('',#658,#14766);
#14764=LINE('',#662,#14767);
#14765=LINE('',#512,#14768);
#14766=VECTOR('',#14769,1.0);
#14767=VECTOR('',#14770,1.0);
#14768=VECTOR('',#14771,1.0);
#14769=DIRECTION('',(-0.947740606808019,0.31904191293177747,0));
#14770=DIRECTION('',(0,0,1));
#14771=DIRECTION('',(0.14264206434555035,-0.04801819901609498,-0.9886088680780132));
#14772=FACE_SURFACE('',(#14777),#14773,.T.);
#14773=PLANE('',#14774);
#14774=AXIS2_PLACEMENT_3D('',#658,#14775,#14776);
#14775=DIRECTION('',(0.31904191293177747,0.9477406068080191,-0));
#14776=DIRECTION('',(-0.14264206434555035,0.04801819901609498,0.9886088680780132));
#14777=FACE_BOUND('',#14778,.T.);
#14778=EDGE_LOOP('',(#14779,#14780,#14781));
#14779=ORIENTED_EDGE('',*,*,#14782,.T.);
#14780=ORIENTED_EDGE('',*,*,#14783,.T.);
#14781=ORIENTED_EDGE('',*,*,#14784,.T.);
#14782=EDGE_CURVE('',#659,#513,#14785,.F.);
#14783=EDGE_CURVE('',#513,#585,#14786,.T.);
#14784=EDGE_CURVE('',#585,#659,#14787,.T.);
#14785=LINE('',#658,#14788);
#14786=LINE('',#512,#14789);
#14787=LINE('',#584,#14790);
#14788=VECTOR('',#14791,1.0);
#14789=VECTOR('',#14792,1.0);
#14790=VECTOR('',#14793,1.0);
#14791=DIRECTION('',(-0.14264206434555035,0.04801819901609498,0.9886088680780132));
#14792=DIRECTION('',(0.947740606808019,-0.31904191293177747,0));
#14793=DIRECTION('',(0,0,-1));
#14794=FACE_SURFACE('',(#14799),#14795,.T.);
#14795=PLANE('',#14796);
#14796=AXIS2_PLACEMENT_3D('',#786,#14797,#14798);
#14797=DIRECTION('',(0,-0,1));
#14798=DIRECTION('',(0.9234312733971056,0.38376383794229496,0));
#14799=FACE_BOUND('',#14800,.T.);
#14800=EDGE_LOOP('',(#14801,#14802,#14803));
#14801=ORIENTED_EDGE('',*,*,#14804,.T.);
#14802=ORIENTED_EDGE('',*,*,#14805,.T.);
#14803=ORIENTED_EDGE('',*,*,#14806,.T.);
#14804=EDGE_CURVE('',#787,#625,#14807,.F.);
#14805=EDGE_CURVE('',#625,#779,#14808,.T.);
#14806=EDGE_CURVE('',#779,#787,#14809,.T.);
#14807=LINE('',#786,#14810);
#14808=LINE('',#624,#14811);
#14809=LINE('',#778,#14812);
#14810=VECTOR('',#14813,1.0);
#14811=VECTOR('',#14814,1.0);
#14812=VECTOR('',#14815,1.0);
#14813=DIRECTION('',(0.9234312733971056,0.38376383794229496,0));
#14814=DIRECTION('',(-0.9900254733024486,-0.14088847437694377,0));
#14815=DIRECTION('',(0.4411178351818742,-0.8974491938179325,0));
#14816=FACE_SURFACE('',(#14821),#14817,.T.);
#14817=PLANE('',#14818);
#14818=AXIS2_PLACEMENT_3D('',#662,#14819,#14820);
#14819=DIRECTION('',(0.19611634923030274,0.9805806328724722,0));
#14820=DIRECTION('',(-0.9805806328724721,0.19611634923030272,0));
#14821=FACE_BOUND('',#14822,.T.);
#14822=EDGE_LOOP('',(#14823,#14824,#14825));
#14823=ORIENTED_EDGE('',*,*,#14826,.T.);
#14824=ORIENTED_EDGE('',*,*,#14827,.T.);
#14825=ORIENTED_EDGE('',*,*,#14828,.T.);
#14826=EDGE_CURVE('',#663,#707,#14829,.F.);
#14827=EDGE_CURVE('',#707,#509,#14830,.T.);
#14828=EDGE_CURVE('',#509,#663,#14831,.T.);
#14829=LINE('',#662,#14832);
#14830=LINE('',#706,#14833);
#14831=LINE('',#508,#14834);
#14832=VECTOR('',#14835,1.0);
#14833=VECTOR('',#14836,1.0);
#14834=VECTOR('',#14837,1.0);
#14835=DIRECTION('',(-0.9805806328724721,0.19611634923030272,0));
#14836=DIRECTION('',(0,0,1));
#14837=DIRECTION('',(0.14827523415852686,-0.029655080499861774,-0.9885014067444622));
#14838=FACE_SURFACE('',(#14843),#14839,.T.);
#14839=PLANE('',#14840);
#14840=AXIS2_PLACEMENT_3D('',#662,#14841,#14842);
#14841=DIRECTION('',(0.19611634923030274,0.9805806328724722,-0));
#14842=DIRECTION('',(-0.14827523415852686,0.029655080499861774,0.9885014067444622));
#14843=FACE_BOUND('',#14844,.T.);
#14844=EDGE_LOOP('',(#14845,#14846,#14847));
#14845=ORIENTED_EDGE('',*,*,#14848,.T.);
#14846=ORIENTED_EDGE('',*,*,#14849,.T.);
#14847=ORIENTED_EDGE('',*,*,#14850,.T.);
#14848=EDGE_CURVE('',#663,#509,#14851,.F.);
#14849=EDGE_CURVE('',#509,#513,#14852,.T.);
#14850=EDGE_CURVE('',#513,#663,#14853,.T.);
#14851=LINE('',#662,#14854);
#14852=LINE('',#508,#14855);
#14853=LINE('',#512,#14856);
#14854=VECTOR('',#14857,1.0);
#14855=VECTOR('',#14858,1.0);
#14856=VECTOR('',#14859,1.0);
#14857=DIRECTION('',(-0.14827523415852686,0.029655080499861774,0.9885014067444622));
#14858=DIRECTION('',(0.9805806328724721,-0.19611634923030272,0));
#14859=DIRECTION('',(0,0,-1));
#14860=FACE_SURFACE('',(#14865),#14861,.T.);
#14861=PLANE('',#14862);
#14862=AXIS2_PLACEMENT_3D('',#706,#14863,#14864);
#14863=DIRECTION('',(0.06589392054040594,0.997826633857713,-0));
#14864=DIRECTION('',(-0.9978266338577131,0.06589392054040595,0));
#14865=FACE_BOUND('',#14866,.T.);
#14866=EDGE_LOOP('',(#14867,#14868,#14869));
#14867=ORIENTED_EDGE('',*,*,#14870,.T.);
#14868=ORIENTED_EDGE('',*,*,#14871,.T.);
#14869=ORIENTED_EDGE('',*,*,#14872,.T.);
#14870=EDGE_CURVE('',#707,#705,#14873,.F.);
#14871=EDGE_CURVE('',#705,#509,#14874,.T.);
#14872=EDGE_CURVE('',#509,#707,#14875,.T.);
#14873=LINE('',#706,#14876);
#14874=LINE('',#704,#14877);
#14875=LINE('',#508,#14878);
#14876=VECTOR('',#14879,1.0);
#14877=VECTOR('',#14880,1.0);
#14878=VECTOR('',#14881,1.0);
#14879=DIRECTION('',(-0.9978266338577131,0.06589392054040595,0));
#14880=DIRECTION('',(0.1497143829677162,-0.009886755194026372,0.9886798549603049));
#14881=DIRECTION('',(0,0,-1));
#14882=FACE_SURFACE('',(#14887),#14883,.T.);
#14883=PLANE('',#14884);
#14884=AXIS2_PLACEMENT_3D('',#184,#14885,#14886);
#14885=DIRECTION('',(-0.5547001962252291,0.8320502943378436,0));
#14886=DIRECTION('',(-0.13008772328626497,-0.08672514885750998,-0.9877023503089576));
#14887=FACE_BOUND('',#14888,.T.);
#14888=EDGE_LOOP('',(#14889,#14890,#14891));
#14889=ORIENTED_EDGE('',*,*,#14892,.T.);
#14890=ORIENTED_EDGE('',*,*,#14893,.T.);
#14891=ORIENTED_EDGE('',*,*,#14894,.T.);
#14892=EDGE_CURVE('',#185,#139,#14895,.F.);
#14893=EDGE_CURVE('',#139,#567,#14896,.T.);
#14894=EDGE_CURVE('',#567,#185,#14897,.T.);
#14895=LINE('',#184,#14898);
#14896=LINE('',#138,#14899);
#14897=LINE('',#566,#14900);
#14898=VECTOR('',#14901,1.0);
#14899=VECTOR('',#14902,1.0);
#14900=VECTOR('',#14903,1.0);
#14901=DIRECTION('',(-0.13008772328626497,-0.08672514885750998,-0.9877023503089576));
#14902=DIRECTION('',(0,0,1));
#14903=DIRECTION('',(0.8320502943378436,0.554700196225229,0));
#14904=FACE_SURFACE('',(#14909),#14905,.T.);
#14905=PLANE('',#14906);
#14906=AXIS2_PLACEMENT_3D('',#704,#14907,#14908);
#14907=DIRECTION('',(0.06589392054040594,0.997826633857713,-0));
#14908=DIRECTION('',(0,0,1));
#14909=FACE_BOUND('',#14910,.T.);
#14910=EDGE_LOOP('',(#14911,#14912,#14913));
#14911=ORIENTED_EDGE('',*,*,#14914,.T.);
#14912=ORIENTED_EDGE('',*,*,#14915,.T.);
#14913=ORIENTED_EDGE('',*,*,#14916,.T.);
#14914=EDGE_CURVE('',#705,#647,#14917,.F.);
#14915=EDGE_CURVE('',#647,#509,#14918,.T.);
#14916=EDGE_CURVE('',#509,#705,#14919,.T.);
#14917=LINE('',#704,#14920);
#14918=LINE('',#646,#14921);
#14919=LINE('',#508,#14922);
#14920=VECTOR('',#14923,1.0);
#14921=VECTOR('',#14924,1.0);
#14922=VECTOR('',#14925,1.0);
#14923=DIRECTION('',(0,0,1));
#14924=DIRECTION('',(0.9978266338577131,-0.06589392054040595,0));
#14925=DIRECTION('',(-0.1497143829677162,0.009886755194026372,-0.9886798549603049));
#14926=FACE_SURFACE('',(#14931),#14927,.T.);
#14927=PLANE('',#14928);
#14928=AXIS2_PLACEMENT_3D('',#138,#14929,#14930);
#14929=DIRECTION('',(-0.6520390298302459,0.7581854018497268,0));
#14930=DIRECTION('',(-0.12040372568816984,-0.10354713806692585,0.9873099478069474));
#14931=FACE_BOUND('',#14932,.T.);
#14932=EDGE_LOOP('',(#14933,#14934,#14935));
#14933=ORIENTED_EDGE('',*,*,#14936,.T.);
#14934=ORIENTED_EDGE('',*,*,#14937,.T.);
#14935=ORIENTED_EDGE('',*,*,#14938,.T.);
#14936=EDGE_CURVE('',#139,#209,#14939,.F.);
#14937=EDGE_CURVE('',#209,#567,#14940,.T.);
#14938=EDGE_CURVE('',#567,#139,#14941,.T.);
#14939=LINE('',#138,#14942);
#14940=LINE('',#208,#14943);
#14941=LINE('',#566,#14944);
#14942=VECTOR('',#14945,1.0);
#14943=VECTOR('',#14946,1.0);
#14944=VECTOR('',#14947,1.0);
#14945=DIRECTION('',(-0.12040372568816984,-0.10354713806692585,0.9873099478069474));
#14946=DIRECTION('',(0.7581854018497268,0.6520390298302459,0));
#14947=DIRECTION('',(0,0,-1));
#14948=FACE_SURFACE('',(#14953),#14949,.T.);
#14949=PLANE('',#14950);
#14950=AXIS2_PLACEMENT_3D('',#704,#14951,#14952);
#14951=DIRECTION('',(-0.06589392054040594,0.997826633857713,0));
#14952=DIRECTION('',(-0.9978266338577131,-0.06589392054040595,0));
#14953=FACE_BOUND('',#14954,.T.);
#14954=EDGE_LOOP('',(#14955,#14956,#14957));
#14955=ORIENTED_EDGE('',*,*,#14958,.T.);
#14956=ORIENTED_EDGE('',*,*,#14959,.T.);
#14957=ORIENTED_EDGE('',*,*,#14960,.T.);
#14958=EDGE_CURVE('',#705,#737,#14961,.F.);
#14959=EDGE_CURVE('',#737,#641,#14962,.T.);
#14960=EDGE_CURVE('',#641,#705,#14963,.T.);
#14961=LINE('',#704,#14964);
#14962=LINE('',#736,#14965);
#14963=LINE('',#640,#14966);
#14964=VECTOR('',#14967,1.0);
#14965=VECTOR('',#14968,1.0);
#14966=VECTOR('',#14969,1.0);
#14967=DIRECTION('',(-0.9978266338577131,-0.06589392054040595,0));
#14968=DIRECTION('',(0,0,1));
#14969=DIRECTION('',(0.1497143829677162,0.009886755194026372,-0.9886798549603049));
#14970=FACE_SURFACE('',(#14975),#14971,.T.);
#14971=PLANE('',#14972);
#14972=AXIS2_PLACEMENT_3D('',#704,#14973,#14974);
#14973=DIRECTION('',(-0.06589392054040594,0.997826633857713,0));
#14974=DIRECTION('',(-0.1497143829677162,-0.009886755194026372,0.9886798549603049));
#14975=FACE_BOUND('',#14976,.T.);
#14976=EDGE_LOOP('',(#14977,#14978,#14979));
#14977=ORIENTED_EDGE('',*,*,#14980,.T.);
#14978=ORIENTED_EDGE('',*,*,#14981,.T.);
#14979=ORIENTED_EDGE('',*,*,#14982,.T.);
#14980=EDGE_CURVE('',#705,#641,#14983,.F.);
#14981=EDGE_CURVE('',#641,#647,#14984,.T.);
#14982=EDGE_CURVE('',#647,#705,#14985,.T.);
#14983=LINE('',#704,#14986);
#14984=LINE('',#640,#14987);
#14985=LINE('',#646,#14988);
#14986=VECTOR('',#14989,1.0);
#14987=VECTOR('',#14990,1.0);
#14988=VECTOR('',#14991,1.0);
#14989=DIRECTION('',(-0.1497143829677162,-0.009886755194026372,0.9886798549603049));
#14990=DIRECTION('',(0.9978266338577131,0.06589392054040595,0));
#14991=DIRECTION('',(0,0,-1));
#14992=FACE_SURFACE('',(#14997),#14993,.T.);
#14993=PLANE('',#14994);
#14994=AXIS2_PLACEMENT_3D('',#208,#14995,#14996);
#14995=DIRECTION('',(-0.7581857861158979,0.6520385830085653,0));
#14996=DIRECTION('',(-0.1035471362774403,-0.12040386713976066,-0.9873099307444102));
#14997=FACE_BOUND('',#14998,.T.);
#14998=EDGE_LOOP('',(#14999,#15000,#15001));
#14999=ORIENTED_EDGE('',*,*,#15002,.T.);
#15000=ORIENTED_EDGE('',*,*,#15003,.T.);
#15001=ORIENTED_EDGE('',*,*,#15004,.T.);
#15002=EDGE_CURVE('',#209,#155,#15005,.F.);
#15003=EDGE_CURVE('',#155,#569,#15006,.T.);
#15004=EDGE_CURVE('',#569,#209,#15007,.T.);
#15005=LINE('',#208,#15008);
#15006=LINE('',#154,#15009);
#15007=LINE('',#568,#15010);
#15008=VECTOR('',#15011,1.0);
#15009=VECTOR('',#15012,1.0);
#15010=VECTOR('',#15013,1.0);
#15011=DIRECTION('',(-0.1035471362774403,-0.12040386713976066,-0.9873099307444102));
#15012=DIRECTION('',(0,0,1));
#15013=DIRECTION('',(0.6520385830085654,0.758185786115898,0));
#15014=FACE_SURFACE('',(#15019),#15015,.T.);
#15015=PLANE('',#15016);
#15016=AXIS2_PLACEMENT_3D('',#780,#15017,#15018);
#15017=DIRECTION('',(0,-0,1));
#15018=DIRECTION('',(0.14088847437694377,0.9900254733024486,0));
#15019=FACE_BOUND('',#15020,.T.);
#15020=EDGE_LOOP('',(#15021,#15022,#15023));
#15021=ORIENTED_EDGE('',*,*,#15024,.T.);
#15022=ORIENTED_EDGE('',*,*,#15025,.T.);
#15023=ORIENTED_EDGE('',*,*,#15026,.T.);
#15024=EDGE_CURVE('',#781,#703,#15027,.F.);
#15025=EDGE_CURVE('',#703,#783,#15028,.T.);
#15026=EDGE_CURVE('',#783,#781,#15029,.T.);
#15027=LINE('',#780,#15030);
#15028=LINE('',#702,#15031);
#15029=LINE('',#782,#15032);
#15030=VECTOR('',#15033,1.0);
#15031=VECTOR('',#15034,1.0);
#15032=VECTOR('',#15035,1.0);
#15033=DIRECTION('',(0.14088847437694377,0.9900254733024486,0));
#15034=DIRECTION('',(-0.38376383794229496,-0.9234312733971056,0));
#15035=DIRECTION('',(0.8974491938179325,-0.4411178351818742,0));
#15036=FACE_SURFACE('',(#15041),#15037,.T.);
#15037=PLANE('',#15038);
#15038=AXIS2_PLACEMENT_3D('',#736,#15039,#15040);
#15039=DIRECTION('',(-0.19611634923030274,0.9805806328724722,0));
#15040=DIRECTION('',(-0.9805806328724721,-0.19611634923030272,0));
#15041=FACE_BOUND('',#15042,.T.);
#15042=EDGE_LOOP('',(#15043,#15044,#15045));
#15043=ORIENTED_EDGE('',*,*,#15046,.T.);
#15044=ORIENTED_EDGE('',*,*,#15047,.T.);
#15045=ORIENTED_EDGE('',*,*,#15048,.T.);
#15046=EDGE_CURVE('',#737,#733,#15049,.F.);
#15047=EDGE_CURVE('',#733,#637,#15050,.T.);
#15048=EDGE_CURVE('',#637,#737,#15051,.T.);
#15049=LINE('',#736,#15052);
#15050=LINE('',#732,#15053);
#15051=LINE('',#636,#15054);
#15052=VECTOR('',#15055,1.0);
#15053=VECTOR('',#15056,1.0);
#15054=VECTOR('',#15057,1.0);
#15055=DIRECTION('',(-0.9805806328724721,-0.19611634923030272,0));
#15056=DIRECTION('',(0,0,1));
#15057=DIRECTION('',(0.14827523415852686,0.029655080499861774,-0.9885014067444622));
#15058=FACE_SURFACE('',(#15063),#15059,.T.);
#15059=PLANE('',#15060);
#15060=AXIS2_PLACEMENT_3D('',#736,#15061,#15062);
#15061=DIRECTION('',(-0.19611634923030274,0.9805806328724722,0));
#15062=DIRECTION('',(-0.14827523415852686,-0.029655080499861774,0.9885014067444622));
#15063=FACE_BOUND('',#15064,.T.);
#15064=EDGE_LOOP('',(#15065,#15066,#15067));
#15065=ORIENTED_EDGE('',*,*,#15068,.T.);
#15066=ORIENTED_EDGE('',*,*,#15069,.T.);
#15067=ORIENTED_EDGE('',*,*,#15070,.T.);
#15068=EDGE_CURVE('',#737,#637,#15071,.F.);
#15069=EDGE_CURVE('',#637,#641,#15072,.T.);
#15070=EDGE_CURVE('',#641,#737,#15073,.T.);
#15071=LINE('',#736,#15074);
#15072=LINE('',#636,#15075);
#15073=LINE('',#640,#15076);
#15074=VECTOR('',#15077,1.0);
#15075=VECTOR('',#15078,1.0);
#15076=VECTOR('',#15079,1.0);
#15077=DIRECTION('',(-0.14827523415852686,-0.029655080499861774,0.9885014067444622));
#15078=DIRECTION('',(0.9805806328724721,0.19611634923030272,0));
#15079=DIRECTION('',(0,0,-1));
#15080=FACE_SURFACE('',(#15085),#15081,.T.);
#15081=PLANE('',#15082);
#15082=AXIS2_PLACEMENT_3D('',#570,#15083,#15084);
#15083=DIRECTION('',(-0.8320502943378436,0.5547001962252291,0));
#15084=DIRECTION('',(0.554700196225229,0.8320502943378436,0));
#15085=FACE_BOUND('',#15086,.T.);
#15086=EDGE_LOOP('',(#15087,#15088,#15089));
#15087=ORIENTED_EDGE('',*,*,#15090,.T.);
#15088=ORIENTED_EDGE('',*,*,#15091,.T.);
#15089=ORIENTED_EDGE('',*,*,#15092,.T.);
#15090=EDGE_CURVE('',#571,#569,#15093,.F.);
#15091=EDGE_CURVE('',#569,#153,#15094,.T.);
#15092=EDGE_CURVE('',#153,#571,#15095,.T.);
#15093=LINE('',#570,#15096);
#15094=LINE('',#568,#15097);
#15095=LINE('',#152,#15098);
#15096=VECTOR('',#15099,1.0);
#15097=VECTOR('',#15100,1.0);
#15098=VECTOR('',#15101,1.0);
#15099=DIRECTION('',(0.554700196225229,0.8320502943378436,0));
#15100=DIRECTION('',(-0.08672514885750998,-0.13008772328626497,-0.9877023503089576));
#15101=DIRECTION('',(0,0,1));
#15102=FACE_SURFACE('',(#15107),#15103,.T.);
#15103=PLANE('',#15104);
#15104=AXIS2_PLACEMENT_3D('',#154,#15105,#15106);
#15105=DIRECTION('',(-0.8320502943378436,0.5547001962252291,0));
#15106=DIRECTION('',(-0.554700196225229,-0.8320502943378436,0));
#15107=FACE_BOUND('',#15108,.T.);
#15108=EDGE_LOOP('',(#15109,#15110,#15111));
#15109=ORIENTED_EDGE('',*,*,#15112,.T.);
#15110=ORIENTED_EDGE('',*,*,#15113,.T.);
#15111=ORIENTED_EDGE('',*,*,#15114,.T.);
#15112=EDGE_CURVE('',#155,#153,#15115,.F.);
#15113=EDGE_CURVE('',#153,#569,#15116,.T.);
#15114=EDGE_CURVE('',#569,#155,#15117,.T.);
#15115=LINE('',#154,#15118);
#15116=LINE('',#152,#15119);
#15117=LINE('',#568,#15120);
#15118=VECTOR('',#15121,1.0);
#15119=VECTOR('',#15122,1.0);
#15120=VECTOR('',#15123,1.0);
#15121=DIRECTION('',(-0.554700196225229,-0.8320502943378436,0));
#15122=DIRECTION('',(0.08672514885750998,0.13008772328626497,0.9877023503089576));
#15123=DIRECTION('',(0,0,-1));
#15124=FACE_SURFACE('',(#15129),#15125,.T.);
#15125=PLANE('',#15126);
#15126=AXIS2_PLACEMENT_3D('',#732,#15127,#15128);
#15127=DIRECTION('',(-0.31904174381548833,0.947740663738331,0));
#15128=DIRECTION('',(-0.9477406637383311,-0.3190417438154884,0));
#15129=FACE_BOUND('',#15130,.T.);
#15130=EDGE_LOOP('',(#15131,#15132,#15133));
#15131=ORIENTED_EDGE('',*,*,#15134,.T.);
#15132=ORIENTED_EDGE('',*,*,#15135,.T.);
#15133=ORIENTED_EDGE('',*,*,#15136,.T.);
#15134=EDGE_CURVE('',#733,#731,#15137,.F.);
#15135=EDGE_CURVE('',#731,#643,#15138,.T.);
#15136=EDGE_CURVE('',#643,#733,#15139,.T.);
#15137=LINE('',#732,#15140);
#15138=LINE('',#730,#15141);
#15139=LINE('',#642,#15142);
#15140=VECTOR('',#15143,1.0);
#15141=VECTOR('',#15144,1.0);
#15142=VECTOR('',#15145,1.0);
#15143=DIRECTION('',(-0.9477406637383311,-0.3190417438154884,0));
#15144=DIRECTION('',(0,0,1));
#15145=DIRECTION('',(0.14264214681230936,0.0480181984395142,-0.9886088562072459));
#15146=FACE_SURFACE('',(#15151),#15147,.T.);
#15147=PLANE('',#15148);
#15148=AXIS2_PLACEMENT_3D('',#732,#15149,#15150);
#15149=DIRECTION('',(-0.31904174381548833,0.947740663738331,0));
#15150=DIRECTION('',(-0.14264214681230936,-0.0480181984395142,0.9886088562072459));
#15151=FACE_BOUND('',#15152,.T.);
#15152=EDGE_LOOP('',(#15153,#15154,#15155));
#15153=ORIENTED_EDGE('',*,*,#15156,.T.);
#15154=ORIENTED_EDGE('',*,*,#15157,.T.);
#15155=ORIENTED_EDGE('',*,*,#15158,.T.);
#15156=EDGE_CURVE('',#733,#643,#15159,.F.);
#15157=EDGE_CURVE('',#643,#637,#15160,.T.);
#15158=EDGE_CURVE('',#637,#733,#15161,.T.);
#15159=LINE('',#732,#15162);
#15160=LINE('',#642,#15163);
#15161=LINE('',#636,#15164);
#15162=VECTOR('',#15165,1.0);
#15163=VECTOR('',#15166,1.0);
#15164=VECTOR('',#15167,1.0);
#15165=DIRECTION('',(-0.14264214681230936,-0.0480181984395142,0.9886088562072459));
#15166=DIRECTION('',(0.9477406637383311,0.3190417438154884,0));
#15167=DIRECTION('',(0,0,-1));
#15168=FACE_SURFACE('',(#15173),#15169,.T.);
#15169=PLANE('',#15170);
#15170=AXIS2_PLACEMENT_3D('',#152,#15171,#15172);
#15171=DIRECTION('',(-0.8974488348939095,0.44111856540794603,0));
#15172=DIRECTION('',(-0.44111856540794603,-0.8974488348939095,0));
#15173=FACE_BOUND('',#15174,.T.);
#15174=EDGE_LOOP('',(#15175,#15176,#15177));
#15175=ORIENTED_EDGE('',*,*,#15178,.T.);
#15176=ORIENTED_EDGE('',*,*,#15179,.T.);
#15177=ORIENTED_EDGE('',*,*,#15180,.T.);
#15178=EDGE_CURVE('',#153,#173,#15181,.F.);
#15179=EDGE_CURVE('',#173,#535,#15182,.T.);
#15180=EDGE_CURVE('',#535,#153,#15183,.T.);
#15181=LINE('',#152,#15184);
#15182=LINE('',#172,#15185);
#15183=LINE('',#534,#15186);
#15184=VECTOR('',#15187,1.0);
#15185=VECTOR('',#15188,1.0);
#15186=VECTOR('',#15189,1.0);
#15187=DIRECTION('',(-0.44111856540794603,-0.8974488348939095,0));
#15188=DIRECTION('',(0,0,1));
#15189=DIRECTION('',(0.06983957365966055,0.14208752232494612,-0.98738724417049));
#15190=FACE_SURFACE('',(#15195),#15191,.T.);
#15191=PLANE('',#15192);
#15192=AXIS2_PLACEMENT_3D('',#152,#15193,#15194);
#15193=DIRECTION('',(-0.8974488348939095,0.44111856540794603,0));
#15194=DIRECTION('',(-0.06983957365966055,-0.14208752232494612,0.98738724417049));
#15195=FACE_BOUND('',#15196,.T.);
#15196=EDGE_LOOP('',(#15197,#15198,#15199));
#15197=ORIENTED_EDGE('',*,*,#15200,.T.);
#15198=ORIENTED_EDGE('',*,*,#15201,.T.);
#15199=ORIENTED_EDGE('',*,*,#15202,.T.);
#15200=EDGE_CURVE('',#153,#535,#15203,.F.);
#15201=EDGE_CURVE('',#535,#571,#15204,.T.);
#15202=EDGE_CURVE('',#571,#153,#15205,.T.);
#15203=LINE('',#152,#15206);
#15204=LINE('',#534,#15207);
#15205=LINE('',#570,#15208);
#15206=VECTOR('',#15209,1.0);
#15207=VECTOR('',#15210,1.0);
#15208=VECTOR('',#15211,1.0);
#15209=DIRECTION('',(-0.06983957365966055,-0.14208752232494612,0.98738724417049));
#15210=DIRECTION('',(0.44111856540794603,0.8974488348939095,0));
#15211=DIRECTION('',(0,0,-1));
#15212=FACE_SURFACE('',(#15217),#15213,.T.);
#15213=PLANE('',#15214);
#15214=AXIS2_PLACEMENT_3D('',#664,#15215,#15216);
#15215=DIRECTION('',(-0.4434352895670955,0.8963063895602587,0));
#15216=DIRECTION('',(0.8963063895602588,0.4434352895670955,0));
#15217=FACE_BOUND('',#15218,.T.);
#15218=EDGE_LOOP('',(#15219,#15220,#15221));
#15219=ORIENTED_EDGE('',*,*,#15222,.T.);
#15220=ORIENTED_EDGE('',*,*,#15223,.T.);
#15221=ORIENTED_EDGE('',*,*,#15224,.T.);
#15222=EDGE_CURVE('',#665,#643,#15225,.F.);
#15223=EDGE_CURVE('',#643,#735,#15226,.T.);
#15224=EDGE_CURVE('',#735,#665,#15227,.T.);
#15225=LINE('',#664,#15228);
#15226=LINE('',#642,#15229);
#15227=LINE('',#734,#15230);
#15228=VECTOR('',#15231,1.0);
#15229=VECTOR('',#15232,1.0);
#15230=VECTOR('',#15233,1.0);
#15231=DIRECTION('',(0.8963063895602588,0.4434352895670955,0));
#15232=DIRECTION('',(-0.13418476093639214,-0.0663860695565422,-0.9887301652631406));
#15233=DIRECTION('',(0,0,1));
#15234=FACE_SURFACE('',(#15239),#15235,.T.);
#15235=PLANE('',#15236);
#15236=AXIS2_PLACEMENT_3D('',#730,#15237,#15238);
#15237=DIRECTION('',(-0.4434352895670955,0.8963063895602587,0));
#15238=DIRECTION('',(-0.8963063895602588,-0.4434352895670955,0));
#15239=FACE_BOUND('',#15240,.T.);
#15240=EDGE_LOOP('',(#15241,#15242,#15243));
#15241=ORIENTED_EDGE('',*,*,#15244,.T.);
#15242=ORIENTED_EDGE('',*,*,#15245,.T.);
#15243=ORIENTED_EDGE('',*,*,#15246,.T.);
#15244=EDGE_CURVE('',#731,#735,#15247,.F.);
#15245=EDGE_CURVE('',#735,#643,#15248,.T.);
#15246=EDGE_CURVE('',#643,#731,#15249,.T.);
#15247=LINE('',#730,#15250);
#15248=LINE('',#734,#15251);
#15249=LINE('',#642,#15252);
#15250=VECTOR('',#15253,1.0);
#15251=VECTOR('',#15254,1.0);
#15252=VECTOR('',#15255,1.0);
#15253=DIRECTION('',(-0.8963063895602588,-0.4434352895670955,0));
#15254=DIRECTION('',(0.13418476093639214,0.0663860695565422,0.9887301652631406));
#15255=DIRECTION('',(0,0,-1));
#15256=FACE_SURFACE('',(#15261),#15257,.T.);
#15257=PLANE('',#15258);
#15258=AXIS2_PLACEMENT_3D('',#782,#15259,#15260);
#15259=DIRECTION('',(0,-0,1));
#15260=DIRECTION('',(0.011449707513028843,0.9999344499505285,0));
#15261=FACE_BOUND('',#15262,.T.);
#15262=EDGE_LOOP('',(#15263,#15264,#15265));
#15263=ORIENTED_EDGE('',*,*,#15266,.T.);
#15264=ORIENTED_EDGE('',*,*,#15267,.T.);
#15265=ORIENTED_EDGE('',*,*,#15268,.T.);
#15266=EDGE_CURVE('',#783,#709,#15269,.F.);
#15267=EDGE_CURVE('',#709,#785,#15270,.T.);
#15268=EDGE_CURVE('',#785,#783,#15271,.T.);
#15269=LINE('',#782,#15272);
#15270=LINE('',#708,#15273);
#15271=LINE('',#784,#15274);
#15272=VECTOR('',#15275,1.0);
#15273=VECTOR('',#15276,1.0);
#15274=VECTOR('',#15277,1.0);
#15275=DIRECTION('',(0.011449707513028843,0.9999344499505285,0));
#15276=DIRECTION('',(-0.26040417365569135,-0.9654996977434517,0));
#15277=DIRECTION('',(0.9471443168052506,-0.3208077978221775,0));
#15278=FACE_SURFACE('',(#15283),#15279,.T.);
#15279=PLANE('',#15280);
#15280=AXIS2_PLACEMENT_3D('',#172,#15281,#15282);
#15281=DIRECTION('',(-0.9471444551415069,0.320807389401644,0));
#15282=DIRECTION('',(-0.050578935457400956,-0.1493281010602307,0.9874932351777108));
#15283=FACE_BOUND('',#15284,.T.);
#15284=EDGE_LOOP('',(#15285,#15286,#15287));
#15285=ORIENTED_EDGE('',*,*,#15288,.T.);
#15286=ORIENTED_EDGE('',*,*,#15289,.T.);
#15287=ORIENTED_EDGE('',*,*,#15290,.T.);
#15288=EDGE_CURVE('',#173,#263,#15291,.F.);
#15289=EDGE_CURVE('',#263,#535,#15292,.T.);
#15290=EDGE_CURVE('',#535,#173,#15293,.T.);
#15291=LINE('',#172,#15294);
#15292=LINE('',#262,#15295);
#15293=LINE('',#534,#15296);
#15294=VECTOR('',#15297,1.0);
#15295=VECTOR('',#15298,1.0);
#15296=VECTOR('',#15299,1.0);
#15297=DIRECTION('',(-0.050578935457400956,-0.1493281010602307,0.9874932351777108));
#15298=DIRECTION('',(0.32080738940164394,0.9471444551415068,0));
#15299=DIRECTION('',(0,0,-1));
#15300=FACE_SURFACE('',(#15305),#15301,.T.);
#15301=PLANE('',#15302);
#15302=AXIS2_PLACEMENT_3D('',#698,#15303,#15304);
#15303=DIRECTION('',(-0.5525371911078466,0.8334882437339179,0));
#15304=DIRECTION('',(0.8334882437339179,0.5525371911078466,0));
#15305=FACE_BOUND('',#15306,.T.);
#15306=EDGE_LOOP('',(#15307,#15308,#15309));
#15307=ORIENTED_EDGE('',*,*,#15310,.T.);
#15308=ORIENTED_EDGE('',*,*,#15311,.T.);
#15309=ORIENTED_EDGE('',*,*,#15312,.T.);
#15310=EDGE_CURVE('',#699,#665,#15313,.F.);
#15311=EDGE_CURVE('',#665,#739,#15314,.T.);
#15312=EDGE_CURVE('',#739,#699,#15315,.T.);
#15313=LINE('',#698,#15316);
#15314=LINE('',#664,#15317);
#15315=LINE('',#738,#15318);
#15316=VECTOR('',#15319,1.0);
#15317=VECTOR('',#15320,1.0);
#15318=VECTOR('',#15321,1.0);
#15319=DIRECTION('',(0.8334882437339179,0.5525371911078466,0));
#15320=DIRECTION('',(-0.12568893404956763,-0.08332188377603313,-0.9885644923531781));
#15321=DIRECTION('',(0,0,1));
#15322=FACE_SURFACE('',(#15327),#15323,.T.);
#15323=PLANE('',#15324);
#15324=AXIS2_PLACEMENT_3D('',#734,#15325,#15326);
#15325=DIRECTION('',(-0.5525371911078466,0.8334882437339179,0));
#15326=DIRECTION('',(-0.8334882437339179,-0.5525371911078466,0));
#15327=FACE_BOUND('',#15328,.T.);
#15328=EDGE_LOOP('',(#15329,#15330,#15331));
#15329=ORIENTED_EDGE('',*,*,#15332,.T.);
#15330=ORIENTED_EDGE('',*,*,#15333,.T.);
#15331=ORIENTED_EDGE('',*,*,#15334,.T.);
#15332=EDGE_CURVE('',#735,#739,#15335,.F.);
#15333=EDGE_CURVE('',#739,#665,#15336,.T.);
#15334=EDGE_CURVE('',#665,#735,#15337,.T.);
#15335=LINE('',#734,#15338);
#15336=LINE('',#738,#15339);
#15337=LINE('',#664,#15340);
#15338=VECTOR('',#15341,1.0);
#15339=VECTOR('',#15342,1.0);
#15340=VECTOR('',#15343,1.0);
#15341=DIRECTION('',(-0.8334882437339179,-0.5525371911078466,0));
#15342=DIRECTION('',(0.12568893404956763,0.08332188377603313,0.9885644923531781));
#15343=DIRECTION('',(0,0,-1));
#15344=FACE_SURFACE('',(#15349),#15345,.T.);
#15345=PLANE('',#15346);
#15346=AXIS2_PLACEMENT_3D('',#700,#15347,#15348);
#15347=DIRECTION('',(-0.6637833247543571,0.7479249279025613,0));
#15348=DIRECTION('',(0.7479249279025614,0.6637833247543572,0));
#15349=FACE_BOUND('',#15350,.T.);
#15350=EDGE_LOOP('',(#15351,#15352,#15353));
#15351=ORIENTED_EDGE('',*,*,#15354,.T.);
#15352=ORIENTED_EDGE('',*,*,#15355,.T.);
#15353=ORIENTED_EDGE('',*,*,#15356,.T.);
#15354=EDGE_CURVE('',#701,#699,#15357,.F.);
#15355=EDGE_CURVE('',#699,#741,#15358,.T.);
#15356=EDGE_CURVE('',#741,#701,#15359,.T.);
#15357=LINE('',#700,#15360);
#15358=LINE('',#698,#15361);
#15359=LINE('',#740,#15362);
#15360=VECTOR('',#15363,1.0);
#15361=VECTOR('',#15364,1.0);
#15362=VECTOR('',#15365,1.0);
#15363=DIRECTION('',(0.7479249279025614,0.6637833247543572,0));
#15364=DIRECTION('',(-0.11297438022949394,-0.10026475508858299,-0.9885260584824197));
#15365=DIRECTION('',(0,0,1));
#15366=FACE_SURFACE('',(#15371),#15367,.T.);
#15367=PLANE('',#15368);
#15368=AXIS2_PLACEMENT_3D('',#738,#15369,#15370);
#15369=DIRECTION('',(-0.6637833247543571,0.7479249279025613,0));
#15370=DIRECTION('',(-0.7479249279025614,-0.6637833247543572,0));
#15371=FACE_BOUND('',#15372,.T.);
#15372=EDGE_LOOP('',(#15373,#15374,#15375));
#15373=ORIENTED_EDGE('',*,*,#15376,.T.);
#15374=ORIENTED_EDGE('',*,*,#15377,.T.);
#15375=ORIENTED_EDGE('',*,*,#15378,.T.);
#15376=EDGE_CURVE('',#739,#741,#15379,.F.);
#15377=EDGE_CURVE('',#741,#699,#15380,.T.);
#15378=EDGE_CURVE('',#699,#739,#15381,.T.);
#15379=LINE('',#738,#15382);
#15380=LINE('',#740,#15383);
#15381=LINE('',#698,#15384);
#15382=VECTOR('',#15385,1.0);
#15383=VECTOR('',#15386,1.0);
#15384=VECTOR('',#15387,1.0);
#15385=DIRECTION('',(-0.7479249279025614,-0.6637833247543572,0));
#15386=DIRECTION('',(0.11297438022949394,0.10026475508858299,0.9885260584824197));
#15387=DIRECTION('',(0,0,-1));
#15388=FACE_SURFACE('',(#15393),#15389,.T.);
#15389=PLANE('',#15390);
#15390=AXIS2_PLACEMENT_3D('',#768,#15391,#15392);
#15391=DIRECTION('',(0.1990600612462219,-0.9799872917628323,0));
#15392=DIRECTION('',(0.15415430546052958,0.031312615729070244,-0.9875504899518734));
#15393=FACE_BOUND('',#15394,.T.);
#15394=EDGE_LOOP('',(#15395,#15396,#15397));
#15395=ORIENTED_EDGE('',*,*,#15398,.T.);
#15396=ORIENTED_EDGE('',*,*,#15399,.T.);
#15397=ORIENTED_EDGE('',*,*,#15400,.T.);
#15398=EDGE_CURVE('',#769,#265,#15401,.F.);
#15399=EDGE_CURVE('',#265,#677,#15402,.T.);
#15400=EDGE_CURVE('',#677,#769,#15403,.T.);
#15401=LINE('',#768,#15404);
#15402=LINE('',#264,#15405);
#15403=LINE('',#676,#15406);
#15404=VECTOR('',#15407,1.0);
#15405=VECTOR('',#15408,1.0);
#15406=VECTOR('',#15409,1.0);
#15407=DIRECTION('',(0.15415430546052958,0.031312615729070244,-0.9875504899518734));
#15408=DIRECTION('',(0,0,1));
#15409=DIRECTION('',(-0.9799872917628322,-0.19906006124622186,0));
#15410=FACE_SURFACE('',(#15415),#15411,.T.);
#15411=PLANE('',#15412);
#15412=AXIS2_PLACEMENT_3D('',#710,#15413,#15414);
#15413=DIRECTION('',(-0.74792503510481,0.6637832039630625,0));
#15414=DIRECTION('',(0.6637832039630626,0.74792503510481,0));
#15415=FACE_BOUND('',#15416,.T.);
#15416=EDGE_LOOP('',(#15417,#15418,#15419));
#15417=ORIENTED_EDGE('',*,*,#15420,.T.);
#15418=ORIENTED_EDGE('',*,*,#15421,.T.);
#15419=ORIENTED_EDGE('',*,*,#15422,.T.);
#15420=EDGE_CURVE('',#711,#701,#15423,.F.);
#15421=EDGE_CURVE('',#701,#743,#15424,.T.);
#15422=EDGE_CURVE('',#743,#711,#15425,.T.);
#15423=LINE('',#710,#15426);
#15424=LINE('',#700,#15427);
#15425=LINE('',#742,#15428);
#15426=VECTOR('',#15429,1.0);
#15427=VECTOR('',#15430,1.0);
#15428=VECTOR('',#15431,1.0);
#15429=DIRECTION('',(0.6637832039630626,0.74792503510481,0));
#15430=DIRECTION('',(-0.10026479579828199,-0.11297446285094562,-0.9885260449108405));
#15431=DIRECTION('',(0,0,1));
#15432=FACE_SURFACE('',(#15437),#15433,.T.);
#15433=PLANE('',#15434);
#15434=AXIS2_PLACEMENT_3D('',#740,#15435,#15436);
#15435=DIRECTION('',(-0.74792503510481,0.6637832039630625,0));
#15436=DIRECTION('',(-0.6637832039630626,-0.74792503510481,0));
#15437=FACE_BOUND('',#15438,.T.);
#15438=EDGE_LOOP('',(#15439,#15440,#15441));
#15439=ORIENTED_EDGE('',*,*,#15442,.T.);
#15440=ORIENTED_EDGE('',*,*,#15443,.T.);
#15441=ORIENTED_EDGE('',*,*,#15444,.T.);
#15442=EDGE_CURVE('',#741,#743,#15445,.F.);
#15443=EDGE_CURVE('',#743,#701,#15446,.T.);
#15444=EDGE_CURVE('',#701,#741,#15447,.T.);
#15445=LINE('',#740,#15448);
#15446=LINE('',#742,#15449);
#15447=LINE('',#700,#15450);
#15448=VECTOR('',#15451,1.0);
#15449=VECTOR('',#15452,1.0);
#15450=VECTOR('',#15453,1.0);
#15451=DIRECTION('',(-0.6637832039630626,-0.74792503510481,0));
#15452=DIRECTION('',(0.10026479579828199,0.11297446285094562,0.9885260449108405));
#15453=DIRECTION('',(0,0,-1));
#15454=FACE_SURFACE('',(#15459),#15455,.T.);
#15455=PLANE('',#15456);
#15456=AXIS2_PLACEMENT_3D('',#676,#15457,#15458);
#15457=DIRECTION('',(0.320807389401644,-0.9471444551415069,0));
#15458=DIRECTION('',(0,0,-1));
#15459=FACE_BOUND('',#15460,.T.);
#15460=EDGE_LOOP('',(#15461,#15462,#15463));
#15461=ORIENTED_EDGE('',*,*,#15464,.T.);
#15462=ORIENTED_EDGE('',*,*,#15465,.T.);
#15463=ORIENTED_EDGE('',*,*,#15466,.T.);
#15464=EDGE_CURVE('',#677,#265,#15467,.F.);
#15465=EDGE_CURVE('',#265,#679,#15468,.T.);
#15466=EDGE_CURVE('',#679,#677,#15469,.T.);
#15467=LINE('',#676,#15470);
#15468=LINE('',#264,#15471);
#15469=LINE('',#678,#15472);
#15470=VECTOR('',#15473,1.0);
#15471=VECTOR('',#15474,1.0);
#15472=VECTOR('',#15475,1.0);
#15473=DIRECTION('',(0,0,-1));
#15474=DIRECTION('',(0.1493281010602307,0.050578935457400956,0.9874932351777108));
#15475=DIRECTION('',(-0.9471444551415068,-0.32080738940164394,0));
#15476=FACE_SURFACE('',(#15481),#15477,.T.);
#15477=PLANE('',#15478);
#15478=AXIS2_PLACEMENT_3D('',#268,#15479,#15480);
#15479=DIRECTION('',(0.320807389401644,-0.9471444551415069,0));
#15480=DIRECTION('',(0,0,1));
#15481=FACE_BOUND('',#15482,.T.);
#15482=EDGE_LOOP('',(#15483,#15484,#15485));
#15483=ORIENTED_EDGE('',*,*,#15486,.T.);
#15484=ORIENTED_EDGE('',*,*,#15487,.T.);
#15485=ORIENTED_EDGE('',*,*,#15488,.T.);
#15486=EDGE_CURVE('',#269,#679,#15489,.F.);
#15487=EDGE_CURVE('',#679,#265,#15490,.T.);
#15488=EDGE_CURVE('',#265,#269,#15491,.T.);
#15489=LINE('',#268,#15492);
#15490=LINE('',#678,#15493);
#15491=LINE('',#264,#15494);
#15492=VECTOR('',#15495,1.0);
#15493=VECTOR('',#15496,1.0);
#15494=VECTOR('',#15497,1.0);
#15495=DIRECTION('',(0,0,1));
#15496=DIRECTION('',(-0.1493281010602307,-0.050578935457400956,-0.9874932351777108));
#15497=DIRECTION('',(0.9471444551415068,0.32080738940164394,0));
#15498=FACE_SURFACE('',(#15503),#15499,.T.);
#15499=PLANE('',#15500);
#15500=AXIS2_PLACEMENT_3D('',#714,#15501,#15502);
#15501=DIRECTION('',(-0.8305955251084763,0.5568761744497375,0));
#15502=DIRECTION('',(0.5568761744497375,0.8305955251084763,0));
#15503=FACE_BOUND('',#15504,.T.);
#15504=EDGE_LOOP('',(#15505,#15506,#15507));
#15505=ORIENTED_EDGE('',*,*,#15508,.T.);
#15506=ORIENTED_EDGE('',*,*,#15509,.T.);
#15507=ORIENTED_EDGE('',*,*,#15510,.T.);
#15508=EDGE_CURVE('',#715,#711,#15511,.F.);
#15509=EDGE_CURVE('',#711,#721,#15512,.T.);
#15510=EDGE_CURVE('',#721,#715,#15513,.T.);
#15511=LINE('',#714,#15514);
#15512=LINE('',#710,#15515);
#15513=LINE('',#720,#15516);
#15514=VECTOR('',#15517,1.0);
#15515=VECTOR('',#15518,1.0);
#15516=VECTOR('',#15519,1.0);
#15517=DIRECTION('',(0.5568761744497375,0.8305955251084763,0));
#15518=DIRECTION('',(-0.08333657288259905,-0.1242986999444896,-0.9887390195659789));
#15519=DIRECTION('',(0,0,1));
#15520=FACE_SURFACE('',(#15525),#15521,.T.);
#15521=PLANE('',#15522);
#15522=AXIS2_PLACEMENT_3D('',#742,#15523,#15524);
#15523=DIRECTION('',(-0.8305955251084763,0.5568761744497375,0));
#15524=DIRECTION('',(-0.5568761744497375,-0.8305955251084763,0));
#15525=FACE_BOUND('',#15526,.T.);
#15526=EDGE_LOOP('',(#15527,#15528,#15529));
#15527=ORIENTED_EDGE('',*,*,#15530,.T.);
#15528=ORIENTED_EDGE('',*,*,#15531,.T.);
#15529=ORIENTED_EDGE('',*,*,#15532,.T.);
#15530=EDGE_CURVE('',#743,#721,#15533,.F.);
#15531=EDGE_CURVE('',#721,#711,#15534,.T.);
#15532=EDGE_CURVE('',#711,#743,#15535,.T.);
#15533=LINE('',#742,#15536);
#15534=LINE('',#720,#15537);
#15535=LINE('',#710,#15538);
#15536=VECTOR('',#15539,1.0);
#15537=VECTOR('',#15540,1.0);
#15538=VECTOR('',#15541,1.0);
#15539=DIRECTION('',(-0.5568761744497375,-0.8305955251084763,0));
#15540=DIRECTION('',(0.08333657288259905,0.1242986999444896,0.9887390195659789));
#15541=DIRECTION('',(0,0,-1));
#15542=FACE_SURFACE('',(#15547),#15543,.T.);
#15543=PLANE('',#15544);
#15544=AXIS2_PLACEMENT_3D('',#174,#15545,#15546);
#15545=DIRECTION('',(0,0,1));
#15546=DIRECTION('',(-0.20395430265759665,-0.9789804096239381,0));
#15547=FACE_BOUND('',#15548,.T.);
#15548=EDGE_LOOP('',(#15549,#15550,#15551));
#15549=ORIENTED_EDGE('',*,*,#15552,.T.);
#15550=ORIENTED_EDGE('',*,*,#15553,.T.);
#15551=ORIENTED_EDGE('',*,*,#15554,.T.);
#15552=EDGE_CURVE('',#175,#425,#15555,.F.);
#15553=EDGE_CURVE('',#425,#383,#15556,.T.);
#15554=EDGE_CURVE('',#383,#175,#15557,.T.);
#15555=LINE('',#174,#15558);
#15556=LINE('',#424,#15559);
#15557=LINE('',#382,#15560);
#15558=VECTOR('',#15561,1.0);
#15559=VECTOR('',#15562,1.0);
#15560=VECTOR('',#15563,1.0);
#15561=DIRECTION('',(-0.20395430265759665,-0.9789804096239381,0));
#15562=DIRECTION('',(0.9912627783468898,-0.13190187361825045,0));
#15563=DIRECTION('',(-0.8703495525222652,0.49243441839933627,0));
#15564=FACE_SURFACE('',(#15569),#15565,.T.);
#15565=PLANE('',#15566);
#15566=AXIS2_PLACEMENT_3D('',#424,#15567,#15568);
#15567=DIRECTION('',(0,0,1));
#15568=DIRECTION('',(-0.06111004167925623,-0.9981310348876843,0));
#15569=FACE_BOUND('',#15570,.T.);
#15570=EDGE_LOOP('',(#15571,#15572,#15573));
#15571=ORIENTED_EDGE('',*,*,#15574,.T.);
#15572=ORIENTED_EDGE('',*,*,#15575,.T.);
#15573=ORIENTED_EDGE('',*,*,#15576,.T.);
#15574=EDGE_CURVE('',#425,#357,#15577,.F.);
#15575=EDGE_CURVE('',#357,#383,#15578,.T.);
#15576=EDGE_CURVE('',#383,#425,#15579,.T.);
#15577=LINE('',#424,#15580);
#15578=LINE('',#356,#15581);
#15579=LINE('',#382,#15582);
#15580=VECTOR('',#15583,1.0);
#15581=VECTOR('',#15584,1.0);
#15582=VECTOR('',#15585,1.0);
#15583=DIRECTION('',(-0.06111004167925623,-0.9981310348876843,0));
#15584=DIRECTION('',(0.9687814044865247,0.2479164986867889,0));
#15585=DIRECTION('',(-0.9912627783468898,0.13190187361825045,0));
#15586=FACE_SURFACE('',(#15591),#15587,.T.);
#15587=PLANE('',#15588);
#15588=AXIS2_PLACEMENT_3D('',#148,#15589,#15590);
#15589=DIRECTION('',(-0,0,1));
#15590=DIRECTION('',(0.9628057772306136,-0.27019443986017566,0));
#15591=FACE_BOUND('',#15592,.T.);
#15592=EDGE_LOOP('',(#15593,#15594,#15595));
#15593=ORIENTED_EDGE('',*,*,#15596,.T.);
#15594=ORIENTED_EDGE('',*,*,#15597,.T.);
#15595=ORIENTED_EDGE('',*,*,#15598,.T.);
#15596=EDGE_CURVE('',#149,#155,#15599,.F.);
#15597=EDGE_CURVE('',#155,#147,#15600,.T.);
#15598=EDGE_CURVE('',#147,#149,#15601,.T.);
#15599=LINE('',#148,#15602);
#15600=LINE('',#154,#15603);
#15601=LINE('',#146,#15604);
#15602=VECTOR('',#15605,1.0);
#15603=VECTOR('',#15606,1.0);
#15604=VECTOR('',#15607,1.0);
#15605=DIRECTION('',(0.9628057772306136,-0.27019443986017566,0));
#15606=DIRECTION('',(-0.7912850275852881,0.6114474671787836,0));
#15607=DIRECTION('',(-0.557034979892484,-0.8304890313400773,0));
#15608=FACE_SURFACE('',(#15613),#15609,.T.);
#15609=PLANE('',#15610);
#15610=AXIS2_PLACEMENT_3D('',#260,#15611,#15612);
#15611=DIRECTION('',(0,-0,1));
#15612=DIRECTION('',(0.32080738940164394,0.9471444551415068,0));
#15613=FACE_BOUND('',#15614,.T.);
#15614=EDGE_LOOP('',(#15615,#15616,#15617));
#15615=ORIENTED_EDGE('',*,*,#15618,.T.);
#15616=ORIENTED_EDGE('',*,*,#15619,.T.);
#15617=ORIENTED_EDGE('',*,*,#15620,.T.);
#15618=EDGE_CURVE('',#261,#173,#15621,.F.);
#15619=EDGE_CURVE('',#173,#175,#15622,.T.);
#15620=EDGE_CURVE('',#175,#261,#15623,.T.);
#15621=LINE('',#260,#15624);
#15622=LINE('',#172,#15625);
#15623=LINE('',#174,#15626);
#15624=VECTOR('',#15627,1.0);
#15625=VECTOR('',#15628,1.0);
#15626=VECTOR('',#15629,1.0);
#15627=DIRECTION('',(0.32080738940164394,0.9471444551415068,0));
#15628=DIRECTION('',(-0.9999344499132509,0.01144971076859305,0));
#15629=DIRECTION('',(0.9654996855991552,-0.26040421868305513,0));
#15630=FACE_SURFACE('',(#15635),#15631,.T.);
#15631=PLANE('',#15632);
#15632=AXIS2_PLACEMENT_3D('',#154,#15633,#15634);
#15633=DIRECTION('',(0,-0,1));
#15634=DIRECTION('',(0.6520385830085654,0.758185786115898,0));
#15635=FACE_BOUND('',#15636,.T.);
#15636=EDGE_LOOP('',(#15637,#15638,#15639));
#15637=ORIENTED_EDGE('',*,*,#15640,.T.);
#15638=ORIENTED_EDGE('',*,*,#15641,.T.);
#15639=ORIENTED_EDGE('',*,*,#15642,.T.);
#15640=EDGE_CURVE('',#155,#143,#15643,.F.);
#15641=EDGE_CURVE('',#143,#147,#15644,.T.);
#15642=EDGE_CURVE('',#147,#155,#15645,.T.);
#15643=LINE('',#154,#15646);
#15644=LINE('',#142,#15647);
#15645=LINE('',#146,#15648);
#15646=VECTOR('',#15649,1.0);
#15647=VECTOR('',#15650,1.0);
#15648=VECTOR('',#15651,1.0);
#15649=DIRECTION('',(0.6520385830085654,0.758185786115898,0));
#15650=DIRECTION('',(-0.9195393777201705,0.392997878902675,0));
#15651=DIRECTION('',(0.7912850275852881,-0.6114474671787836,0));
#15652=FACE_SURFACE('',(#15657),#15653,.T.);
#15653=PLANE('',#15654);
#15654=AXIS2_PLACEMENT_3D('',#104,#15655,#15656);
#15655=DIRECTION('',(0,0,1));
#15656=DIRECTION('',(-0.49243451761742435,0.8703494963857304,0));
#15657=FACE_BOUND('',#15658,.T.);
#15658=EDGE_LOOP('',(#15659,#15660,#15661));
#15659=ORIENTED_EDGE('',*,*,#15662,.T.);
#15660=ORIENTED_EDGE('',*,*,#15663,.T.);
#15661=ORIENTED_EDGE('',*,*,#15664,.T.);
#15662=EDGE_CURVE('',#105,#125,#15665,.F.);
#15663=EDGE_CURVE('',#125,#123,#15666,.T.);
#15664=EDGE_CURVE('',#123,#105,#15667,.T.);
#15665=LINE('',#104,#15668);
#15666=LINE('',#124,#15669);
#15667=LINE('',#122,#15670);
#15668=VECTOR('',#15671,1.0);
#15669=VECTOR('',#15672,1.0);
#15670=VECTOR('',#15673,1.0);
#15671=DIRECTION('',(-0.49243451761742435,0.8703494963857304,0));
#15672=DIRECTION('',(0.2604043962527114,-0.9654996377069547,0));
#15673=DIRECTION('',(0.9799872917628322,0.19906006124622186,0));
#15674=FACE_SURFACE('',(#15679),#15675,.T.);
#15675=PLANE('',#15676);
#15676=AXIS2_PLACEMENT_3D('',#140,#15677,#15678);
#15677=DIRECTION('',(0,0,1));
#15678=DIRECTION('',(-0.7468449714054195,-0.6649981869798129,0));
#15679=FACE_BOUND('',#15680,.T.);
#15680=EDGE_LOOP('',(#15681,#15682,#15683));
#15681=ORIENTED_EDGE('',*,*,#15684,.T.);
#15682=ORIENTED_EDGE('',*,*,#15685,.T.);
#15683=ORIENTED_EDGE('',*,*,#15686,.T.);
#15684=EDGE_CURVE('',#141,#145,#15687,.F.);
#15685=EDGE_CURVE('',#145,#143,#15688,.T.);
#15686=EDGE_CURVE('',#143,#141,#15689,.T.);
#15687=LINE('',#140,#15690);
#15688=LINE('',#144,#15691);
#15689=LINE('',#142,#15692);
#15690=VECTOR('',#15693,1.0);
#15691=VECTOR('',#15694,1.0);
#15692=VECTOR('',#15695,1.0);
#15693=DIRECTION('',(-0.7468449714054195,-0.6649981869798129,0));
#15694=DIRECTION('',(0.7071067811865475,-0.7071067811865475,0));
#15695=DIRECTION('',(-0.39299815338563937,0.9195392604100585,0));
#15696=FACE_SURFACE('',(#15701),#15697,.T.);
#15697=PLANE('',#15698);
#15698=AXIS2_PLACEMENT_3D('',#678,#15699,#15700);
#15699=DIRECTION('',(0.44111856540794603,-0.8974488348939095,0));
#15700=DIRECTION('',(0,0,-1));
#15701=FACE_BOUND('',#15702,.T.);
#15702=EDGE_LOOP('',(#15703,#15704,#15705));
#15703=ORIENTED_EDGE('',*,*,#15706,.T.);
#15704=ORIENTED_EDGE('',*,*,#15707,.T.);
#15705=ORIENTED_EDGE('',*,*,#15708,.T.);
#15706=EDGE_CURVE('',#679,#269,#15709,.F.);
#15707=EDGE_CURVE('',#269,#683,#15710,.T.);
#15708=EDGE_CURVE('',#683,#679,#15711,.T.);
#15709=LINE('',#678,#15712);
#15710=LINE('',#268,#15713);
#15711=LINE('',#682,#15714);
#15712=VECTOR('',#15715,1.0);
#15713=VECTOR('',#15716,1.0);
#15714=VECTOR('',#15717,1.0);
#15715=DIRECTION('',(0,0,-1));
#15716=DIRECTION('',(0.14208752232494612,0.06983957365966055,0.98738724417049));
#15717=DIRECTION('',(-0.8974488348939095,-0.44111856540794603,0));
#15718=FACE_SURFACE('',(#15723),#15719,.T.);
#15719=PLANE('',#15720);
#15720=AXIS2_PLACEMENT_3D('',#198,#15721,#15722);
#15721=DIRECTION('',(0.44111856540794603,-0.8974488348939095,0));
#15722=DIRECTION('',(0,0,1));
#15723=FACE_BOUND('',#15724,.T.);
#15724=EDGE_LOOP('',(#15725,#15726,#15727));
#15725=ORIENTED_EDGE('',*,*,#15728,.T.);
#15726=ORIENTED_EDGE('',*,*,#15729,.T.);
#15727=ORIENTED_EDGE('',*,*,#15730,.T.);
#15728=EDGE_CURVE('',#199,#683,#15731,.F.);
#15729=EDGE_CURVE('',#683,#269,#15732,.T.);
#15730=EDGE_CURVE('',#269,#199,#15733,.T.);
#15731=LINE('',#198,#15734);
#15732=LINE('',#682,#15735);
#15733=LINE('',#268,#15736);
#15734=VECTOR('',#15737,1.0);
#15735=VECTOR('',#15738,1.0);
#15736=VECTOR('',#15739,1.0);
#15737=DIRECTION('',(0,0,1));
#15738=DIRECTION('',(-0.14208752232494612,-0.06983957365966055,-0.98738724417049));
#15739=DIRECTION('',(0.8974488348939095,0.44111856540794603,0));
#15740=FACE_SURFACE('',(#15745),#15741,.T.);
#15741=PLANE('',#15742);
#15742=AXIS2_PLACEMENT_3D('',#720,#15743,#15744);
#15743=DIRECTION('',(-0.8981380169358638,0.4397136597088088,0));
#15744=DIRECTION('',(-0.4397136597088088,-0.8981380169358638,0));
#15745=FACE_BOUND('',#15746,.T.);
#15746=EDGE_LOOP('',(#15747,#15748,#15749));
#15747=ORIENTED_EDGE('',*,*,#15750,.T.);
#15748=ORIENTED_EDGE('',*,*,#15751,.T.);
#15749=ORIENTED_EDGE('',*,*,#15752,.T.);
#15750=EDGE_CURVE('',#721,#723,#15753,.F.);
#15751=EDGE_CURVE('',#723,#729,#15754,.T.);
#15752=EDGE_CURVE('',#729,#721,#15755,.T.);
#15753=LINE('',#720,#15756);
#15754=LINE('',#722,#15757);
#15755=LINE('',#728,#15758);
#15756=VECTOR('',#15759,1.0);
#15757=VECTOR('',#15760,1.0);
#15758=VECTOR('',#15761,1.0);
#15759=DIRECTION('',(-0.4397136597088088,-0.8981380169358638,0));
#15760=DIRECTION('',(0,0,1));
#15761=DIRECTION('',(0.06637352956933378,0.13557138585122086,-0.988541832150207));
#15762=FACE_SURFACE('',(#15767),#15763,.T.);
#15763=PLANE('',#15764);
#15764=AXIS2_PLACEMENT_3D('',#720,#15765,#15766);
#15765=DIRECTION('',(-0.8981380169358638,0.4397136597088088,0));
#15766=DIRECTION('',(-0.06637352956933378,-0.13557138585122086,0.988541832150207));
#15767=FACE_BOUND('',#15768,.T.);
#15768=EDGE_LOOP('',(#15769,#15770,#15771));
#15769=ORIENTED_EDGE('',*,*,#15772,.T.);
#15770=ORIENTED_EDGE('',*,*,#15773,.T.);
#15771=ORIENTED_EDGE('',*,*,#15774,.T.);
#15772=EDGE_CURVE('',#721,#729,#15775,.F.);
#15773=EDGE_CURVE('',#729,#715,#15776,.T.);
#15774=EDGE_CURVE('',#715,#721,#15777,.T.);
#15775=LINE('',#720,#15778);
#15776=LINE('',#728,#15779);
#15777=LINE('',#714,#15780);
#15778=VECTOR('',#15781,1.0);
#15779=VECTOR('',#15782,1.0);
#15780=VECTOR('',#15783,1.0);
#15781=DIRECTION('',(-0.06637352956933378,-0.13557138585122086,0.988541832150207));
#15782=DIRECTION('',(0.4397136597088088,0.8981380169358638,0));
#15783=DIRECTION('',(0,0,-1));
#15784=FACE_SURFACE('',(#15789),#15785,.T.);
#15785=PLANE('',#15786);
#15786=AXIS2_PLACEMENT_3D('',#722,#15787,#15788);
#15787=DIRECTION('',(-0.9477407336452414,0.3190415361509841,0));
#15788=DIRECTION('',(-0.3190415361509841,-0.9477407336452414,0));
#15789=FACE_BOUND('',#15790,.T.);
#15790=EDGE_LOOP('',(#15791,#15792,#15793));
#15791=ORIENTED_EDGE('',*,*,#15794,.T.);
#15792=ORIENTED_EDGE('',*,*,#15795,.T.);
#15793=ORIENTED_EDGE('',*,*,#15796,.T.);
#15794=EDGE_CURVE('',#723,#725,#15797,.F.);
#15795=EDGE_CURVE('',#725,#629,#15798,.T.);
#15796=EDGE_CURVE('',#629,#723,#15799,.T.);
#15797=LINE('',#722,#15800);
#15798=LINE('',#724,#15801);
#15799=LINE('',#628,#15802);
#15800=VECTOR('',#15803,1.0);
#15801=VECTOR('',#15804,1.0);
#15802=VECTOR('',#15805,1.0);
#15803=DIRECTION('',(-0.3190415361509841,-0.9477407336452414,0));
#15804=DIRECTION('',(0,0,1));
#15805=DIRECTION('',(0.0480181360270113,0.14264206477798552,-0.9886088710750902));
#15806=FACE_SURFACE('',(#15811),#15807,.T.);
#15807=PLANE('',#15808);
#15808=AXIS2_PLACEMENT_3D('',#722,#15809,#15810);
#15809=DIRECTION('',(-0.9477407336452414,0.3190415361509841,0));
#15810=DIRECTION('',(-0.0480181360270113,-0.14264206477798552,0.9886088710750902));
#15811=FACE_BOUND('',#15812,.T.);
#15812=EDGE_LOOP('',(#15813,#15814,#15815));
#15813=ORIENTED_EDGE('',*,*,#15816,.T.);
#15814=ORIENTED_EDGE('',*,*,#15817,.T.);
#15815=ORIENTED_EDGE('',*,*,#15818,.T.);
#15816=EDGE_CURVE('',#723,#629,#15819,.F.);
#15817=EDGE_CURVE('',#629,#729,#15820,.T.);
#15818=EDGE_CURVE('',#729,#723,#15821,.T.);
#15819=LINE('',#722,#15822);
#15820=LINE('',#628,#15823);
#15821=LINE('',#728,#15824);
#15822=VECTOR('',#15825,1.0);
#15823=VECTOR('',#15826,1.0);
#15824=VECTOR('',#15827,1.0);
#15825=DIRECTION('',(-0.0480181360270113,-0.14264206477798552,0.9886088710750902));
#15826=DIRECTION('',(0.3190415361509841,0.9477407336452414,0));
#15827=DIRECTION('',(0,0,-1));
#15828=FACE_SURFACE('',(#15833),#15829,.T.);
#15829=PLANE('',#15830);
#15830=AXIS2_PLACEMENT_3D('',#684,#15831,#15832);
#15831=DIRECTION('',(0.5547001962252291,-0.8320502943378436,0));
#15832=DIRECTION('',(-0.8320502943378436,-0.554700196225229,0));
#15833=FACE_BOUND('',#15834,.T.);
#15834=EDGE_LOOP('',(#15835,#15836,#15837));
#15835=ORIENTED_EDGE('',*,*,#15838,.T.);
#15836=ORIENTED_EDGE('',*,*,#15839,.T.);
#15837=ORIENTED_EDGE('',*,*,#15840,.T.);
#15838=EDGE_CURVE('',#685,#683,#15841,.F.);
#15839=EDGE_CURVE('',#683,#199,#15842,.T.);
#15840=EDGE_CURVE('',#199,#685,#15843,.T.);
#15841=LINE('',#684,#15844);
#15842=LINE('',#682,#15845);
#15843=LINE('',#198,#15846);
#15844=VECTOR('',#15847,1.0);
#15845=VECTOR('',#15848,1.0);
#15846=VECTOR('',#15849,1.0);
#15847=DIRECTION('',(-0.8320502943378436,-0.554700196225229,0));
#15848=DIRECTION('',(0,0,-1));
#15849=DIRECTION('',(0.13008772328626497,0.08672514885750998,0.9877023503089576));
#15850=FACE_SURFACE('',(#15855),#15851,.T.);
#15851=PLANE('',#15852);
#15852=AXIS2_PLACEMENT_3D('',#724,#15853,#15854);
#15853=DIRECTION('',(-0.9805806863955254,0.19611608161514996,0));
#15854=DIRECTION('',(-0.19611608161514998,-0.9805806863955254,0));
#15855=FACE_BOUND('',#15856,.T.);
#15856=EDGE_LOOP('',(#15857,#15858,#15859));
#15857=ORIENTED_EDGE('',*,*,#15860,.T.);
#15858=ORIENTED_EDGE('',*,*,#15861,.T.);
#15859=ORIENTED_EDGE('',*,*,#15862,.T.);
#15860=EDGE_CURVE('',#725,#719,#15863,.F.);
#15861=EDGE_CURVE('',#719,#627,#15864,.T.);
#15862=EDGE_CURVE('',#627,#725,#15865,.T.);
#15863=LINE('',#724,#15866);
#15864=LINE('',#718,#15867);
#15865=LINE('',#626,#15868);
#15866=VECTOR('',#15869,1.0);
#15867=VECTOR('',#15870,1.0);
#15868=VECTOR('',#15871,1.0);
#15869=DIRECTION('',(-0.19611608161514998,-0.9805806863955254,0));
#15870=DIRECTION('',(0,0,1));
#15871=DIRECTION('',(0.029655038451676916,0.14827523434358014,-0.9885014079781506));
#15872=FACE_SURFACE('',(#15877),#15873,.T.);
#15873=PLANE('',#15874);
#15874=AXIS2_PLACEMENT_3D('',#724,#15875,#15876);
#15875=DIRECTION('',(-0.9805806863955254,0.19611608161514996,0));
#15876=DIRECTION('',(-0.029655038451676916,-0.14827523434358014,0.9885014079781506));
#15877=FACE_BOUND('',#15878,.T.);
#15878=EDGE_LOOP('',(#15879,#15880,#15881));
#15879=ORIENTED_EDGE('',*,*,#15882,.T.);
#15880=ORIENTED_EDGE('',*,*,#15883,.T.);
#15881=ORIENTED_EDGE('',*,*,#15884,.T.);
#15882=EDGE_CURVE('',#725,#627,#15885,.F.);
#15883=EDGE_CURVE('',#627,#629,#15886,.T.);
#15884=EDGE_CURVE('',#629,#725,#15887,.T.);
#15885=LINE('',#724,#15888);
#15886=LINE('',#626,#15889);
#15887=LINE('',#628,#15890);
#15888=VECTOR('',#15891,1.0);
#15889=VECTOR('',#15892,1.0);
#15890=VECTOR('',#15893,1.0);
#15891=DIRECTION('',(-0.029655038451676916,-0.14827523434358014,0.9885014079781506));
#15892=DIRECTION('',(0.19611608161514998,0.9805806863955254,0));
#15893=DIRECTION('',(0,0,-1));
#15894=FACE_SURFACE('',(#15899),#15895,.T.);
#15895=PLANE('',#15896);
#15896=AXIS2_PLACEMENT_3D('',#124,#15897,#15898);
#15897=DIRECTION('',(-0,0,1));
#15898=DIRECTION('',(0.49243451761742435,-0.8703494963857304,0));
#15899=FACE_BOUND('',#15900,.T.);
#15900=EDGE_LOOP('',(#15901,#15902,#15903));
#15901=ORIENTED_EDGE('',*,*,#15904,.T.);
#15902=ORIENTED_EDGE('',*,*,#15905,.T.);
#15903=ORIENTED_EDGE('',*,*,#15906,.T.);
#15904=EDGE_CURVE('',#125,#105,#15907,.F.);
#15905=EDGE_CURVE('',#105,#633,#15908,.T.);
#15906=EDGE_CURVE('',#633,#125,#15909,.T.);
#15907=LINE('',#124,#15910);
#15908=LINE('',#104,#15911);
#15909=LINE('',#632,#15912);
#15910=VECTOR('',#15913,1.0);
#15911=VECTOR('',#15914,1.0);
#15912=VECTOR('',#15915,1.0);
#15913=DIRECTION('',(0.49243451761742435,-0.8703494963857304,0));
#15914=DIRECTION('',(-0.13190185804329027,0.9912627804193638,0));
#15915=DIRECTION('',(-0.978980465249051,-0.20395403565693782,0));
#15916=FACE_SURFACE('',(#15921),#15917,.T.);
#15917=PLANE('',#15918);
#15918=AXIS2_PLACEMENT_3D('',#132,#15919,#15920);
#15919=DIRECTION('',(-0,0,1));
#15920=DIRECTION('',(0.38376343158145365,-0.923431442274318,0));
#15921=FACE_BOUND('',#15922,.T.);
#15922=EDGE_LOOP('',(#15923,#15924,#15925));
#15923=ORIENTED_EDGE('',*,*,#15926,.T.);
#15924=ORIENTED_EDGE('',*,*,#15927,.T.);
#15925=ORIENTED_EDGE('',*,*,#15928,.T.);
#15926=EDGE_CURVE('',#133,#127,#15929,.F.);
#15927=EDGE_CURVE('',#127,#125,#15930,.T.);
#15928=EDGE_CURVE('',#125,#133,#15931,.T.);
#15929=LINE('',#132,#15932);
#15930=LINE('',#126,#15933);
#15931=LINE('',#124,#15934);
#15932=VECTOR('',#15935,1.0);
#15933=VECTOR('',#15936,1.0);
#15934=VECTOR('',#15937,1.0);
#15935=DIRECTION('',(0.38376343158145365,-0.923431442274318,0));
#15936=DIRECTION('',(-0.01144948005919134,0.9999344525549533,0));
#15937=DIRECTION('',(-0.9486832372484204,-0.3162279484230597,0));
#15938=FACE_SURFACE('',(#15943),#15939,.T.);
#15939=PLANE('',#15940);
#15940=AXIS2_PLACEMENT_3D('',#136,#15941,#15942);
#15941=DIRECTION('',(-0,0,1));
#15942=DIRECTION('',(0.4991461787776195,-0.8665177968234125,0));
#15943=FACE_BOUND('',#15944,.T.);
#15944=EDGE_LOOP('',(#15945,#15946,#15947));
#15945=ORIENTED_EDGE('',*,*,#15948,.T.);
#15946=ORIENTED_EDGE('',*,*,#15949,.T.);
#15947=ORIENTED_EDGE('',*,*,#15950,.T.);
#15948=EDGE_CURVE('',#137,#135,#15951,.F.);
#15949=EDGE_CURVE('',#135,#133,#15952,.T.);
#15950=EDGE_CURVE('',#133,#137,#15953,.T.);
#15951=LINE('',#136,#15954);
#15952=LINE('',#134,#15955);
#15953=LINE('',#132,#15956);
#15954=VECTOR('',#15957,1.0);
#15955=VECTOR('',#15958,1.0);
#15956=VECTOR('',#15959,1.0);
#15957=DIRECTION('',(0.4991461787776195,-0.8665177968234125,0));
#15958=DIRECTION('',(-0.1408882519200339,0.9900255049598051,0));
#15959=DIRECTION('',(-0.8984739355484574,-0.4390268638022807,0));
#15960=FACE_SURFACE('',(#15965),#15961,.T.);
#15961=PLANE('',#15962);
#15962=AXIS2_PLACEMENT_3D('',#140,#15963,#15964);
#15963=DIRECTION('',(-0,0,1));
#15964=DIRECTION('',(0.6114475824285325,-0.7912849385286584,0));
#15965=FACE_BOUND('',#15966,.T.);
#15966=EDGE_LOOP('',(#15967,#15968,#15969));
#15967=ORIENTED_EDGE('',*,*,#15970,.T.);
#15968=ORIENTED_EDGE('',*,*,#15971,.T.);
#15969=ORIENTED_EDGE('',*,*,#15972,.T.);
#15970=EDGE_CURVE('',#141,#139,#15973,.F.);
#15971=EDGE_CURVE('',#139,#137,#15974,.T.);
#15972=EDGE_CURVE('',#137,#141,#15975,.T.);
#15973=LINE('',#140,#15976);
#15974=LINE('',#138,#15977);
#15975=LINE('',#136,#15978);
#15976=VECTOR('',#15979,1.0);
#15977=VECTOR('',#15980,1.0);
#15978=VECTOR('',#15981,1.0);
#15979=DIRECTION('',(0.6114475824285325,-0.7912849385286584,0));
#15980=DIRECTION('',(-0.2701944103560099,0.9628057855104362,0));
#15981=DIRECTION('',(-0.8304886124426296,-0.5570356044303771,0));
#15982=FACE_SURFACE('',(#15987),#15983,.T.);
#15983=PLANE('',#15984);
#15984=AXIS2_PLACEMENT_3D('',#102,#15985,#15986);
#15985=DIRECTION('',(0,0,1));
#15986=DIRECTION('',(-0.9981310811736275,-0.06110928567055518,0));
#15987=FACE_BOUND('',#15988,.T.);
#15988=EDGE_LOOP('',(#15989,#15990,#15991));
#15989=ORIENTED_EDGE('',*,*,#15992,.T.);
#15990=ORIENTED_EDGE('',*,*,#15993,.T.);
#15991=ORIENTED_EDGE('',*,*,#15994,.T.);
#15992=EDGE_CURVE('',#103,#633,#15995,.F.);
#15993=EDGE_CURVE('',#633,#105,#15996,.T.);
#15994=EDGE_CURVE('',#105,#103,#15997,.T.);
#15995=LINE('',#102,#15998);
#15996=LINE('',#632,#15999);
#15997=LINE('',#104,#16000);
#15998=VECTOR('',#16001,1.0);
#15999=VECTOR('',#16002,1.0);
#16000=VECTOR('',#16003,1.0);
#16001=DIRECTION('',(-0.9981310811736275,-0.06110928567055518,0));
#16002=DIRECTION('',(0.13190185804329027,-0.9912627804193638,0));
#16003=DIRECTION('',(0.24791653963781135,0.9687813940069315,0));
#16004=FACE_SURFACE('',(#16009),#16005,.T.);
#16005=PLANE('',#16006);
#16006=AXIS2_PLACEMENT_3D('',#620,#16007,#16008);
#16007=DIRECTION('',(0,0,1));
#16008=DIRECTION('',(-0.9981310811736275,0.06110928567055518,0));
#16009=FACE_BOUND('',#16010,.T.);
#16010=EDGE_LOOP('',(#16011,#16012,#16013));
#16011=ORIENTED_EDGE('',*,*,#16014,.T.);
#16012=ORIENTED_EDGE('',*,*,#16015,.T.);
#16013=ORIENTED_EDGE('',*,*,#16016,.T.);
#16014=EDGE_CURVE('',#621,#103,#16017,.F.);
#16015=EDGE_CURVE('',#103,#163,#16018,.T.);
#16016=EDGE_CURVE('',#163,#621,#16019,.T.);
#16017=LINE('',#620,#16020);
#16018=LINE('',#102,#16021);
#16019=LINE('',#162,#16022);
#16020=VECTOR('',#16023,1.0);
#16021=VECTOR('',#16024,1.0);
#16022=VECTOR('',#16025,1.0);
#16023=DIRECTION('',(-0.9981310811736275,0.06110928567055518,0));
#16024=DIRECTION('',(0.24791653963781135,-0.9687813940069315,0));
#16025=DIRECTION('',(0.13190185804329027,0.9912627804193638,0));
#16026=FACE_SURFACE('',(#16031),#16027,.T.);
#16027=PLANE('',#16028);
#16028=AXIS2_PLACEMENT_3D('',#100,#16029,#16030);
#16029=DIRECTION('',(-0,0,1));
#16030=DIRECTION('',(0.9981119182646854,-0.06142148335875533,0));
#16031=FACE_BOUND('',#16032,.T.);
#16032=EDGE_LOOP('',(#16033,#16034,#16035));
#16033=ORIENTED_EDGE('',*,*,#16036,.T.);
#16034=ORIENTED_EDGE('',*,*,#16037,.T.);
#16035=ORIENTED_EDGE('',*,*,#16038,.T.);
#16036=EDGE_CURVE('',#101,#163,#16039,.F.);
#16037=EDGE_CURVE('',#163,#103,#16040,.T.);
#16038=EDGE_CURVE('',#103,#101,#16041,.T.);
#16039=LINE('',#100,#16042);
#16040=LINE('',#162,#16043);
#16041=LINE('',#102,#16044);
#16042=VECTOR('',#16045,1.0);
#16043=VECTOR('',#16046,1.0);
#16044=VECTOR('',#16047,1.0);
#16045=DIRECTION('',(0.9981119182646854,-0.06142148335875533,0));
#16046=DIRECTION('',(-0.24791653963781135,0.9687813940069315,0));
#16047=DIRECTION('',(0,-1,0));
#16048=FACE_SURFACE('',(#16053),#16049,.T.);
#16049=PLANE('',#16050);
#16050=AXIS2_PLACEMENT_3D('',#456,#16051,#16052);
#16051=DIRECTION('',(-0.9978266108002829,0.06589426969639137,0));
#16052=DIRECTION('',(0.06589426969639137,0.9978266108002829,0));
#16053=FACE_BOUND('',#16054,.T.);
#16054=EDGE_LOOP('',(#16055,#16056,#16057));
#16055=ORIENTED_EDGE('',*,*,#16058,.T.);
#16056=ORIENTED_EDGE('',*,*,#16059,.T.);
#16057=ORIENTED_EDGE('',*,*,#16060,.T.);
#16058=EDGE_CURVE('',#457,#627,#16061,.F.);
#16059=EDGE_CURVE('',#627,#47,#16062,.T.);
#16060=EDGE_CURVE('',#47,#457,#16063,.T.);
#16061=LINE('',#456,#16064);
#16062=LINE('',#626,#16065);
#16063=LINE('',#46,#16066);
#16064=VECTOR('',#16067,1.0);
#16065=VECTOR('',#16068,1.0);
#16066=VECTOR('',#16069,1.0);
#16067=DIRECTION('',(0.06589426969639137,0.9978266108002829,0));
#16068=DIRECTION('',(-0.00988680780487434,-0.14971438288983435,-0.9886798544459908));
#16069=DIRECTION('',(0,0,1));
#16070=FACE_SURFACE('',(#16075),#16071,.T.);
#16071=PLANE('',#16072);
#16072=AXIS2_PLACEMENT_3D('',#718,#16073,#16074);
#16073=DIRECTION('',(-0.9978266108002829,0.06589426969639137,0));
#16074=DIRECTION('',(-0.06589426969639137,-0.9978266108002829,0));
#16075=FACE_BOUND('',#16076,.T.);
#16076=EDGE_LOOP('',(#16077,#16078,#16079));
#16077=ORIENTED_EDGE('',*,*,#16080,.T.);
#16078=ORIENTED_EDGE('',*,*,#16081,.T.);
#16079=ORIENTED_EDGE('',*,*,#16082,.T.);
#16080=EDGE_CURVE('',#719,#47,#16083,.F.);
#16081=EDGE_CURVE('',#47,#627,#16084,.T.);
#16082=EDGE_CURVE('',#627,#719,#16085,.T.);
#16083=LINE('',#718,#16086);
#16084=LINE('',#46,#16087);
#16085=LINE('',#626,#16088);
#16086=VECTOR('',#16089,1.0);
#16087=VECTOR('',#16090,1.0);
#16088=VECTOR('',#16091,1.0);
#16089=DIRECTION('',(-0.06589426969639137,-0.9978266108002829,0));
#16090=DIRECTION('',(0.00988680780487434,0.14971438288983435,0.9886798544459908));
#16091=DIRECTION('',(0,0,-1));
#16092=FACE_SURFACE('',(#16097),#16093,.T.);
#16093=PLANE('',#16094);
#16094=AXIS2_PLACEMENT_3D('',#522,#16095,#16096);
#16095=DIRECTION('',(0.06589426969639137,-0.9978266108002829,0));
#16096=DIRECTION('',(0.9978266108002829,0.06589426969639137,0));
#16097=FACE_BOUND('',#16098,.T.);
#16098=EDGE_LOOP('',(#16099,#16100,#16101));
#16099=ORIENTED_EDGE('',*,*,#16102,.T.);
#16100=ORIENTED_EDGE('',*,*,#16103,.T.);
#16101=ORIENTED_EDGE('',*,*,#16104,.T.);
#16102=EDGE_CURVE('',#523,#791,#16105,.F.);
#16103=EDGE_CURVE('',#791,#467,#16106,.T.);
#16104=EDGE_CURVE('',#467,#523,#16107,.T.);
#16105=LINE('',#522,#16108);
#16106=LINE('',#790,#16109);
#16107=LINE('',#466,#16110);
#16108=VECTOR('',#16111,1.0);
#16109=VECTOR('',#16112,1.0);
#16110=VECTOR('',#16113,1.0);
#16111=DIRECTION('',(0.9978266108002829,0.06589426969639137,0));
#16112=DIRECTION('',(0,0,1));
#16113=DIRECTION('',(-0.14971438288983435,-0.00988680780487434,-0.9886798544459908));
#16114=FACE_SURFACE('',(#16119),#16115,.T.);
#16115=PLANE('',#16116);
#16116=AXIS2_PLACEMENT_3D('',#784,#16117,#16118);
#16117=DIRECTION('',(0,-0,1));
#16118=DIRECTION('',(0.26040417365569135,0.9654996977434517,0));
#16119=FACE_BOUND('',#16120,.T.);
#16120=EDGE_LOOP('',(#16121,#16122,#16123));
#16121=ORIENTED_EDGE('',*,*,#16124,.T.);
#16122=ORIENTED_EDGE('',*,*,#16125,.T.);
#16123=ORIENTED_EDGE('',*,*,#16126,.T.);
#16124=EDGE_CURVE('',#785,#709,#16127,.F.);
#16125=EDGE_CURVE('',#709,#163,#16128,.T.);
#16126=EDGE_CURVE('',#163,#785,#16129,.T.);
#16127=LINE('',#784,#16130);
#16128=LINE('',#708,#16131);
#16129=LINE('',#162,#16132);
#16130=VECTOR('',#16133,1.0);
#16131=VECTOR('',#16134,1.0);
#16132=VECTOR('',#16135,1.0);
#16133=DIRECTION('',(0.26040417365569135,0.9654996977434517,0));
#16134=DIRECTION('',(-0.49243434526146995,-0.8703495939028797,0));
#16135=DIRECTION('',(0.9799872917628322,-0.19906006124622186,0));
#16136=FACE_SURFACE('',(#16141),#16137,.T.);
#16137=PLANE('',#16138);
#16138=AXIS2_PLACEMENT_3D('',#790,#16139,#16140);
#16139=DIRECTION('',(0.19611608161514996,-0.9805806863955254,0));
#16140=DIRECTION('',(0.9805806863955254,0.19611608161514998,0));
#16141=FACE_BOUND('',#16142,.T.);
#16142=EDGE_LOOP('',(#16143,#16144,#16145));
#16143=ORIENTED_EDGE('',*,*,#16146,.T.);
#16144=ORIENTED_EDGE('',*,*,#16147,.T.);
#16145=ORIENTED_EDGE('',*,*,#16148,.T.);
#16146=EDGE_CURVE('',#791,#751,#16149,.F.);
#16147=EDGE_CURVE('',#751,#99,#16150,.T.);
#16148=EDGE_CURVE('',#99,#791,#16151,.T.);
#16149=LINE('',#790,#16152);
#16150=LINE('',#750,#16153);
#16151=LINE('',#98,#16154);
#16152=VECTOR('',#16155,1.0);
#16153=VECTOR('',#16156,1.0);
#16154=VECTOR('',#16157,1.0);
#16155=DIRECTION('',(0.9805806863955254,0.19611608161514998,0));
#16156=DIRECTION('',(0,0,1));
#16157=DIRECTION('',(-0.14827523434358014,-0.029655038451676916,-0.9885014079781506));
#16158=FACE_SURFACE('',(#16163),#16159,.T.);
#16159=PLANE('',#16160);
#16160=AXIS2_PLACEMENT_3D('',#790,#16161,#16162);
#16161=DIRECTION('',(0.19611608161514996,-0.9805806863955254,0));
#16162=DIRECTION('',(0.14827523434358014,0.029655038451676916,0.9885014079781506));
#16163=FACE_BOUND('',#16164,.T.);
#16164=EDGE_LOOP('',(#16165,#16166,#16167));
#16165=ORIENTED_EDGE('',*,*,#16168,.T.);
#16166=ORIENTED_EDGE('',*,*,#16169,.T.);
#16167=ORIENTED_EDGE('',*,*,#16170,.T.);
#16168=EDGE_CURVE('',#791,#99,#16171,.F.);
#16169=EDGE_CURVE('',#99,#467,#16172,.T.);
#16170=EDGE_CURVE('',#467,#791,#16173,.T.);
#16171=LINE('',#790,#16174);
#16172=LINE('',#98,#16175);
#16173=LINE('',#466,#16176);
#16174=VECTOR('',#16177,1.0);
#16175=VECTOR('',#16178,1.0);
#16176=VECTOR('',#16179,1.0);
#16177=DIRECTION('',(0.14827523434358014,0.029655038451676916,0.9885014079781506));
#16178=DIRECTION('',(-0.9805806863955254,-0.19611608161514998,0));
#16179=DIRECTION('',(0,0,-1));
#16180=FACE_SURFACE('',(#16185),#16181,.T.);
#16181=PLANE('',#16182);
#16182=AXIS2_PLACEMENT_3D('',#750,#16183,#16184);
#16183=DIRECTION('',(0.3190415361509841,-0.9477407336452414,0));
#16184=DIRECTION('',(0.9477407336452414,0.3190415361509841,0));
#16185=FACE_BOUND('',#16186,.T.);
#16186=EDGE_LOOP('',(#16187,#16188,#16189));
#16187=ORIENTED_EDGE('',*,*,#16190,.T.);
#16188=ORIENTED_EDGE('',*,*,#16191,.T.);
#16189=ORIENTED_EDGE('',*,*,#16192,.T.);
#16190=EDGE_CURVE('',#751,#753,#16193,.F.);
#16191=EDGE_CURVE('',#753,#117,#16194,.T.);
#16192=EDGE_CURVE('',#117,#751,#16195,.T.);
#16193=LINE('',#750,#16196);
#16194=LINE('',#752,#16197);
#16195=LINE('',#116,#16198);
#16196=VECTOR('',#16199,1.0);
#16197=VECTOR('',#16200,1.0);
#16198=VECTOR('',#16201,1.0);
#16199=DIRECTION('',(0.9477407336452414,0.3190415361509841,0));
#16200=DIRECTION('',(0,0,1));
#16201=DIRECTION('',(-0.14264206477798552,-0.0480181360270113,-0.9886088710750902));
#16202=FACE_SURFACE('',(#16207),#16203,.T.);
#16203=PLANE('',#16204);
#16204=AXIS2_PLACEMENT_3D('',#750,#16205,#16206);
#16205=DIRECTION('',(0.3190415361509841,-0.9477407336452414,0));
#16206=DIRECTION('',(0.14264206477798552,0.0480181360270113,0.9886088710750902));
#16207=FACE_BOUND('',#16208,.T.);
#16208=EDGE_LOOP('',(#16209,#16210,#16211));
#16209=ORIENTED_EDGE('',*,*,#16212,.T.);
#16210=ORIENTED_EDGE('',*,*,#16213,.T.);
#16211=ORIENTED_EDGE('',*,*,#16214,.T.);
#16212=EDGE_CURVE('',#751,#117,#16215,.F.);
#16213=EDGE_CURVE('',#117,#99,#16216,.T.);
#16214=EDGE_CURVE('',#99,#751,#16217,.T.);
#16215=LINE('',#750,#16218);
#16216=LINE('',#116,#16219);
#16217=LINE('',#98,#16220);
#16218=VECTOR('',#16221,1.0);
#16219=VECTOR('',#16222,1.0);
#16220=VECTOR('',#16223,1.0);
#16221=DIRECTION('',(0.14264206477798552,0.0480181360270113,0.9886088710750902));
#16222=DIRECTION('',(-0.9477407336452414,-0.3190415361509841,0));
#16223=DIRECTION('',(0,0,-1));
#16224=FACE_SURFACE('',(#16229),#16225,.T.);
#16225=PLANE('',#16226);
#16226=AXIS2_PLACEMENT_3D('',#346,#16227,#16228);
#16227=DIRECTION('',(0,0,1));
#16228=DIRECTION('',(-0.9852619335480278,0.17105239636205508,0));
#16229=FACE_BOUND('',#16230,.T.);
#16230=EDGE_LOOP('',(#16231,#16232,#16233));
#16231=ORIENTED_EDGE('',*,*,#16234,.T.);
#16232=ORIENTED_EDGE('',*,*,#16235,.T.);
#16233=ORIENTED_EDGE('',*,*,#16236,.T.);
#16234=EDGE_CURVE('',#347,#793,#16237,.F.);
#16235=EDGE_CURVE('',#793,#343,#16238,.T.);
#16236=EDGE_CURVE('',#343,#347,#16239,.T.);
#16237=LINE('',#346,#16240);
#16238=LINE('',#792,#16241);
#16239=LINE('',#342,#16242);
#16240=VECTOR('',#16243,1.0);
#16241=VECTOR('',#16244,1.0);
#16242=VECTOR('',#16245,1.0);
#16243=DIRECTION('',(-0.9852619335480278,0.17105239636205508,0));
#16244=DIRECTION('',(0.443269697563276,-0.8963882948935478,0));
#16245=DIRECTION('',(0.8320502654368682,0.5547002395766899,0));
#16246=FACE_SURFACE('',(#16251),#16247,.T.);
#16247=PLANE('',#16248);
#16248=AXIS2_PLACEMENT_3D('',#406,#16249,#16250);
#16249=DIRECTION('',(0,0,1));
#16250=DIRECTION('',(0.9977479038500814,0.06707548257574335,0));
#16251=FACE_BOUND('',#16252,.T.);
#16252=EDGE_LOOP('',(#16253,#16254,#16255));
#16253=ORIENTED_EDGE('',*,*,#16256,.T.);
#16254=ORIENTED_EDGE('',*,*,#16257,.T.);
#16255=ORIENTED_EDGE('',*,*,#16258,.T.);
#16256=EDGE_CURVE('',#407,#333,#16259,.F.);
#16257=EDGE_CURVE('',#333,#523,#16260,.T.);
#16258=EDGE_CURVE('',#523,#407,#16261,.T.);
#16259=LINE('',#406,#16262);
#16260=LINE('',#332,#16263);
#16261=LINE('',#522,#16264);
#16262=VECTOR('',#16265,1.0);
#16263=VECTOR('',#16266,1.0);
#16264=VECTOR('',#16267,1.0);
#16265=DIRECTION('',(0.9977479038500814,0.06707548257574335,0));
#16266=DIRECTION('',(-0.7616096180677834,0.6480361021321613,0));
#16267=DIRECTION('',(-0.04756510563810928,-0.9988681398090719,0));
#16268=FACE_SURFACE('',(#16273),#16269,.T.);
#16269=PLANE('',#16270);
#16270=AXIS2_PLACEMENT_3D('',#752,#16271,#16272);
#16271=DIRECTION('',(0.4397136597088088,-0.8981380169358638,0));
#16272=DIRECTION('',(0.8981380169358638,0.4397136597088088,0));
#16273=FACE_BOUND('',#16274,.T.);
#16274=EDGE_LOOP('',(#16275,#16276,#16277));
#16275=ORIENTED_EDGE('',*,*,#16278,.T.);
#16276=ORIENTED_EDGE('',*,*,#16279,.T.);
#16277=ORIENTED_EDGE('',*,*,#16280,.T.);
#16278=EDGE_CURVE('',#753,#793,#16281,.F.);
#16279=EDGE_CURVE('',#793,#93,#16282,.T.);
#16280=EDGE_CURVE('',#93,#753,#16283,.T.);
#16281=LINE('',#752,#16284);
#16282=LINE('',#792,#16285);
#16283=LINE('',#92,#16286);
#16284=VECTOR('',#16287,1.0);
#16285=VECTOR('',#16288,1.0);
#16286=VECTOR('',#16289,1.0);
#16287=DIRECTION('',(0.8981380169358638,0.4397136597088088,0));
#16288=DIRECTION('',(0,0,1));
#16289=DIRECTION('',(-0.13557138585122086,-0.06637352956933378,-0.988541832150207));
#16290=FACE_SURFACE('',(#16295),#16291,.T.);
#16291=PLANE('',#16292);
#16292=AXIS2_PLACEMENT_3D('',#752,#16293,#16294);
#16293=DIRECTION('',(0.4397136597088088,-0.8981380169358638,0));
#16294=DIRECTION('',(0.13557138585122086,0.06637352956933378,0.988541832150207));
#16295=FACE_BOUND('',#16296,.T.);
#16296=EDGE_LOOP('',(#16297,#16298,#16299));
#16297=ORIENTED_EDGE('',*,*,#16300,.T.);
#16298=ORIENTED_EDGE('',*,*,#16301,.T.);
#16299=ORIENTED_EDGE('',*,*,#16302,.T.);
#16300=EDGE_CURVE('',#753,#93,#16303,.F.);
#16301=EDGE_CURVE('',#93,#117,#16304,.T.);
#16302=EDGE_CURVE('',#117,#753,#16305,.T.);
#16303=LINE('',#752,#16306);
#16304=LINE('',#92,#16307);
#16305=LINE('',#116,#16308);
#16306=VECTOR('',#16309,1.0);
#16307=VECTOR('',#16310,1.0);
#16308=VECTOR('',#16311,1.0);
#16309=DIRECTION('',(0.13557138585122086,0.06637352956933378,0.988541832150207));
#16310=DIRECTION('',(-0.8981380169358638,-0.4397136597088088,0));
#16311=DIRECTION('',(0,0,-1));
#16312=FACE_SURFACE('',(#16317),#16313,.T.);
#16313=PLANE('',#16314);
#16314=AXIS2_PLACEMENT_3D('',#350,#16315,#16316);
#16315=DIRECTION('',(0,0,1));
#16316=DIRECTION('',(-0.999414102695339,0.03422647124186712,0));
#16317=FACE_BOUND('',#16318,.T.);
#16318=EDGE_LOOP('',(#16319,#16320,#16321));
#16319=ORIENTED_EDGE('',*,*,#16322,.T.);
#16320=ORIENTED_EDGE('',*,*,#16323,.T.);
#16321=ORIENTED_EDGE('',*,*,#16324,.T.);
#16322=EDGE_CURVE('',#351,#795,#16325,.F.);
#16323=EDGE_CURVE('',#795,#347,#16326,.T.);
#16324=EDGE_CURVE('',#347,#351,#16327,.T.);
#16325=LINE('',#350,#16328);
#16326=LINE('',#794,#16329);
#16327=LINE('',#346,#16330);
#16328=VECTOR('',#16331,1.0);
#16329=VECTOR('',#16332,1.0);
#16330=VECTOR('',#16333,1.0);
#16331=DIRECTION('',(-0.999414102695339,0.03422647124186712,0));
#16332=DIRECTION('',(0.5547001281015168,-0.8320503397536478,0));
#16333=DIRECTION('',(0.751541271320179,0.6596860749647889,0));
#16334=FACE_SURFACE('',(#16339),#16335,.T.);
#16335=PLANE('',#16336);
#16336=AXIS2_PLACEMENT_3D('',#790,#16337,#16338);
#16337=DIRECTION('',(-0,0,1));
#16338=DIRECTION('',(0.8411783218461699,-0.5407578301384655,0));
#16339=FACE_BOUND('',#16340,.T.);
#16340=EDGE_LOOP('',(#16341,#16342,#16343));
#16341=ORIENTED_EDGE('',*,*,#16344,.T.);
#16342=ORIENTED_EDGE('',*,*,#16345,.T.);
#16343=ORIENTED_EDGE('',*,*,#16346,.T.);
#16344=EDGE_CURVE('',#791,#331,#16347,.F.);
#16345=EDGE_CURVE('',#331,#751,#16348,.T.);
#16346=EDGE_CURVE('',#751,#791,#16349,.T.);
#16347=LINE('',#790,#16350);
#16348=LINE('',#330,#16351);
#16349=LINE('',#750,#16352);
#16350=VECTOR('',#16353,1.0);
#16351=VECTOR('',#16354,1.0);
#16352=VECTOR('',#16355,1.0);
#16353=DIRECTION('',(0.8411783218461699,-0.5407578301384655,0));
#16354=DIRECTION('',(-0.201652073834545,0.9794572176048463,0));
#16355=DIRECTION('',(-0.9805806863955254,-0.19611608161514998,0));
#16356=FACE_SURFACE('',(#16361),#16357,.T.);
#16357=PLANE('',#16358);
#16358=AXIS2_PLACEMENT_3D('',#88,#16359,#16360);
#16359=DIRECTION('',(0.5568761744497375,-0.8305955251084763,0));
#16360=DIRECTION('',(-0.8305955251084763,-0.5568761744497375,0));
#16361=FACE_BOUND('',#16362,.T.);
#16362=EDGE_LOOP('',(#16363,#16364,#16365));
#16363=ORIENTED_EDGE('',*,*,#16366,.T.);
#16364=ORIENTED_EDGE('',*,*,#16367,.T.);
#16365=ORIENTED_EDGE('',*,*,#16368,.T.);
#16366=EDGE_CURVE('',#89,#93,#16369,.F.);
#16367=EDGE_CURVE('',#93,#795,#16370,.T.);
#16368=EDGE_CURVE('',#795,#89,#16371,.T.);
#16369=LINE('',#88,#16372);
#16370=LINE('',#92,#16373);
#16371=LINE('',#794,#16374);
#16372=VECTOR('',#16375,1.0);
#16373=VECTOR('',#16376,1.0);
#16374=VECTOR('',#16377,1.0);
#16375=DIRECTION('',(-0.8305955251084763,-0.5568761744497375,0));
#16376=DIRECTION('',(0.1242986999444896,0.08333657288259905,-0.9887390195659789));
#16377=DIRECTION('',(0,0,1));
#16378=FACE_SURFACE('',(#16383),#16379,.T.);
#16379=PLANE('',#16380);
#16380=AXIS2_PLACEMENT_3D('',#792,#16381,#16382);
#16381=DIRECTION('',(0.5568761744497375,-0.8305955251084763,0));
#16382=DIRECTION('',(0.8305955251084763,0.5568761744497375,0));
#16383=FACE_BOUND('',#16384,.T.);
#16384=EDGE_LOOP('',(#16385,#16386,#16387));
#16385=ORIENTED_EDGE('',*,*,#16388,.T.);
#16386=ORIENTED_EDGE('',*,*,#16389,.T.);
#16387=ORIENTED_EDGE('',*,*,#16390,.T.);
#16388=EDGE_CURVE('',#793,#795,#16391,.F.);
#16389=EDGE_CURVE('',#795,#93,#16392,.T.);
#16390=EDGE_CURVE('',#93,#793,#16393,.T.);
#16391=LINE('',#792,#16394);
#16392=LINE('',#794,#16395);
#16393=LINE('',#92,#16396);
#16394=VECTOR('',#16397,1.0);
#16395=VECTOR('',#16398,1.0);
#16396=VECTOR('',#16399,1.0);
#16397=DIRECTION('',(0.8305955251084763,0.5568761744497375,0));
#16398=DIRECTION('',(-0.1242986999444896,-0.08333657288259905,0.9887390195659789));
#16399=DIRECTION('',(0,0,-1));
#16400=FACE_SURFACE('',(#16405),#16401,.T.);
#16401=PLANE('',#16402);
#16402=AXIS2_PLACEMENT_3D('',#372,#16403,#16404);
#16403=DIRECTION('',(0,0,1));
#16404=DIRECTION('',(-0.9953712199197037,-0.09610481026234266,0));
#16405=FACE_BOUND('',#16406,.T.);
#16406=EDGE_LOOP('',(#16407,#16408,#16409));
#16407=ORIENTED_EDGE('',*,*,#16410,.T.);
#16408=ORIENTED_EDGE('',*,*,#16411,.T.);
#16409=ORIENTED_EDGE('',*,*,#16412,.T.);
#16410=EDGE_CURVE('',#373,#797,#16413,.F.);
#16411=EDGE_CURVE('',#797,#351,#16414,.T.);
#16412=EDGE_CURVE('',#351,#373,#16415,.T.);
#16413=LINE('',#372,#16416);
#16414=LINE('',#796,#16417);
#16415=LINE('',#350,#16418);
#16416=VECTOR('',#16419,1.0);
#16417=VECTOR('',#16420,1.0);
#16418=VECTOR('',#16421,1.0);
#16419=DIRECTION('',(-0.9953712199197037,-0.09610481026234266,0));
#16420=DIRECTION('',(0.6556865444032939,-0.7550332148246641,0));
#16421=DIRECTION('',(0.6596861280657305,0.7515412247093599,0));
#16422=FACE_SURFACE('',(#16427),#16423,.T.);
#16423=PLANE('',#16424);
#16424=AXIS2_PLACEMENT_3D('',#750,#16425,#16426);
#16425=DIRECTION('',(-0,0,1));
#16426=DIRECTION('',(0.9049716266025515,-0.42547192039467446,0));
#16427=FACE_BOUND('',#16428,.T.);
#16428=EDGE_LOOP('',(#16429,#16430,#16431));
#16429=ORIENTED_EDGE('',*,*,#16432,.T.);
#16430=ORIENTED_EDGE('',*,*,#16433,.T.);
#16431=ORIENTED_EDGE('',*,*,#16434,.T.);
#16432=EDGE_CURVE('',#751,#337,#16435,.F.);
#16433=EDGE_CURVE('',#337,#753,#16436,.T.);
#16434=EDGE_CURVE('',#753,#751,#16437,.T.);
#16435=LINE('',#750,#16438);
#16436=LINE('',#336,#16439);
#16437=LINE('',#752,#16440);
#16438=VECTOR('',#16441,1.0);
#16439=VECTOR('',#16442,1.0);
#16440=VECTOR('',#16443,1.0);
#16441=DIRECTION('',(0.9049716266025515,-0.42547192039467446,0));
#16442=DIRECTION('',(-0.32207764652067244,0.9467132562775832,0));
#16443=DIRECTION('',(-0.9477407336452414,-0.3190415361509841,0));
#16444=FACE_SURFACE('',(#16449),#16445,.T.);
#16445=PLANE('',#16446);
#16446=AXIS2_PLACEMENT_3D('',#110,#16447,#16448);
#16447=DIRECTION('',(0.6637832039630625,-0.74792503510481,0));
#16448=DIRECTION('',(-0.74792503510481,-0.6637832039630626,0));
#16449=FACE_BOUND('',#16450,.T.);
#16450=EDGE_LOOP('',(#16451,#16452,#16453));
#16451=ORIENTED_EDGE('',*,*,#16454,.T.);
#16452=ORIENTED_EDGE('',*,*,#16455,.T.);
#16453=ORIENTED_EDGE('',*,*,#16456,.T.);
#16454=EDGE_CURVE('',#111,#89,#16457,.F.);
#16455=EDGE_CURVE('',#89,#797,#16458,.T.);
#16456=EDGE_CURVE('',#797,#111,#16459,.T.);
#16457=LINE('',#110,#16460);
#16458=LINE('',#88,#16461);
#16459=LINE('',#796,#16462);
#16460=VECTOR('',#16463,1.0);
#16461=VECTOR('',#16464,1.0);
#16462=VECTOR('',#16465,1.0);
#16463=DIRECTION('',(-0.74792503510481,-0.6637832039630626,0));
#16464=DIRECTION('',(0.11297446285094562,0.10026479579828199,-0.9885260449108405));
#16465=DIRECTION('',(0,0,1));
#16466=FACE_SURFACE('',(#16471),#16467,.T.);
#16467=PLANE('',#16468);
#16468=AXIS2_PLACEMENT_3D('',#794,#16469,#16470);
#16469=DIRECTION('',(0.6637832039630625,-0.74792503510481,0));
#16470=DIRECTION('',(0.74792503510481,0.6637832039630626,0));
#16471=FACE_BOUND('',#16472,.T.);
#16472=EDGE_LOOP('',(#16473,#16474,#16475));
#16473=ORIENTED_EDGE('',*,*,#16476,.T.);
#16474=ORIENTED_EDGE('',*,*,#16477,.T.);
#16475=ORIENTED_EDGE('',*,*,#16478,.T.);
#16476=EDGE_CURVE('',#795,#797,#16479,.F.);
#16477=EDGE_CURVE('',#797,#89,#16480,.T.);
#16478=EDGE_CURVE('',#89,#795,#16481,.T.);
#16479=LINE('',#794,#16482);
#16480=LINE('',#796,#16483);
#16481=LINE('',#88,#16484);
#16482=VECTOR('',#16485,1.0);
#16483=VECTOR('',#16486,1.0);
#16484=VECTOR('',#16487,1.0);
#16485=DIRECTION('',(0.74792503510481,0.6637832039630626,0));
#16486=DIRECTION('',(-0.11297446285094562,-0.10026479579828199,0.9885260449108405));
#16487=DIRECTION('',(0,0,-1));
#16488=FACE_SURFACE('',(#16493),#16489,.T.);
#16489=PLANE('',#16490);
#16490=AXIS2_PLACEMENT_3D('',#376,#16491,#16492);
#16491=DIRECTION('',(0,0,1));
#16492=DIRECTION('',(-0.9717536836129325,-0.23599741181779232,0));
#16493=FACE_BOUND('',#16494,.T.);
#16494=EDGE_LOOP('',(#16495,#16496,#16497));
#16495=ORIENTED_EDGE('',*,*,#16498,.T.);
#16496=ORIENTED_EDGE('',*,*,#16499,.T.);
#16497=ORIENTED_EDGE('',*,*,#16500,.T.);
#16498=EDGE_CURVE('',#377,#799,#16501,.F.);
#16499=EDGE_CURVE('',#799,#373,#16502,.T.);
#16500=EDGE_CURVE('',#373,#377,#16503,.T.);
#16501=LINE('',#376,#16504);
#16502=LINE('',#798,#16505);
#16503=LINE('',#372,#16506);
#16504=VECTOR('',#16507,1.0);
#16505=VECTOR('',#16508,1.0);
#16506=VECTOR('',#16509,1.0);
#16507=DIRECTION('',(-0.9717536836129325,-0.23599741181779232,0));
#16508=DIRECTION('',(0.7462955151718014,-0.6656147564728832,0));
#16509=DIRECTION('',(0.5508421424916834,0.834609450015498,0));
#16510=FACE_SURFACE('',(#16515),#16511,.T.);
#16511=PLANE('',#16512);
#16512=AXIS2_PLACEMENT_3D('',#752,#16513,#16514);
#16513=DIRECTION('',(-0,0,1));
#16514=DIRECTION('',(0.9546004009378599,-0.2978893662574699,0));
#16515=FACE_BOUND('',#16516,.T.);
#16516=EDGE_LOOP('',(#16517,#16518,#16519));
#16517=ORIENTED_EDGE('',*,*,#16520,.T.);
#16518=ORIENTED_EDGE('',*,*,#16521,.T.);
#16519=ORIENTED_EDGE('',*,*,#16522,.T.);
#16520=EDGE_CURVE('',#753,#343,#16523,.F.);
#16521=EDGE_CURVE('',#343,#793,#16524,.T.);
#16522=EDGE_CURVE('',#793,#753,#16525,.T.);
#16523=LINE('',#752,#16526);
#16524=LINE('',#342,#16527);
#16525=LINE('',#792,#16528);
#16526=VECTOR('',#16529,1.0);
#16527=VECTOR('',#16530,1.0);
#16528=VECTOR('',#16531,1.0);
#16529=DIRECTION('',(0.9546004009378599,-0.2978893662574699,0));
#16530=DIRECTION('',(-0.443269697563276,0.8963882948935478,0));
#16531=DIRECTION('',(-0.8981380169358638,-0.4397136597088088,0));
#16532=FACE_SURFACE('',(#16537),#16533,.T.);
#16533=PLANE('',#16534);
#16534=AXIS2_PLACEMENT_3D('',#214,#16535,#16536);
#16535=DIRECTION('',(0.7479249279025613,-0.6637833247543571,0));
#16536=DIRECTION('',(-0.6637833247543572,-0.7479249279025614,0));
#16537=FACE_BOUND('',#16538,.T.);
#16538=EDGE_LOOP('',(#16539,#16540,#16541));
#16539=ORIENTED_EDGE('',*,*,#16542,.T.);
#16540=ORIENTED_EDGE('',*,*,#16543,.T.);
#16541=ORIENTED_EDGE('',*,*,#16544,.T.);
#16542=EDGE_CURVE('',#215,#111,#16545,.F.);
#16543=EDGE_CURVE('',#111,#799,#16546,.T.);
#16544=EDGE_CURVE('',#799,#215,#16547,.T.);
#16545=LINE('',#214,#16548);
#16546=LINE('',#110,#16549);
#16547=LINE('',#798,#16550);
#16548=VECTOR('',#16551,1.0);
#16549=VECTOR('',#16552,1.0);
#16550=VECTOR('',#16553,1.0);
#16551=DIRECTION('',(-0.6637833247543572,-0.7479249279025614,0));
#16552=DIRECTION('',(0.10026475508858299,0.11297438022949394,-0.9885260584824197));
#16553=DIRECTION('',(0,0,1));
#16554=FACE_SURFACE('',(#16559),#16555,.T.);
#16555=PLANE('',#16556);
#16556=AXIS2_PLACEMENT_3D('',#796,#16557,#16558);
#16557=DIRECTION('',(0.7479249279025613,-0.6637833247543571,0));
#16558=DIRECTION('',(0.6637833247543572,0.7479249279025614,0));
#16559=FACE_BOUND('',#16560,.T.);
#16560=EDGE_LOOP('',(#16561,#16562,#16563));
#16561=ORIENTED_EDGE('',*,*,#16564,.T.);
#16562=ORIENTED_EDGE('',*,*,#16565,.T.);
#16563=ORIENTED_EDGE('',*,*,#16566,.T.);
#16564=EDGE_CURVE('',#797,#799,#16567,.F.);
#16565=EDGE_CURVE('',#799,#111,#16568,.T.);
#16566=EDGE_CURVE('',#111,#797,#16569,.T.);
#16567=LINE('',#796,#16570);
#16568=LINE('',#798,#16571);
#16569=LINE('',#110,#16572);
#16570=VECTOR('',#16573,1.0);
#16571=VECTOR('',#16574,1.0);
#16572=VECTOR('',#16575,1.0);
#16573=DIRECTION('',(0.6637833247543572,0.7479249279025614,0));
#16574=DIRECTION('',(-0.10026475508858299,-0.11297438022949394,0.9885260584824197));
#16575=DIRECTION('',(0,0,-1));
#16576=FACE_SURFACE('',(#16581),#16577,.T.);
#16577=PLANE('',#16578);
#16578=AXIS2_PLACEMENT_3D('',#226,#16579,#16580);
#16579=DIRECTION('',(0.9981119182646855,0.06142148335875534,-0));
#16580=DIRECTION('',(0,0,1));
#16581=FACE_BOUND('',#16582,.T.);
#16582=EDGE_LOOP('',(#16583,#16584,#16585));
#16583=ORIENTED_EDGE('',*,*,#16586,.T.);
#16584=ORIENTED_EDGE('',*,*,#16587,.T.);
#16585=ORIENTED_EDGE('',*,*,#16588,.T.);
#16586=EDGE_CURVE('',#227,#673,#16589,.F.);
#16587=EDGE_CURVE('',#673,#681,#16590,.T.);
#16588=EDGE_CURVE('',#681,#227,#16591,.T.);
#16589=LINE('',#226,#16592);
#16590=LINE('',#672,#16593);
#16591=LINE('',#680,#16594);
#16592=VECTOR('',#16595,1.0);
#16593=VECTOR('',#16596,1.0);
#16594=VECTOR('',#16597,1.0);
#16595=DIRECTION('',(0,0,1));
#16596=DIRECTION('',(0.06142148335875533,-0.9981119182646854,0));
#16597=DIRECTION('',(-0.009635189358719645,0.15657383716221,-0.9876192569215747));
#16598=FACE_SURFACE('',(#16603),#16599,.T.);
#16599=PLANE('',#16600);
#16600=AXIS2_PLACEMENT_3D('',#792,#16601,#16602);
#16601=DIRECTION('',(-0,0,1));
#16602=DIRECTION('',(0.9852619335480278,-0.17105239636205508,0));
#16603=FACE_BOUND('',#16604,.T.);
#16604=EDGE_LOOP('',(#16605,#16606,#16607));
#16605=ORIENTED_EDGE('',*,*,#16608,.T.);
#16606=ORIENTED_EDGE('',*,*,#16609,.T.);
#16607=ORIENTED_EDGE('',*,*,#16610,.T.);
#16608=EDGE_CURVE('',#793,#347,#16611,.F.);
#16609=EDGE_CURVE('',#347,#795,#16612,.T.);
#16610=EDGE_CURVE('',#795,#793,#16613,.T.);
#16611=LINE('',#792,#16614);
#16612=LINE('',#346,#16615);
#16613=LINE('',#794,#16616);
#16614=VECTOR('',#16617,1.0);
#16615=VECTOR('',#16618,1.0);
#16616=VECTOR('',#16619,1.0);
#16617=DIRECTION('',(0.9852619335480278,-0.17105239636205508,0));
#16618=DIRECTION('',(-0.5547001281015168,0.8320503397536478,0));
#16619=DIRECTION('',(-0.8305955251084763,-0.5568761744497375,0));
#16620=FACE_SURFACE('',(#16625),#16621,.T.);
#16621=PLANE('',#16622);
#16622=AXIS2_PLACEMENT_3D('',#252,#16623,#16624);
#16623=DIRECTION('',(0.8334882437339179,-0.5525371911078466,0));
#16624=DIRECTION('',(-0.5525371911078466,-0.8334882437339179,0));
#16625=FACE_BOUND('',#16626,.T.);
#16626=EDGE_LOOP('',(#16627,#16628,#16629));
#16627=ORIENTED_EDGE('',*,*,#16630,.T.);
#16628=ORIENTED_EDGE('',*,*,#16631,.T.);
#16629=ORIENTED_EDGE('',*,*,#16632,.T.);
#16630=EDGE_CURVE('',#253,#215,#16633,.F.);
#16631=EDGE_CURVE('',#215,#801,#16634,.T.);
#16632=EDGE_CURVE('',#801,#253,#16635,.T.);
#16633=LINE('',#252,#16636);
#16634=LINE('',#214,#16637);
#16635=LINE('',#800,#16638);
#16636=VECTOR('',#16639,1.0);
#16637=VECTOR('',#16640,1.0);
#16638=VECTOR('',#16641,1.0);
#16639=DIRECTION('',(-0.5525371911078466,-0.8334882437339179,0));
#16640=DIRECTION('',(0.08332188377603313,0.12568893404956763,-0.9885644923531781));
#16641=DIRECTION('',(0,0,1));
#16642=FACE_SURFACE('',(#16647),#16643,.T.);
#16643=PLANE('',#16644);
#16644=AXIS2_PLACEMENT_3D('',#798,#16645,#16646);
#16645=DIRECTION('',(0.8334882437339179,-0.5525371911078466,0));
#16646=DIRECTION('',(0.5525371911078466,0.8334882437339179,0));
#16647=FACE_BOUND('',#16648,.T.);
#16648=EDGE_LOOP('',(#16649,#16650,#16651));
#16649=ORIENTED_EDGE('',*,*,#16652,.T.);
#16650=ORIENTED_EDGE('',*,*,#16653,.T.);
#16651=ORIENTED_EDGE('',*,*,#16654,.T.);
#16652=EDGE_CURVE('',#799,#801,#16655,.F.);
#16653=EDGE_CURVE('',#801,#215,#16656,.T.);
#16654=EDGE_CURVE('',#215,#799,#16657,.T.);
#16655=LINE('',#798,#16658);
#16656=LINE('',#800,#16659);
#16657=LINE('',#214,#16660);
#16658=VECTOR('',#16661,1.0);
#16659=VECTOR('',#16662,1.0);
#16660=VECTOR('',#16663,1.0);
#16661=DIRECTION('',(0.5525371911078466,0.8334882437339179,0));
#16662=DIRECTION('',(-0.08332188377603313,-0.12568893404956763,0.9885644923531781));
#16663=DIRECTION('',(0,0,-1));
#16664=FACE_SURFACE('',(#16669),#16665,.T.);
#16665=PLANE('',#16666);
#16666=AXIS2_PLACEMENT_3D('',#794,#16667,#16668);
#16667=DIRECTION('',(-0,0,1));
#16668=DIRECTION('',(0.999414102695339,-0.03422647124186712,0));
#16669=FACE_BOUND('',#16670,.T.);
#16670=EDGE_LOOP('',(#16671,#16672,#16673));
#16671=ORIENTED_EDGE('',*,*,#16674,.T.);
#16672=ORIENTED_EDGE('',*,*,#16675,.T.);
#16673=ORIENTED_EDGE('',*,*,#16676,.T.);
#16674=EDGE_CURVE('',#795,#351,#16677,.F.);
#16675=EDGE_CURVE('',#351,#797,#16678,.T.);
#16676=EDGE_CURVE('',#797,#795,#16679,.T.);
#16677=LINE('',#794,#16680);
#16678=LINE('',#350,#16681);
#16679=LINE('',#796,#16682);
#16680=VECTOR('',#16683,1.0);
#16681=VECTOR('',#16684,1.0);
#16682=VECTOR('',#16685,1.0);
#16683=DIRECTION('',(0.999414102695339,-0.03422647124186712,0));
#16684=DIRECTION('',(-0.6556865444032939,0.7550332148246641,0));
#16685=DIRECTION('',(-0.74792503510481,-0.6637832039630626,0));
#16686=FACE_SURFACE('',(#16691),#16687,.T.);
#16687=PLANE('',#16688);
#16688=AXIS2_PLACEMENT_3D('',#260,#16689,#16690);
#16689=DIRECTION('',(-0.9799872917628323,0.1990600612462219,0));
#16690=DIRECTION('',(-0.19906006124622186,-0.9799872917628322,0));
#16691=FACE_BOUND('',#16692,.T.);
#16692=EDGE_LOOP('',(#16693,#16694,#16695));
#16693=ORIENTED_EDGE('',*,*,#16696,.T.);
#16694=ORIENTED_EDGE('',*,*,#16697,.T.);
#16695=ORIENTED_EDGE('',*,*,#16698,.T.);
#16696=EDGE_CURVE('',#261,#383,#16699,.F.);
#16697=EDGE_CURVE('',#383,#675,#16700,.T.);
#16698=EDGE_CURVE('',#675,#261,#16701,.T.);
#16699=LINE('',#260,#16702);
#16700=LINE('',#382,#16703);
#16701=LINE('',#674,#16704);
#16702=VECTOR('',#16705,1.0);
#16703=VECTOR('',#16706,1.0);
#16704=VECTOR('',#16707,1.0);
#16705=DIRECTION('',(-0.19906006124622186,-0.9799872917628322,0));
#16706=DIRECTION('',(0,0,1));
#16707=DIRECTION('',(0.031312615729070244,0.15415430546052958,-0.9875504899518734));
#16708=FACE_SURFACE('',(#16713),#16709,.T.);
#16709=PLANE('',#16710);
#16710=AXIS2_PLACEMENT_3D('',#260,#16711,#16712);
#16711=DIRECTION('',(-0.9799872917628323,0.1990600612462219,0));
#16712=DIRECTION('',(-0.031312615729070244,-0.15415430546052958,0.9875504899518734));
#16713=FACE_BOUND('',#16714,.T.);
#16714=EDGE_LOOP('',(#16715,#16716,#16717));
#16715=ORIENTED_EDGE('',*,*,#16718,.T.);
#16716=ORIENTED_EDGE('',*,*,#16719,.T.);
#16717=ORIENTED_EDGE('',*,*,#16720,.T.);
#16718=EDGE_CURVE('',#261,#675,#16721,.F.);
#16719=EDGE_CURVE('',#675,#263,#16722,.T.);
#16720=EDGE_CURVE('',#263,#261,#16723,.T.);
#16721=LINE('',#260,#16724);
#16722=LINE('',#674,#16725);
#16723=LINE('',#262,#16726);
#16724=VECTOR('',#16727,1.0);
#16725=VECTOR('',#16728,1.0);
#16726=VECTOR('',#16729,1.0);
#16727=DIRECTION('',(-0.031312615729070244,-0.15415430546052958,0.9875504899518734));
#16728=DIRECTION('',(0.19906006124622186,0.9799872917628322,0));
#16729=DIRECTION('',(0,0,-1));
#16730=FACE_SURFACE('',(#16735),#16731,.T.);
#16731=PLANE('',#16732);
#16732=AXIS2_PLACEMENT_3D('',#274,#16733,#16734);
#16733=DIRECTION('',(0.8963063895602587,-0.4434352895670955,0));
#16734=DIRECTION('',(-0.4434352895670955,-0.8963063895602588,0));
#16735=FACE_BOUND('',#16736,.T.);
#16736=EDGE_LOOP('',(#16737,#16738,#16739));
#16737=ORIENTED_EDGE('',*,*,#16740,.T.);
#16738=ORIENTED_EDGE('',*,*,#16741,.T.);
#16739=ORIENTED_EDGE('',*,*,#16742,.T.);
#16740=EDGE_CURVE('',#275,#253,#16743,.F.);
#16741=EDGE_CURVE('',#253,#491,#16744,.T.);
#16742=EDGE_CURVE('',#491,#275,#16745,.T.);
#16743=LINE('',#274,#16746);
#16744=LINE('',#252,#16747);
#16745=LINE('',#490,#16748);
#16746=VECTOR('',#16749,1.0);
#16747=VECTOR('',#16750,1.0);
#16748=VECTOR('',#16751,1.0);
#16749=DIRECTION('',(-0.4434352895670955,-0.8963063895602588,0));
#16750=DIRECTION('',(0.0663860695565422,0.13418476093639214,-0.9887301652631406));
#16751=DIRECTION('',(0,0,1));
#16752=FACE_SURFACE('',(#16757),#16753,.T.);
#16753=PLANE('',#16754);
#16754=AXIS2_PLACEMENT_3D('',#800,#16755,#16756);
#16755=DIRECTION('',(0.8963063895602587,-0.4434352895670955,0));
#16756=DIRECTION('',(0.4434352895670955,0.8963063895602588,0));
#16757=FACE_BOUND('',#16758,.T.);
#16758=EDGE_LOOP('',(#16759,#16760,#16761));
#16759=ORIENTED_EDGE('',*,*,#16762,.T.);
#16760=ORIENTED_EDGE('',*,*,#16763,.T.);
#16761=ORIENTED_EDGE('',*,*,#16764,.T.);
#16762=EDGE_CURVE('',#801,#491,#16765,.F.);
#16763=EDGE_CURVE('',#491,#253,#16766,.T.);
#16764=EDGE_CURVE('',#253,#801,#16767,.T.);
#16765=LINE('',#800,#16768);
#16766=LINE('',#490,#16769);
#16767=LINE('',#252,#16770);
#16768=VECTOR('',#16771,1.0);
#16769=VECTOR('',#16772,1.0);
#16770=VECTOR('',#16773,1.0);
#16771=DIRECTION('',(0.4434352895670955,0.8963063895602588,0));
#16772=DIRECTION('',(-0.0663860695565422,-0.13418476093639214,0.9887301652631406));
#16773=DIRECTION('',(0,0,-1));
#16774=FACE_SURFACE('',(#16779),#16775,.T.);
#16775=PLANE('',#16776);
#16776=AXIS2_PLACEMENT_3D('',#796,#16777,#16778);
#16777=DIRECTION('',(0,0,1));
#16778=DIRECTION('',(0.9953712199197037,0.09610481026234266,0));
#16779=FACE_BOUND('',#16780,.T.);
#16780=EDGE_LOOP('',(#16781,#16782,#16783));
#16781=ORIENTED_EDGE('',*,*,#16784,.T.);
#16782=ORIENTED_EDGE('',*,*,#16785,.T.);
#16783=ORIENTED_EDGE('',*,*,#16786,.T.);
#16784=EDGE_CURVE('',#797,#373,#16787,.F.);
#16785=EDGE_CURVE('',#373,#799,#16788,.T.);
#16786=EDGE_CURVE('',#799,#797,#16789,.T.);
#16787=LINE('',#796,#16790);
#16788=LINE('',#372,#16791);
#16789=LINE('',#798,#16792);
#16790=VECTOR('',#16793,1.0);
#16791=VECTOR('',#16794,1.0);
#16792=VECTOR('',#16795,1.0);
#16793=DIRECTION('',(0.9953712199197037,0.09610481026234266,0));
#16794=DIRECTION('',(-0.7462955151718014,0.6656147564728832,0));
#16795=DIRECTION('',(-0.6637833247543572,-0.7479249279025614,0));
#16796=FACE_SURFACE('',(#16801),#16797,.T.);
#16797=PLANE('',#16798);
#16798=AXIS2_PLACEMENT_3D('',#490,#16799,#16800);
#16799=DIRECTION('',(0,0,1));
#16800=DIRECTION('',(-0.4434352895670955,-0.8963063895602588,0));
#16801=FACE_BOUND('',#16802,.T.);
#16802=EDGE_LOOP('',(#16803,#16804,#16805));
#16803=ORIENTED_EDGE('',*,*,#16806,.T.);
#16804=ORIENTED_EDGE('',*,*,#16807,.T.);
#16805=ORIENTED_EDGE('',*,*,#16808,.T.);
#16806=EDGE_CURVE('',#491,#801,#16809,.F.);
#16807=EDGE_CURVE('',#801,#387,#16810,.T.);
#16808=EDGE_CURVE('',#387,#491,#16811,.T.);
#16809=LINE('',#490,#16812);
#16810=LINE('',#800,#16813);
#16811=LINE('',#386,#16814);
#16812=VECTOR('',#16815,1.0);
#16813=VECTOR('',#16816,1.0);
#16814=VECTOR('',#16817,1.0);
#16815=DIRECTION('',(-0.4434352895670955,-0.8963063895602588,0));
#16816=DIRECTION('',(0.9322655392315807,0.3617747425695304,0));
#16817=DIRECTION('',(-0.8964786595580303,0.44308691354748586,0));
#16818=FACE_SURFACE('',(#16823),#16819,.T.);
#16819=PLANE('',#16820);
#16820=AXIS2_PLACEMENT_3D('',#766,#16821,#16822);
#16821=DIRECTION('',(-0.9981118621535902,0.06142239516896567,0));
#16822=DIRECTION('',(0.06142239516896568,0.9981118621535902,0));
#16823=FACE_BOUND('',#16824,.T.);
#16824=EDGE_LOOP('',(#16825,#16826,#16827));
#16825=ORIENTED_EDGE('',*,*,#16828,.T.);
#16826=ORIENTED_EDGE('',*,*,#16829,.T.);
#16827=ORIENTED_EDGE('',*,*,#16830,.T.);
#16828=EDGE_CURVE('',#767,#675,#16831,.F.);
#16829=EDGE_CURVE('',#675,#355,#16832,.T.);
#16830=EDGE_CURVE('',#355,#767,#16833,.T.);
#16831=LINE('',#766,#16834);
#16832=LINE('',#674,#16835);
#16833=LINE('',#354,#16836);
#16834=VECTOR('',#16837,1.0);
#16835=VECTOR('',#16838,1.0);
#16836=VECTOR('',#16839,1.0);
#16837=DIRECTION('',(0.06142239516896568,0.9981118621535902,0));
#16838=DIRECTION('',(-0.009635332922748341,-0.1565738369456049,-0.987619255555297));
#16839=DIRECTION('',(0,0,1));
#16840=FACE_SURFACE('',(#16845),#16841,.T.);
#16841=PLANE('',#16842);
#16842=AXIS2_PLACEMENT_3D('',#382,#16843,#16844);
#16843=DIRECTION('',(-0.9981118621535902,0.06142239516896567,0));
#16844=DIRECTION('',(-0.06142239516896568,-0.9981118621535902,0));
#16845=FACE_BOUND('',#16846,.T.);
#16846=EDGE_LOOP('',(#16847,#16848,#16849));
#16847=ORIENTED_EDGE('',*,*,#16850,.T.);
#16848=ORIENTED_EDGE('',*,*,#16851,.T.);
#16849=ORIENTED_EDGE('',*,*,#16852,.T.);
#16850=EDGE_CURVE('',#383,#355,#16853,.F.);
#16851=EDGE_CURVE('',#355,#675,#16854,.T.);
#16852=EDGE_CURVE('',#675,#383,#16855,.T.);
#16853=LINE('',#382,#16856);
#16854=LINE('',#354,#16857);
#16855=LINE('',#674,#16858);
#16856=VECTOR('',#16859,1.0);
#16857=VECTOR('',#16860,1.0);
#16858=VECTOR('',#16861,1.0);
#16859=DIRECTION('',(-0.06142239516896568,-0.9981118621535902,0));
#16860=DIRECTION('',(0.009635332922748341,0.1565738369456049,0.987619255555297));
#16861=DIRECTION('',(0,0,-1));
#16862=FACE_SURFACE('',(#16867),#16863,.T.);
#16863=PLANE('',#16864);
#16864=AXIS2_PLACEMENT_3D('',#798,#16865,#16866);
#16865=DIRECTION('',(0,0,1));
#16866=DIRECTION('',(0.9717536836129325,0.23599741181779232,0));
#16867=FACE_BOUND('',#16868,.T.);
#16868=EDGE_LOOP('',(#16869,#16870,#16871));
#16869=ORIENTED_EDGE('',*,*,#16872,.T.);
#16870=ORIENTED_EDGE('',*,*,#16873,.T.);
#16871=ORIENTED_EDGE('',*,*,#16874,.T.);
#16872=EDGE_CURVE('',#799,#377,#16875,.F.);
#16873=EDGE_CURVE('',#377,#801,#16876,.T.);
#16874=EDGE_CURVE('',#801,#799,#16877,.T.);
#16875=LINE('',#798,#16878);
#16876=LINE('',#376,#16879);
#16877=LINE('',#800,#16880);
#16878=VECTOR('',#16881,1.0);
#16879=VECTOR('',#16882,1.0);
#16880=VECTOR('',#16883,1.0);
#16881=DIRECTION('',(0.9717536836129325,0.23599741181779232,0));
#16882=DIRECTION('',(-0.827306123187491,0.5617513493855478,0));
#16883=DIRECTION('',(-0.5525371911078466,-0.8334882437339179,0));
#16884=FACE_SURFACE('',(#16889),#16885,.T.);
#16885=PLANE('',#16886);
#16886=AXIS2_PLACEMENT_3D('',#766,#16887,#16888);
#16887=DIRECTION('',(-0.9981118621535902,-0.06142239516896567,-0));
#16888=DIRECTION('',(0,0,-1));
#16889=FACE_BOUND('',#16890,.T.);
#16890=EDGE_LOOP('',(#16891,#16892,#16893));
#16891=ORIENTED_EDGE('',*,*,#16894,.T.);
#16892=ORIENTED_EDGE('',*,*,#16895,.T.);
#16893=ORIENTED_EDGE('',*,*,#16896,.T.);
#16894=EDGE_CURVE('',#767,#355,#16897,.F.);
#16895=EDGE_CURVE('',#355,#747,#16898,.T.);
#16896=EDGE_CURVE('',#747,#767,#16899,.T.);
#16897=LINE('',#766,#16900);
#16898=LINE('',#354,#16901);
#16899=LINE('',#746,#16902);
#16900=VECTOR('',#16903,1.0);
#16901=VECTOR('',#16904,1.0);
#16902=VECTOR('',#16905,1.0);
#16903=DIRECTION('',(0,0,-1));
#16904=DIRECTION('',(0.009635332922748341,-0.1565738369456049,0.987619255555297));
#16905=DIRECTION('',(-0.06142239516896568,0.9981118621535902,0));
#16906=FACE_SURFACE('',(#16911),#16907,.T.);
#16907=PLANE('',#16908);
#16908=AXIS2_PLACEMENT_3D('',#376,#16909,#16910);
#16909=DIRECTION('',(0,-0,1));
#16910=DIRECTION('',(0.44386041049585734,0.8960959412889052,0));
#16911=FACE_BOUND('',#16912,.T.);
#16912=EDGE_LOOP('',(#16913,#16914,#16915));
#16913=ORIENTED_EDGE('',*,*,#16916,.T.);
#16914=ORIENTED_EDGE('',*,*,#16917,.T.);
#16915=ORIENTED_EDGE('',*,*,#16918,.T.);
#16916=EDGE_CURVE('',#377,#387,#16919,.F.);
#16917=EDGE_CURVE('',#387,#801,#16920,.T.);
#16918=EDGE_CURVE('',#801,#377,#16921,.T.);
#16919=LINE('',#376,#16922);
#16920=LINE('',#386,#16923);
#16921=LINE('',#800,#16924);
#16922=VECTOR('',#16925,1.0);
#16923=VECTOR('',#16926,1.0);
#16924=VECTOR('',#16927,1.0);
#16925=DIRECTION('',(0.44386041049585734,0.8960959412889052,0));
#16926=DIRECTION('',(-0.9322655392315807,-0.3617747425695304,0));
#16927=DIRECTION('',(0.827306123187491,-0.5617513493855478,0));
#16928=FACE_SURFACE('',(#16933),#16929,.T.);
#16929=PLANE('',#16930);
#16930=AXIS2_PLACEMENT_3D('',#746,#16931,#16932);
#16931=DIRECTION('',(-0.9799872917628323,-0.1990600612462219,0));
#16932=DIRECTION('',(0.031312615729070244,-0.15415430546052958,-0.9875504899518734));
#16933=FACE_BOUND('',#16934,.T.);
#16934=EDGE_LOOP('',(#16935,#16936,#16937));
#16935=ORIENTED_EDGE('',*,*,#16938,.T.);
#16936=ORIENTED_EDGE('',*,*,#16939,.T.);
#16937=ORIENTED_EDGE('',*,*,#16940,.T.);
#16938=EDGE_CURVE('',#747,#405,#16941,.F.);
#16939=EDGE_CURVE('',#405,#757,#16942,.T.);
#16940=EDGE_CURVE('',#757,#747,#16943,.T.);
#16941=LINE('',#746,#16944);
#16942=LINE('',#404,#16945);
#16943=LINE('',#756,#16946);
#16944=VECTOR('',#16947,1.0);
#16945=VECTOR('',#16948,1.0);
#16946=VECTOR('',#16949,1.0);
#16947=DIRECTION('',(0.031312615729070244,-0.15415430546052958,-0.9875504899518734));
#16948=DIRECTION('',(0,0,1));
#16949=DIRECTION('',(-0.19906006124622186,0.9799872917628322,0));
#16950=FACE_SURFACE('',(#16955),#16951,.T.);
#16951=PLANE('',#16952);
#16952=AXIS2_PLACEMENT_3D('',#404,#16953,#16954);
#16953=DIRECTION('',(-0.9471446425644768,-0.32080683605778987,0));
#16954=DIRECTION('',(0.05057893328883742,-0.1493283817758758,0.9874931928391008));
#16955=FACE_BOUND('',#16956,.T.);
#16956=EDGE_LOOP('',(#16957,#16958,#16959));
#16957=ORIENTED_EDGE('',*,*,#16960,.T.);
#16958=ORIENTED_EDGE('',*,*,#16961,.T.);
#16959=ORIENTED_EDGE('',*,*,#16962,.T.);
#16960=EDGE_CURVE('',#405,#749,#16963,.F.);
#16961=EDGE_CURVE('',#749,#757,#16964,.T.);
#16962=EDGE_CURVE('',#757,#405,#16965,.T.);
#16963=LINE('',#404,#16966);
#16964=LINE('',#748,#16967);
#16965=LINE('',#756,#16968);
#16966=VECTOR('',#16969,1.0);
#16967=VECTOR('',#16970,1.0);
#16968=VECTOR('',#16971,1.0);
#16969=DIRECTION('',(0.05057893328883742,-0.1493283817758758,0.9874931928391008));
#16970=DIRECTION('',(-0.32080683605778987,0.9471446425644768,0));
#16971=DIRECTION('',(0,0,-1));
#16972=FACE_SURFACE('',(#16977),#16973,.T.);
#16973=PLANE('',#16974);
#16974=AXIS2_PLACEMENT_3D('',#492,#16975,#16976);
#16975=DIRECTION('',(0,0,1));
#16976=DIRECTION('',(0.7974965466189298,0.6033235103415755,0));
#16977=FACE_BOUND('',#16978,.T.);
#16978=EDGE_LOOP('',(#16979,#16980,#16981));
#16979=ORIENTED_EDGE('',*,*,#16982,.T.);
#16980=ORIENTED_EDGE('',*,*,#16983,.T.);
#16981=ORIENTED_EDGE('',*,*,#16984,.T.);
#16982=EDGE_CURVE('',#493,#397,#16985,.F.);
#16983=EDGE_CURVE('',#397,#503,#16986,.T.);
#16984=EDGE_CURVE('',#503,#493,#16987,.T.);
#16985=LINE('',#492,#16988);
#16986=LINE('',#396,#16989);
#16987=LINE('',#502,#16990);
#16988=VECTOR('',#16991,1.0);
#16989=VECTOR('',#16992,1.0);
#16990=VECTOR('',#16993,1.0);
#16991=DIRECTION('',(0.7974965466189298,0.6033235103415755,0));
#16992=DIRECTION('',(-0.9821551723113849,0.18807237304291607,0));
#16993=DIRECTION('',(-0.19611634923030272,-0.9805806328724721,0));
#16994=FACE_SURFACE('',(#16999),#16995,.T.);
#16995=PLANE('',#16996);
#16996=AXIS2_PLACEMENT_3D('',#396,#16997,#16998);
#16997=DIRECTION('',(0,-0,1));
#16998=DIRECTION('',(0.06707561472492926,0.9977478949660946,0));
#16999=FACE_BOUND('',#17000,.T.);
#17000=EDGE_LOOP('',(#17001,#17002,#17003));
#17001=ORIENTED_EDGE('',*,*,#17004,.T.);
#17002=ORIENTED_EDGE('',*,*,#17005,.T.);
#17003=ORIENTED_EDGE('',*,*,#17006,.T.);
#17004=EDGE_CURVE('',#397,#403,#17007,.F.);
#17005=EDGE_CURVE('',#403,#503,#17008,.T.);
#17006=EDGE_CURVE('',#503,#397,#17009,.T.);
#17007=LINE('',#396,#17010);
#17008=LINE('',#402,#17011);
#17009=LINE('',#502,#17012);
#17010=VECTOR('',#17013,1.0);
#17011=VECTOR('',#17014,1.0);
#17012=VECTOR('',#17015,1.0);
#17013=DIRECTION('',(0.06707561472492926,0.9977478949660946,0));
#17014=DIRECTION('',(-0.7105813994193437,-0.7036150046717645,0));
#17015=DIRECTION('',(0.9821551723113849,-0.18807237304291607,0));
#17016=FACE_SURFACE('',(#17021),#17017,.T.);
#17017=PLANE('',#17018);
#17018=AXIS2_PLACEMENT_3D('',#748,#17019,#17020);
#17019=DIRECTION('',(-0.8974486584734775,-0.44111892433237926,0));
#17020=DIRECTION('',(0.06983957508409096,-0.14208738167929572,-0.9873872643089923));
#17021=FACE_BOUND('',#17022,.T.);
#17022=EDGE_LOOP('',(#17023,#17024,#17025));
#17023=ORIENTED_EDGE('',*,*,#17026,.T.);
#17024=ORIENTED_EDGE('',*,*,#17027,.T.);
#17025=ORIENTED_EDGE('',*,*,#17028,.T.);
#17026=EDGE_CURVE('',#749,#369,#17029,.F.);
#17027=EDGE_CURVE('',#369,#759,#17030,.T.);
#17028=EDGE_CURVE('',#759,#749,#17031,.T.);
#17029=LINE('',#748,#17032);
#17030=LINE('',#368,#17033);
#17031=LINE('',#758,#17034);
#17032=VECTOR('',#17035,1.0);
#17033=VECTOR('',#17036,1.0);
#17034=VECTOR('',#17037,1.0);
#17035=DIRECTION('',(0.06983957508409096,-0.14208738167929572,-0.9873872643089923));
#17036=DIRECTION('',(0,0,1));
#17037=DIRECTION('',(-0.4411189243323793,0.8974486584734777,0));
#17038=FACE_SURFACE('',(#17043),#17039,.T.);
#17039=PLANE('',#17040);
#17040=AXIS2_PLACEMENT_3D('',#368,#17041,#17042);
#17041=DIRECTION('',(-0.8320502943378436,-0.5547001962252291,0));
#17042=DIRECTION('',(0.554700196225229,-0.8320502943378436,0));
#17043=FACE_BOUND('',#17044,.T.);
#17044=EDGE_LOOP('',(#17045,#17046,#17047));
#17045=ORIENTED_EDGE('',*,*,#17048,.T.);
#17046=ORIENTED_EDGE('',*,*,#17049,.T.);
#17047=ORIENTED_EDGE('',*,*,#17050,.T.);
#17048=EDGE_CURVE('',#369,#413,#17051,.F.);
#17049=EDGE_CURVE('',#413,#761,#17052,.T.);
#17050=EDGE_CURVE('',#761,#369,#17053,.T.);
#17051=LINE('',#368,#17054);
#17052=LINE('',#412,#17055);
#17053=LINE('',#760,#17056);
#17054=VECTOR('',#17057,1.0);
#17055=VECTOR('',#17058,1.0);
#17056=VECTOR('',#17059,1.0);
#17057=DIRECTION('',(0.554700196225229,-0.8320502943378436,0));
#17058=DIRECTION('',(0,0,1));
#17059=DIRECTION('',(-0.08672514885750998,0.13008772328626497,-0.9877023503089576));
#17060=FACE_SURFACE('',(#17065),#17061,.T.);
#17061=PLANE('',#17062);
#17062=AXIS2_PLACEMENT_3D('',#368,#17063,#17064);
#17063=DIRECTION('',(-0.8320502943378436,-0.5547001962252291,0));
#17064=DIRECTION('',(0.08672514885750998,-0.13008772328626497,0.9877023503089576));
#17065=FACE_BOUND('',#17066,.T.);
#17066=EDGE_LOOP('',(#17067,#17068,#17069));
#17067=ORIENTED_EDGE('',*,*,#17070,.T.);
#17068=ORIENTED_EDGE('',*,*,#17071,.T.);
#17069=ORIENTED_EDGE('',*,*,#17072,.T.);
#17070=EDGE_CURVE('',#369,#761,#17073,.F.);
#17071=EDGE_CURVE('',#761,#759,#17074,.T.);
#17072=EDGE_CURVE('',#759,#369,#17075,.T.);
#17073=LINE('',#368,#17076);
#17074=LINE('',#760,#17077);
#17075=LINE('',#758,#17078);
#17076=VECTOR('',#17079,1.0);
#17077=VECTOR('',#17080,1.0);
#17078=VECTOR('',#17081,1.0);
#17079=DIRECTION('',(0.08672514885750998,-0.13008772328626497,0.9877023503089576));
#17080=DIRECTION('',(-0.554700196225229,0.8320502943378436,0));
#17081=DIRECTION('',(0,0,-1));
#17082=FACE_SURFACE('',(#17087),#17083,.T.);
#17083=PLANE('',#17084);
#17084=AXIS2_PLACEMENT_3D('',#412,#17085,#17086);
#17085=DIRECTION('',(-0.7581854018497268,-0.6520390298302459,0));
#17086=DIRECTION('',(0.10354713806692585,-0.12040372568816984,0.9873099478069474));
#17087=FACE_BOUND('',#17088,.T.);
#17088=EDGE_LOOP('',(#17089,#17090,#17091));
#17089=ORIENTED_EDGE('',*,*,#17092,.T.);
#17090=ORIENTED_EDGE('',*,*,#17093,.T.);
#17091=ORIENTED_EDGE('',*,*,#17094,.T.);
#17092=EDGE_CURVE('',#413,#755,#17095,.F.);
#17093=EDGE_CURVE('',#755,#761,#17096,.T.);
#17094=EDGE_CURVE('',#761,#413,#17097,.T.);
#17095=LINE('',#412,#17098);
#17096=LINE('',#754,#17099);
#17097=LINE('',#760,#17100);
#17098=VECTOR('',#17101,1.0);
#17099=VECTOR('',#17102,1.0);
#17100=VECTOR('',#17103,1.0);
#17101=DIRECTION('',(0.10354713806692585,-0.12040372568816984,0.9873099478069474));
#17102=DIRECTION('',(-0.6520390298302459,0.7581854018497268,0));
#17103=DIRECTION('',(0,0,-1));
#17104=FACE_SURFACE('',(#17109),#17105,.T.);
#17105=PLANE('',#17106);
#17106=AXIS2_PLACEMENT_3D('',#56,#17107,#17108);
#17107=DIRECTION('',(0,-0,1));
#17108=DIRECTION('',(0.9853504960747687,0.17054149021633253,0));
#17109=FACE_BOUND('',#17110,.T.);
#17110=EDGE_LOOP('',(#17111,#17112,#17113));
#17111=ORIENTED_EDGE('',*,*,#17114,.T.);
#17112=ORIENTED_EDGE('',*,*,#17115,.T.);
#17113=ORIENTED_EDGE('',*,*,#17116,.T.);
#17114=EDGE_CURVE('',#57,#51,#17117,.F.);
#17115=EDGE_CURVE('',#51,#49,#17118,.T.);
#17116=EDGE_CURVE('',#49,#57,#17119,.T.);
#17117=LINE('',#56,#17120);
#17118=LINE('',#50,#17121);
#17119=LINE('',#48,#17122);
#17120=VECTOR('',#17123,1.0);
#17121=VECTOR('',#17124,1.0);
#17122=VECTOR('',#17125,1.0);
#17123=DIRECTION('',(0.9853504960747687,0.17054149021633253,0));
#17124=DIRECTION('',(-0.742634356199948,0.6696971054077274,0));
#17125=DIRECTION('',(0.06707548257574335,-0.9977479038500814,0));
#17126=FACE_SURFACE('',(#17131),#17127,.T.);
#17127=PLANE('',#17128);
#17128=AXIS2_PLACEMENT_3D('',#84,#17129,#17130);
#17129=DIRECTION('',(0,-0,1));
#17130=DIRECTION('',(0.9567873636343249,0.29078848118465433,0));
#17131=FACE_BOUND('',#17132,.T.);
#17132=EDGE_LOOP('',(#17133,#17134,#17135));
#17133=ORIENTED_EDGE('',*,*,#17136,.T.);
#17134=ORIENTED_EDGE('',*,*,#17137,.T.);
#17135=ORIENTED_EDGE('',*,*,#17138,.T.);
#17136=EDGE_CURVE('',#85,#59,#17139,.F.);
#17137=EDGE_CURVE('',#59,#57,#17140,.T.);
#17138=EDGE_CURVE('',#57,#85,#17141,.T.);
#17139=LINE('',#84,#17142);
#17140=LINE('',#58,#17143);
#17141=LINE('',#56,#17144);
#17142=VECTOR('',#17145,1.0);
#17143=VECTOR('',#17146,1.0);
#17144=VECTOR('',#17147,1.0);
#17145=DIRECTION('',(0.9567873636343249,0.29078848118465433,0));
#17146=DIRECTION('',(-0.8207713102888605,0.5712569091106972,0));
#17147=DIRECTION('',(0.1913148626638883,-0.9815287175237908,0));
#17148=FACE_SURFACE('',(#17153),#17149,.T.);
#17149=PLANE('',#17150);
#17150=AXIS2_PLACEMENT_3D('',#44,#17151,#17152);
#17151=DIRECTION('',(0,-0,1));
#17152=DIRECTION('',(0.9141998321264682,0.40526370049627886,0));
#17153=FACE_BOUND('',#17154,.T.);
#17154=EDGE_LOOP('',(#17155,#17156,#17157));
#17155=ORIENTED_EDGE('',*,*,#17158,.T.);
#17156=ORIENTED_EDGE('',*,*,#17159,.T.);
#17157=ORIENTED_EDGE('',*,*,#17160,.T.);
#17158=EDGE_CURVE('',#45,#87,#17161,.F.);
#17159=EDGE_CURVE('',#87,#85,#17162,.T.);
#17160=EDGE_CURVE('',#85,#45,#17163,.T.);
#17161=LINE('',#44,#17164);
#17162=LINE('',#86,#17165);
#17163=LINE('',#84,#17166);
#17164=VECTOR('',#17167,1.0);
#17165=VECTOR('',#17168,1.0);
#17166=VECTOR('',#17169,1.0);
#17167=DIRECTION('',(0.9141998321264682,0.40526370049627886,0));
#17168=DIRECTION('',(-0.8891358242332528,0.45764340491812433,0));
#17169=DIRECTION('',(0.3262485454999734,-0.9452840242800846,0));
#17170=FACE_SURFACE('',(#17175),#17171,.T.);
#17171=PLANE('',#17172);
#17172=AXIS2_PLACEMENT_3D('',#320,#17173,#17174);
#17173=DIRECTION('',(0,0,1));
#17174=DIRECTION('',(-0.06707548257574335,-0.9977479038500814,0));
#17175=FACE_BOUND('',#17176,.T.);
#17176=EDGE_LOOP('',(#17177,#17178,#17179));
#17177=ORIENTED_EDGE('',*,*,#17180,.T.);
#17178=ORIENTED_EDGE('',*,*,#17181,.T.);
#17179=ORIENTED_EDGE('',*,*,#17182,.T.);
#17180=EDGE_CURVE('',#321,#49,#17183,.F.);
#17181=EDGE_CURVE('',#49,#47,#17184,.T.);
#17182=EDGE_CURVE('',#47,#321,#17185,.T.);
#17183=LINE('',#320,#17186);
#17184=LINE('',#48,#17187);
#17185=LINE('',#46,#17188);
#17186=VECTOR('',#17189,1.0);
#17187=VECTOR('',#17190,1.0);
#17188=VECTOR('',#17191,1.0);
#17189=DIRECTION('',(-0.06707548257574335,-0.9977479038500814,0));
#17190=DIRECTION('',(0.9988681398090719,0.04756510563810928,0));
#17191=DIRECTION('',(-0.6480361021321613,0.7616096180677834,0));
#17192=FACE_SURFACE('',(#17197),#17193,.T.);
#17193=PLANE('',#17194);
#17194=AXIS2_PLACEMENT_3D('',#524,#17195,#17196);
#17195=DIRECTION('',(-0.5547001962252291,-0.8320502943378436,0));
#17196=DIRECTION('',(0.13008772328626497,-0.08672514885750998,0.9877023503089576));
#17197=FACE_BOUND('',#17198,.T.);
#17198=EDGE_LOOP('',(#17199,#17200,#17201));
#17199=ORIENTED_EDGE('',*,*,#17202,.T.);
#17200=ORIENTED_EDGE('',*,*,#17203,.T.);
#17201=ORIENTED_EDGE('',*,*,#17204,.T.);
#17202=EDGE_CURVE('',#525,#765,#17205,.F.);
#17203=EDGE_CURVE('',#765,#763,#17206,.T.);
#17204=EDGE_CURVE('',#763,#525,#17207,.T.);
#17205=LINE('',#524,#17208);
#17206=LINE('',#764,#17209);
#17207=LINE('',#762,#17210);
#17208=VECTOR('',#17211,1.0);
#17209=VECTOR('',#17212,1.0);
#17210=VECTOR('',#17213,1.0);
#17211=DIRECTION('',(0.13008772328626497,-0.08672514885750998,0.9877023503089576));
#17212=DIRECTION('',(-0.8320502943378436,0.554700196225229,0));
#17213=DIRECTION('',(0,0,-1));
#17214=FACE_SURFACE('',(#17219),#17215,.T.);
#17215=PLANE('',#17216);
#17216=AXIS2_PLACEMENT_3D('',#330,#17217,#17218);
#17217=DIRECTION('',(0,0,1));
#17218=DIRECTION('',(-0.8411783218461699,0.5407578301384655,0));
#17219=FACE_BOUND('',#17220,.T.);
#17220=EDGE_LOOP('',(#17221,#17222,#17223));
#17221=ORIENTED_EDGE('',*,*,#17224,.T.);
#17222=ORIENTED_EDGE('',*,*,#17225,.T.);
#17223=ORIENTED_EDGE('',*,*,#17226,.T.);
#17224=EDGE_CURVE('',#331,#791,#17227,.F.);
#17225=EDGE_CURVE('',#791,#333,#17228,.T.);
#17226=EDGE_CURVE('',#333,#331,#17229,.T.);
#17227=LINE('',#330,#17230);
#17228=LINE('',#790,#17231);
#17229=LINE('',#332,#17232);
#17230=VECTOR('',#17233,1.0);
#17231=VECTOR('',#17234,1.0);
#17232=VECTOR('',#17235,1.0);
#17233=DIRECTION('',(-0.8411783218461699,0.5407578301384655,0));
#17234=DIRECTION('',(0.07669665114443218,-0.9970544737892857,0));
#17235=DIRECTION('',(0.9815286812302747,0.19131504886536743,0));
#17236=FACE_SURFACE('',(#17241),#17237,.T.);
#17237=PLANE('',#17238);
#17238=AXIS2_PLACEMENT_3D('',#790,#17239,#17240);
#17239=DIRECTION('',(0,0,1));
#17240=DIRECTION('',(-0.9978266108002829,-0.06589426969639137,0));
#17241=FACE_BOUND('',#17242,.T.);
#17242=EDGE_LOOP('',(#17243,#17244,#17245));
#17243=ORIENTED_EDGE('',*,*,#17246,.T.);
#17244=ORIENTED_EDGE('',*,*,#17247,.T.);
#17245=ORIENTED_EDGE('',*,*,#17248,.T.);
#17246=EDGE_CURVE('',#791,#523,#17249,.F.);
#17247=EDGE_CURVE('',#523,#333,#17250,.T.);
#17248=EDGE_CURVE('',#333,#791,#17251,.T.);
#17249=LINE('',#790,#17252);
#17250=LINE('',#522,#17253);
#17251=LINE('',#332,#17254);
#17252=VECTOR('',#17255,1.0);
#17253=VECTOR('',#17256,1.0);
#17254=VECTOR('',#17257,1.0);
#17255=DIRECTION('',(-0.9978266108002829,-0.06589426969639137,0));
#17256=DIRECTION('',(0.7616096180677834,-0.6480361021321613,0));
#17257=DIRECTION('',(-0.07669665114443218,0.9970544737892857,0));
#17258=FACE_SURFACE('',(#17263),#17259,.T.);
#17259=PLANE('',#17260);
#17260=AXIS2_PLACEMENT_3D('',#522,#17261,#17262);
#17261=DIRECTION('',(0,0,1));
#17262=DIRECTION('',(-0.9978266108002829,0.06589426969639137,0));
#17263=FACE_BOUND('',#17264,.T.);
#17264=EDGE_LOOP('',(#17265,#17266,#17267));
#17265=ORIENTED_EDGE('',*,*,#17268,.T.);
#17266=ORIENTED_EDGE('',*,*,#17269,.T.);
#17267=ORIENTED_EDGE('',*,*,#17270,.T.);
#17268=EDGE_CURVE('',#523,#607,#17271,.F.);
#17269=EDGE_CURVE('',#607,#407,#17272,.T.);
#17270=EDGE_CURVE('',#407,#523,#17273,.T.);
#17271=LINE('',#522,#17274);
#17272=LINE('',#606,#17275);
#17273=LINE('',#406,#17276);
#17274=VECTOR('',#17277,1.0);
#17275=VECTOR('',#17278,1.0);
#17276=VECTOR('',#17279,1.0);
#17277=DIRECTION('',(-0.9978266108002829,0.06589426969639137,0));
#17278=DIRECTION('',(0.6696971054077274,-0.742634356199948,0));
#17279=DIRECTION('',(0.04756510563810928,0.9988681398090719,0));
#17280=FACE_SURFACE('',(#17285),#17281,.T.);
#17281=PLANE('',#17282);
#17282=AXIS2_PLACEMENT_3D('',#608,#17283,#17284);
#17283=DIRECTION('',(-0,0,1));
#17284=DIRECTION('',(0.9977479038500814,-0.06707548257574335,0));
#17285=FACE_BOUND('',#17286,.T.);
#17286=EDGE_LOOP('',(#17287,#17288,#17289));
#17287=ORIENTED_EDGE('',*,*,#17290,.T.);
#17288=ORIENTED_EDGE('',*,*,#17291,.T.);
#17289=ORIENTED_EDGE('',*,*,#17292,.T.);
#17290=EDGE_CURVE('',#609,#407,#17293,.F.);
#17291=EDGE_CURVE('',#407,#607,#17294,.T.);
#17292=EDGE_CURVE('',#607,#609,#17295,.T.);
#17293=LINE('',#608,#17296);
#17294=LINE('',#406,#17297);
#17295=LINE('',#606,#17298);
#17296=VECTOR('',#17299,1.0);
#17297=VECTOR('',#17300,1.0);
#17298=VECTOR('',#17301,1.0);
#17299=DIRECTION('',(0.9977479038500814,-0.06707548257574335,0));
#17300=DIRECTION('',(-0.6696971054077274,0.742634356199948,0));
#17301=DIRECTION('',(-0.17054149021633253,-0.9853504960747687,0));
#17302=FACE_SURFACE('',(#17307),#17303,.T.);
#17303=PLANE('',#17304);
#17304=AXIS2_PLACEMENT_3D('',#608,#17305,#17306);
#17305=DIRECTION('',(0,-0,1));
#17306=DIRECTION('',(0.17054149021633253,0.9853504960747687,0));
#17307=FACE_BOUND('',#17308,.T.);
#17308=EDGE_LOOP('',(#17309,#17310,#17311));
#17309=ORIENTED_EDGE('',*,*,#17312,.T.);
#17310=ORIENTED_EDGE('',*,*,#17313,.T.);
#17311=ORIENTED_EDGE('',*,*,#17314,.T.);
#17312=EDGE_CURVE('',#609,#607,#17315,.F.);
#17313=EDGE_CURVE('',#607,#601,#17316,.T.);
#17314=EDGE_CURVE('',#601,#609,#17317,.T.);
#17315=LINE('',#608,#17318);
#17316=LINE('',#606,#17319);
#17317=LINE('',#600,#17320);
#17318=VECTOR('',#17321,1.0);
#17319=VECTOR('',#17322,1.0);
#17320=VECTOR('',#17323,1.0);
#17321=DIRECTION('',(0.17054149021633253,0.9853504960747687,0));
#17322=DIRECTION('',(-0.9805806863955254,0.19611608161514998,0));
#17323=DIRECTION('',(0.5712569091106972,-0.8207713102888605,0));
#17324=FACE_SURFACE('',(#17329),#17325,.T.);
#17325=PLANE('',#17326);
#17326=AXIS2_PLACEMENT_3D('',#596,#17327,#17328);
#17327=DIRECTION('',(0,0,1));
#17328=DIRECTION('',(0.45764340491812433,-0.8891358242332528,0));
#17329=FACE_BOUND('',#17330,.T.);
#17330=EDGE_LOOP('',(#17331,#17332,#17333));
#17331=ORIENTED_EDGE('',*,*,#17334,.T.);
#17332=ORIENTED_EDGE('',*,*,#17335,.T.);
#17333=ORIENTED_EDGE('',*,*,#17336,.T.);
#17334=EDGE_CURVE('',#597,#605,#17337,.F.);
#17335=EDGE_CURVE('',#605,#601,#17338,.T.);
#17336=EDGE_CURVE('',#601,#597,#17339,.T.);
#17337=LINE('',#596,#17340);
#17338=LINE('',#604,#17341);
#17339=LINE('',#600,#17342);
#17340=VECTOR('',#17343,1.0);
#17341=VECTOR('',#17344,1.0);
#17342=VECTOR('',#17345,1.0);
#17343=DIRECTION('',(0.45764340491812433,-0.8891358242332528,0));
#17344=DIRECTION('',(0.29078848118465433,0.9567873636343249,0));
#17345=DIRECTION('',(-0.9477407905754266,0.3190413670348494,0));
#17346=FACE_SURFACE('',(#17351),#17347,.T.);
#17347=PLANE('',#17348);
#17348=AXIS2_PLACEMENT_3D('',#130,#17349,#17350);
#17349=DIRECTION('',(0,0,1));
#17350=DIRECTION('',(0.33964438126400204,-0.9405539294882529,0));
#17351=FACE_BOUND('',#17352,.T.);
#17352=EDGE_LOOP('',(#17353,#17354,#17355));
#17353=ORIENTED_EDGE('',*,*,#17356,.T.);
#17354=ORIENTED_EDGE('',*,*,#17357,.T.);
#17355=ORIENTED_EDGE('',*,*,#17358,.T.);
#17356=EDGE_CURVE('',#131,#603,#17359,.F.);
#17357=EDGE_CURVE('',#603,#597,#17360,.T.);
#17358=EDGE_CURVE('',#597,#131,#17361,.T.);
#17359=LINE('',#130,#17362);
#17360=LINE('',#602,#17363);
#17361=LINE('',#596,#17364);
#17362=VECTOR('',#17365,1.0);
#17363=VECTOR('',#17366,1.0);
#17364=VECTOR('',#17367,1.0);
#17365=DIRECTION('',(0.33964438126400204,-0.9405539294882529,0));
#17366=DIRECTION('',(0.40526370049627886,0.9141998321264682,0));
#17367=DIRECTION('',(-0.89630611017079,0.4434358542906828,0));
#17368=FACE_SURFACE('',(#17373),#17369,.T.);
#17369=PLANE('',#17370);
#17370=AXIS2_PLACEMENT_3D('',#602,#17371,#17372);
#17371=DIRECTION('',(0,0,1));
#17372=DIRECTION('',(-0.33964438126400204,0.9405539294882529,0));
#17373=FACE_BOUND('',#17374,.T.);
#17374=EDGE_LOOP('',(#17375,#17376,#17377));
#17375=ORIENTED_EDGE('',*,*,#17378,.T.);
#17376=ORIENTED_EDGE('',*,*,#17379,.T.);
#17377=ORIENTED_EDGE('',*,*,#17380,.T.);
#17378=EDGE_CURVE('',#603,#131,#17381,.F.);
#17379=EDGE_CURVE('',#131,#119,#17382,.T.);
#17380=EDGE_CURVE('',#119,#603,#17383,.T.);
#17381=LINE('',#602,#17384);
#17382=LINE('',#130,#17385);
#17383=LINE('',#118,#17386);
#17384=VECTOR('',#17387,1.0);
#17385=VECTOR('',#17388,1.0);
#17386=VECTOR('',#17389,1.0);
#17387=DIRECTION('',(-0.33964438126400204,0.9405539294882529,0));
#17388=DIRECTION('',(-0.5172592273542611,-0.8558287747656494,0));
#17389=DIRECTION('',(0.8960958420180327,-0.4438606109106697,0));
#17390=FACE_SURFACE('',(#17395),#17391,.T.);
#17391=PLANE('',#17392);
#17392=AXIS2_PLACEMENT_3D('',#604,#17393,#17394);
#17393=DIRECTION('',(0,0,1));
#17394=DIRECTION('',(-0.45764340491812433,0.8891358242332528,0));
#17395=FACE_BOUND('',#17396,.T.);
#17396=EDGE_LOOP('',(#17397,#17398,#17399));
#17397=ORIENTED_EDGE('',*,*,#17400,.T.);
#17398=ORIENTED_EDGE('',*,*,#17401,.T.);
#17399=ORIENTED_EDGE('',*,*,#17402,.T.);
#17400=EDGE_CURVE('',#605,#597,#17403,.F.);
#17401=EDGE_CURVE('',#597,#603,#17404,.T.);
#17402=EDGE_CURVE('',#603,#605,#17405,.T.);
#17403=LINE('',#604,#17406);
#17404=LINE('',#596,#17407);
#17405=LINE('',#602,#17408);
#17406=VECTOR('',#17409,1.0);
#17407=VECTOR('',#17410,1.0);
#17408=VECTOR('',#17411,1.0);
#17409=DIRECTION('',(-0.45764340491812433,0.8891358242332528,0));
#17410=DIRECTION('',(-0.40526370049627886,-0.9141998321264682,0));
#17411=DIRECTION('',(0.9452840242800846,-0.3262485454999734,0));
#17412=FACE_SURFACE('',(#17417),#17413,.T.);
#17413=PLANE('',#17414);
#17414=AXIS2_PLACEMENT_3D('',#608,#17415,#17416);
#17415=DIRECTION('',(0,0,1));
#17416=DIRECTION('',(-0.5712569091106972,0.8207713102888605,0));
#17417=FACE_BOUND('',#17418,.T.);
#17418=EDGE_LOOP('',(#17419,#17420,#17421));
#17419=ORIENTED_EDGE('',*,*,#17422,.T.);
#17420=ORIENTED_EDGE('',*,*,#17423,.T.);
#17421=ORIENTED_EDGE('',*,*,#17424,.T.);
#17422=EDGE_CURVE('',#609,#601,#17425,.F.);
#17423=EDGE_CURVE('',#601,#605,#17426,.T.);
#17424=EDGE_CURVE('',#605,#609,#17427,.T.);
#17425=LINE('',#608,#17428);
#17426=LINE('',#600,#17429);
#17427=LINE('',#604,#17430);
#17428=VECTOR('',#17431,1.0);
#17429=VECTOR('',#17432,1.0);
#17430=VECTOR('',#17433,1.0);
#17431=DIRECTION('',(-0.5712569091106972,0.8207713102888605,0));
#17432=DIRECTION('',(-0.29078848118465433,-0.9567873636343249,0));
#17433=DIRECTION('',(0.9815287175237908,-0.1913148626638883,0));
#17434=FACE_SURFACE('',(#17439),#17435,.T.);
#17435=PLANE('',#17436);
#17436=AXIS2_PLACEMENT_3D('',#770,#17437,#17438);
#17437=DIRECTION('',(0.06142239516896567,-0.9981118621535902,0));
#17438=DIRECTION('',(0.1565738369456049,0.009635332922748341,-0.987619255555297));
#17439=FACE_BOUND('',#17440,.T.);
#17440=EDGE_LOOP('',(#17441,#17442,#17443));
#17441=ORIENTED_EDGE('',*,*,#17444,.T.);
#17442=ORIENTED_EDGE('',*,*,#17445,.T.);
#17443=ORIENTED_EDGE('',*,*,#17446,.T.);
#17444=EDGE_CURVE('',#771,#477,#17447,.F.);
#17445=EDGE_CURVE('',#477,#769,#17448,.T.);
#17446=EDGE_CURVE('',#769,#771,#17449,.T.);
#17447=LINE('',#770,#17450);
#17448=LINE('',#476,#17451);
#17449=LINE('',#768,#17452);
#17450=VECTOR('',#17453,1.0);
#17451=VECTOR('',#17454,1.0);
#17452=VECTOR('',#17455,1.0);
#17453=DIRECTION('',(0.1565738369456049,0.009635332922748341,-0.987619255555297));
#17454=DIRECTION('',(0,0,1));
#17455=DIRECTION('',(-0.9981118621535902,-0.06142239516896568,0));
#17456=FACE_SURFACE('',(#17461),#17457,.T.);
#17457=PLANE('',#17458);
#17458=AXIS2_PLACEMENT_3D('',#480,#17459,#17460);
#17459=DIRECTION('',(-0.1990600612462219,-0.9799872917628323,0));
#17460=DIRECTION('',(0,0,1));
#17461=FACE_BOUND('',#17462,.T.);
#17462=EDGE_LOOP('',(#17463,#17464,#17465));
#17463=ORIENTED_EDGE('',*,*,#17466,.T.);
#17464=ORIENTED_EDGE('',*,*,#17467,.T.);
#17465=ORIENTED_EDGE('',*,*,#17468,.T.);
#17466=EDGE_CURVE('',#481,#773,#17469,.F.);
#17467=EDGE_CURVE('',#773,#777,#17470,.T.);
#17468=EDGE_CURVE('',#777,#481,#17471,.T.);
#17469=LINE('',#480,#17472);
#17470=LINE('',#772,#17473);
#17471=LINE('',#776,#17474);
#17472=VECTOR('',#17475,1.0);
#17473=VECTOR('',#17476,1.0);
#17474=VECTOR('',#17477,1.0);
#17475=DIRECTION('',(0,0,1));
#17476=DIRECTION('',(-0.9799872917628322,0.19906006124622186,0));
#17477=DIRECTION('',(0.15415430546052958,-0.031312615729070244,-0.9875504899518734));
#17478=FACE_SURFACE('',(#17483),#17479,.T.);
#17479=PLANE('',#17480);
#17480=AXIS2_PLACEMENT_3D('',#770,#17481,#17482);
#17481=DIRECTION('',(-0.06142239516896567,-0.9981118621535902,0));
#17482=DIRECTION('',(-0.9981118621535902,0.06142239516896568,0));
#17483=FACE_BOUND('',#17484,.T.);
#17484=EDGE_LOOP('',(#17485,#17486,#17487));
#17485=ORIENTED_EDGE('',*,*,#17488,.T.);
#17486=ORIENTED_EDGE('',*,*,#17489,.T.);
#17487=ORIENTED_EDGE('',*,*,#17490,.T.);
#17488=EDGE_CURVE('',#771,#773,#17491,.F.);
#17489=EDGE_CURVE('',#773,#481,#17492,.T.);
#17490=EDGE_CURVE('',#481,#771,#17493,.T.);
#17491=LINE('',#770,#17494);
#17492=LINE('',#772,#17495);
#17493=LINE('',#480,#17496);
#17494=VECTOR('',#17497,1.0);
#17495=VECTOR('',#17498,1.0);
#17496=VECTOR('',#17499,1.0);
#17497=DIRECTION('',(-0.9981118621535902,0.06142239516896568,0));
#17498=DIRECTION('',(0,0,-1));
#17499=DIRECTION('',(0.1565738369456049,-0.009635332922748341,0.987619255555297));
#17500=FACE_SURFACE('',(#17505),#17501,.T.);
#17501=PLANE('',#17502);
#17502=AXIS2_PLACEMENT_3D('',#670,#17503,#17504);
#17503=DIRECTION('',(0.9799872917628323,0.1990600612462219,0));
#17504=DIRECTION('',(0.19906006124622186,-0.9799872917628322,0));
#17505=FACE_BOUND('',#17506,.T.);
#17506=EDGE_LOOP('',(#17507,#17508,#17509));
#17507=ORIENTED_EDGE('',*,*,#17510,.T.);
#17508=ORIENTED_EDGE('',*,*,#17511,.T.);
#17509=ORIENTED_EDGE('',*,*,#17512,.T.);
#17510=EDGE_CURVE('',#671,#673,#17513,.F.);
#17511=EDGE_CURVE('',#673,#789,#17514,.T.);
#17512=EDGE_CURVE('',#789,#671,#17515,.T.);
#17513=LINE('',#670,#17516);
#17514=LINE('',#672,#17517);
#17515=LINE('',#788,#17518);
#17516=VECTOR('',#17519,1.0);
#17517=VECTOR('',#17520,1.0);
#17518=VECTOR('',#17521,1.0);
#17519=DIRECTION('',(0.19906006124622186,-0.9799872917628322,0));
#17520=DIRECTION('',(-0.031312615729070244,0.15415430546052958,-0.9875504899518734));
#17521=DIRECTION('',(0,0,1));
#17522=FACE_SURFACE('',(#17527),#17523,.T.);
#17523=PLANE('',#17524);
#17524=AXIS2_PLACEMENT_3D('',#672,#17525,#17526);
#17525=DIRECTION('',(0.9799872917628323,0.1990600612462219,0));
#17526=DIRECTION('',(0,0,-1));
#17527=FACE_BOUND('',#17528,.T.);
#17528=EDGE_LOOP('',(#17529,#17530,#17531));
#17529=ORIENTED_EDGE('',*,*,#17532,.T.);
#17530=ORIENTED_EDGE('',*,*,#17533,.T.);
#17531=ORIENTED_EDGE('',*,*,#17534,.T.);
#17532=EDGE_CURVE('',#673,#227,#17535,.F.);
#17533=EDGE_CURVE('',#227,#789,#17536,.T.);
#17534=EDGE_CURVE('',#789,#673,#17537,.T.);
#17535=LINE('',#672,#17538);
#17536=LINE('',#226,#17539);
#17537=LINE('',#788,#17540);
#17538=VECTOR('',#17541,1.0);
#17539=VECTOR('',#17542,1.0);
#17540=VECTOR('',#17543,1.0);
#17541=DIRECTION('',(0,0,-1));
#17542=DIRECTION('',(-0.19906006124622186,0.9799872917628322,0));
#17543=DIRECTION('',(0.031312615729070244,-0.15415430546052958,0.9875504899518734));
#17544=FACE_SURFACE('',(#17549),#17545,.T.);
#17545=PLANE('',#17546);
#17546=AXIS2_PLACEMENT_3D('',#788,#17547,#17548);
#17547=DIRECTION('',(0.9471443168052507,0.3208077978221775,0));
#17548=DIRECTION('',(-0.3208077978221775,0.9471443168052506,0));
#17549=FACE_BOUND('',#17550,.T.);
#17550=EDGE_LOOP('',(#17551,#17552,#17553));
#17551=ORIENTED_EDGE('',*,*,#17554,.T.);
#17552=ORIENTED_EDGE('',*,*,#17555,.T.);
#17553=ORIENTED_EDGE('',*,*,#17556,.T.);
#17554=EDGE_CURVE('',#789,#787,#17557,.F.);
#17555=EDGE_CURVE('',#787,#539,#17558,.T.);
#17556=EDGE_CURVE('',#539,#789,#17559,.T.);
#17557=LINE('',#788,#17560);
#17558=LINE('',#786,#17561);
#17559=LINE('',#538,#17562);
#17560=VECTOR('',#17563,1.0);
#17561=VECTOR('',#17564,1.0);
#17562=VECTOR('',#17565,1.0);
#17563=DIRECTION('',(-0.3208077978221775,0.9471443168052506,0));
#17564=DIRECTION('',(0,0,1));
#17565=DIRECTION('',(0.05057900705329093,-0.14932810051808992,-0.9874932315925828));
#17566=FACE_SURFACE('',(#17571),#17567,.T.);
#17567=PLANE('',#17568);
#17568=AXIS2_PLACEMENT_3D('',#788,#17569,#17570);
#17569=DIRECTION('',(0.9471443168052507,0.3208077978221775,-0));
#17570=DIRECTION('',(-0.05057900705329093,0.14932810051808992,0.9874932315925828));
#17571=FACE_BOUND('',#17572,.T.);
#17572=EDGE_LOOP('',(#17573,#17574,#17575));
#17573=ORIENTED_EDGE('',*,*,#17576,.T.);
#17574=ORIENTED_EDGE('',*,*,#17577,.T.);
#17575=ORIENTED_EDGE('',*,*,#17578,.T.);
#17576=EDGE_CURVE('',#789,#539,#17579,.F.);
#17577=EDGE_CURVE('',#539,#671,#17580,.T.);
#17578=EDGE_CURVE('',#671,#789,#17581,.T.);
#17579=LINE('',#788,#17582);
#17580=LINE('',#538,#17583);
#17581=LINE('',#670,#17584);
#17582=VECTOR('',#17585,1.0);
#17583=VECTOR('',#17586,1.0);
#17584=VECTOR('',#17587,1.0);
#17585=DIRECTION('',(-0.05057900705329093,0.14932810051808992,0.9874932315925828));
#17586=DIRECTION('',(0.3208077978221775,-0.9471443168052506,0));
#17587=DIRECTION('',(0,0,-1));
#17588=FACE_SURFACE('',(#17593),#17589,.T.);
#17589=PLANE('',#17590);
#17590=AXIS2_PLACEMENT_3D('',#786,#17591,#17592);
#17591=DIRECTION('',(0.8974491938179324,0.44111783518187414,-0));
#17592=DIRECTION('',(-0.4411178351818742,0.8974491938179325,0));
#17593=FACE_BOUND('',#17594,.T.);
#17594=EDGE_LOOP('',(#17595,#17596,#17597));
#17595=ORIENTED_EDGE('',*,*,#17598,.T.);
#17596=ORIENTED_EDGE('',*,*,#17599,.T.);
#17597=ORIENTED_EDGE('',*,*,#17600,.T.);
#17598=EDGE_CURVE('',#787,#779,#17601,.F.);
#17599=EDGE_CURVE('',#779,#539,#17602,.T.);
#17600=EDGE_CURVE('',#539,#787,#17603,.T.);
#17601=LINE('',#786,#17604);
#17602=LINE('',#778,#17605);
#17603=LINE('',#538,#17606);
#17604=VECTOR('',#17607,1.0);
#17605=VECTOR('',#17608,1.0);
#17606=VECTOR('',#17609,1.0);
#17607=DIRECTION('',(-0.4411178351818742,0.8974491938179325,0));
#17608=DIRECTION('',(0.06983943081617304,-0.14208752374937575,0.9873872540690627));
#17609=DIRECTION('',(0,0,-1));
ENDSEC;
END-ISO-10303-21;
