# Object Export From Tinkercad Server 2015

mtllib obj.mtl

o obj_0
v 4.39 		-2.23 		7.54
v 4.39 		-2.23 		7.14
v 4.59 		-2.23 		7.14
v 4.59 		-2.23 		7.54
v 4.23 		-2.23 		2.74
v 4.23 		-2.23 		3.14
v 4.151 		0.175 		6.04
v 4.03 		-2.23 		3.14
v 1.843 		-0.93 		7.979
v 1.794 		-0.93 		7.946
v 1.794 		-0.63 		7.946
v 4.03 		-2.23 		2.74
v 1.843 		-0.63 		7.979
v -4.39 		-2.23 		7.54
v -4.59 		-2.23 		7.54
v -4.39 		-2.23 		7.14
v 4.567 		-0.684 		2.052
v -4.59 		-2.23 		7.14
v 1.9 		-0.63 		7.99
v 1.9 		-0.93 		7.99
v -4.03 		-2.23 		3.14
v 4.47 		-0.52 		2.19
v -4.03 		-2.23 		2.74
v -4.47 		0.447 		3.855
v -4.23 		-2.23 		3.14
v -4.23 		-2.23 		2.74
v -4.47 		0.37 		3.87
v 4.564 		-0.632 		2.14
v 4.525 		1.53 		0
v -4.27 		0.37 		3.87
v 1.761 		-0.93 		7.897
v 1.75 		-0.93 		7.84
v 1.75 		-0.63 		7.84
v 1.761 		-0.63 		7.897
v -1.32 		1.93 		5.67
v 4.27 		0.395 		6.14
v 4.525 		-0.12 		0
v 4.253 		0.179 		6.14
v 4.17 		-0.52 		2.19
v 4.17 		-0.597 		2.175
v 3.15 		1.73 		0
v 3.165 		1.654 		0
v 3.209 		1.589 		0
v 4.17 		-0.661 		2.131
v 3.273 		1.545 		0
v 4.17 		-0.705 		2.067
v 4.47 		0.42 		6.14
v 3.35 		1.53 		0
v -4.151 		0.175 		3.97
v 2.127 		1.545 		0
v 2.191 		1.589 		0
v 1.843 		-0.741 		6.701
v 1.9 		-0.73 		6.69
v 2.235 		1.654 		0
v 1.843 		-0.742 		6.702
v 2.25 		1.73 		0
v 2.05 		1.53 		0
v -4.454 		0.165 		3.87
v 4.28 		-1.547 		2.59
v 4.28 		-1.857 		2.653
v 4.28 		-1.967 		2.597
v 3.08 		-0.037 		0
v 1.75 		-0.88 		6.84
v 3.247 		-0.12 		0
v 3.19 		-0.109 		0
v 4.28 		-2.013 		2.59
v 3.008 		-0.023 		0
v 2.915 		-0.04 		0
v -1.296 		1.93 		5.735
v 1.758 		-0.832 		6.792
v 1.41 		-0.109 		0
v 1.353 		-0.12 		0
v 1.52 		-0.037 		0
v -1.582 		1.859 		6.034
v 1.791 		-0.777 		6.737
v 1.592 		-0.023 		0
v 1.685 		-0.04 		0
v 4.28 		-1.614 		2.608
v 1.9 		-0.93 		6.69
v 4.28 		-1.78 		2.665
v -1.605 		1.879 		5.972
v -2.127 		1.545 		0
v 4.28 		-1.703 		2.653
v -2.191 		1.589 		0
v -2.235 		1.654 		0
v 1.843 		-0.93 		6.701
v -2.25 		1.73 		0
v 1.75 		-0.93 		6.84
v -2.05 		1.53 		0
v 4.28 		-2.13 		3.281
v 4.28 		-2.13 		2.599
v -3.165 		1.654 		0
v -3.15 		1.73 		0
v -4.47 		0.511 		3.811
v -3.25 		1.907 		2.42
v -4.33 		0.511 		3.81
v 4.235 		-2.22 		3.187
v -3.209 		1.589 		0
v -3.273 		1.545 		0
v 4.25 		-2.19 		3.242
v 1.761 		-0.93 		6.783
v -4.47 		0.512 		3.811
v 4.238 		-2.213 		2.671
v -3.35 		1.53 		0
v -4.323 		0.506 		3.817
v 1.794 		-0.93 		6.734
v -1.65 		1.896 		5.921
v 4.454 		0.167 		6.14
v -1.71 		1.907 		5.888
v -1.592 		-0.023 		0
v -1.685 		-0.04 		0
v -1.52 		-0.037 		0
v -1.94 		1.907 		5.888
v -1.353 		-0.12 		0
v -1.41 		-0.109 		0
v -1.871 		1.911 		5.876
v -3.008 		-0.023 		0
v 1.75 		-0.63 		6.59
v -2.915 		-0.04 		0
v -3.08 		-0.037 		0
v -2 		1.896 		5.921
v -3.19 		-0.109 		0
v -3.247 		-0.12 		0
v 4.88 		-0.277 		1.702
v -4.525 		1.53 		0
v 4.879 		-0.22 		1.713
v 3.726 		-0.462 		6.04
v 3.877 		-0.337 		6.04
v -2.045 		1.879 		5.972
v 4.885 		-0.37 		1.563
v 4.47 		0.9501 		5.12
v -4.525 		-0.12 		0
v 4.883 		-0.359 		1.621
v 2.441 		2.23 		8.832
v 2.392 		2.23 		8.771
v 4.002 		-0.186 		6.04
v 2.375 		2.23 		8.695
v 2.375 		2.23 		8.27
v 4.881 		-0.326 		1.669
v 1.275 		2.23 		8.27
v 1.275 		2.23 		8.695
v 0.925 		2.23 		8.695
v 1.258 		2.23 		8.771
v 1.209 		2.23 		8.832
v 3.945 		-0.405 		6.14
v 4.095 		-0.008 		6.04
v 4.094 		-0.013 		6.04
v -1.424 		1.93 		5.582
v -1.493 		1.93 		5.57
v -1.364 		1.93 		5.617
v 4.8 		-0.09 		1.7104
v 3.997 		-0.601 		3.29
v 3.98 		-0.73 		3.29
v 4.068 		-0.259 		6.14
v 1.061 		2.23 		8.866
v 0.991 		2.23 		8.832
v 0.942 		2.23 		8.771
v 0 		2.23 		8.866
v -1.275 		2.23 		8.695
v -1.275 		2.23 		8.27
v -0.2 		1.76 		4.77
v -0.2 		1.91 		4.62
v -0.925 		2.23 		8.695
v -0.942 		2.23 		8.771
v -0.991 		2.23 		8.832
v -0.2 		1.25 		4.77
v -4.47 		0.555 		3.413
v -1.061 		2.23 		8.866
v -4.17 		0.555 		3.413
v -1.139 		2.23 		8.866
v -1.209 		2.23 		8.832
v -0.2 		1.25 		4.71
v -1.258 		2.23 		8.771
v -4.47 		0.57 		3.49
v -4.17 		0.57 		3.49
v -2.375 		2.23 		8.27
v -2.375 		2.23 		8.695
v -2.725 		2.23 		8.695
v -2.392 		2.23 		8.771
v -0.2 		1.91 		4.57
v -2.441 		2.23 		8.832
v -2.511 		2.23 		8.866
v -2.589 		2.23 		8.866
v 4.089 		-0.549 		6.14
v 3.934 		-0.682 		6.14
v -2.659 		2.23 		8.832
v -2.708 		2.23 		8.771
v -0.2 		1.9 		4.37
v -3.17 		2.23 		9.87
v 3.76 		-0.788 		6.14
v 2.725 		2.23 		7.926
v 2.71 		2.23 		7.752
v 0.94 		2.23 		7.752
v 0.925 		2.23 		7.926
v 2.354 		2.23 		5.735
v 2.157 		2.23 		5.57
v 2.226 		2.23 		5.582
v -0.219 		1.91 		4.242
v 2.286 		2.23 		5.617
v 2.33 		2.23 		5.67
v 3.585 		-0.646 		6.14
v -0.246 		1.9 		4.277
v 3.799 		-0.528 		6.14
v 1.296 		2.23 		5.735
v 1.32 		2.23 		5.67
v 1.364 		2.23 		5.617
v 1.424 		2.23 		5.582
v 1.493 		2.23 		5.57
v 3.16 		-0.63 		6.04
v 3.162 		2.23 		0.563
v 3.203 		2.23 		0.635
v 3.365 		-0.611 		6.04
v -4.47 		0.37 		3.29
v 3.553 		-0.554 		6.04
v 2.05 		2.23 		0.7
v 4.5 		-0.09 		1.72
v 2.25 		2.23 		0.5
v 2.235 		2.23 		0.576
v 4.58 		-0.09 		1.703
v 2.191 		2.23 		0.641
v 4.5794 		-0.09 		1.72
v 2.127 		2.23 		0.685
v -0.211 		1.81 		4.228
v -0.925 		2.23 		7.926
v -0.94 		2.23 		7.752
v 4.47 		-0.095 		1.72
v -2.725 		2.23 		7.926
v 3.16 		-0.73 		6.14
v -1.296 		2.23 		5.735
v -1.32 		2.23 		5.67
v 4.58 		-0.22 		1.703
v -1.364 		2.23 		5.617
v -1.493 		2.23 		5.57
v -1.424 		2.23 		5.582
v -0.2 		1.93 		4.164
v -2.226 		2.23 		5.582
v 3.361 		-0.713 		6.14
v -2.286 		2.23 		5.617
v 4.17 		-0.095 		1.72
v -0.2 		1.825 		4.17
v -2.257 		2.23 		4.096
v -4.17 		0.37 		3.29
v -2.157 		2.23 		5.57
v -4.47 		0.447 		3.305
v -4.17 		0.447 		3.305
v -4.47 		0.511 		3.349
v -4.17 		0.511 		3.349
v 4.131 		1.129 		4.62
v -2.05 		2.23 		0.7
v -2.127 		2.23 		0.685
v 4.581 		-0.326 		1.659
v -2.191 		2.23 		0.641
v 4.111 		1.196 		4.62
v -2.235 		2.23 		0.576
v -2.25 		2.23 		0.5
v 4.58 		-0.277 		1.691
v -3.165 		2.23 		0.574
v 4.108 		1.587 		9.87
v -0.293 		1.9 		4.308
v 4.222 		1.694 		9.87
v -0.35 		1.9 		4.32
v -0.5 		1.9 		4.32
v -0.268 		1.81 		4.292
v -0.35 		1.81 		4.32
v 3.572 		-0.866 		6.14
v 3.373 		-0.914 		6.14
v 3.16 		-0.93 		6.14
v -0.5 		1.81 		4.32
v 4.585 		-0.37 		1.553
v 2.52 		-0.96 		3.11
v 2.28 		-0.96 		3.11
v 4.583 		-0.359 		1.61
v 4.303 		1.13 		9.87
v 4.239 		1.347 		9.87
v 3.98 		-1.547 		3.29
v 3.98 		-1.857 		3.227
v 3.98 		-1.967 		3.283
v 4.454 		1.133 		9.87
v 4.406 		1.332 		9.87
v 4.366 		1.429 		9.87
v 4.328 		1.52 		9.87
v 4.32 		0.93 		9.87
v 4.47 		0.93 		9.87
v 4.32 		0.37 		9.87
v 3.98 		-2.013 		3.29
v 4.303 		0.17 		9.87
v 4.454 		0.167 		9.87
v 4.47 		0.37 		9.87
v 4.233 		-0.061 		9.87
v 4.108 		-0.287 		9.87
v 4.222 		-0.394 		9.87
v 4.328 		-0.22 		9.87
v 3.98 		-1.614 		3.272
v 4.406 		-0.032 		9.87
v 3.17 		2.08 		9.87
v 3.37 		2.063 		9.87
v 3.76 		2.088 		9.87
v 3.657 		2.131 		9.87
v 3.373 		2.214 		9.87
v 3.572 		2.166 		9.87
v 3.673 		1.959 		9.87
v 3.909 		1.811 		9.87
v 3.976 		1.744 		9.87
v 4.873 		-0.72 		1.9
v 4.089 		1.849 		9.87
v 3.934 		1.982 		9.87
v 3.98 		-1.703 		3.227
v 4.15 		0.94 		4.62
v 3.98 		-1.78 		3.215
v 3.984 		-0.436 		9.87
v 3.827 		-0.568 		9.87
v 3.611 		-0.688 		9.87
v 3.76 		-0.788 		9.87
v 3.934 		-0.682 		9.87
v 4.089 		-0.549 		9.87
v 3.17 		-0.78 		9.87
v 3.37 		-0.763 		9.87
v 4.47 		-0.72 		1.99
v 4.17 		-0.72 		1.99
v 4.15 		0.36 		4.62
v 4.573 		-0.72 		1.89
v -4.082 		0.003 		2.32
v 3.17 		-0.93 		9.87
v 3.373 		-0.914 		9.87
v 3.572 		-0.866 		9.87
v 4.131 		0.171 		4.62
v -3.17 		2.08 		9.87
v -3.37 		2.063 		9.87
v -3.373 		2.214 		9.87
v -3.572 		2.166 		9.87
v -3.669 		2.126 		9.87
v -3.76 		2.088 		9.87
v 3.98 		-0.73 		2.59
v 3.997 		-0.601 		2.59
v 4.047 		-0.48 		2.59
v -3.98 		1.74 		9.87
v -3.909 		1.811 		9.87
v -3.677 		1.958 		9.87
v -3.934 		1.982 		9.87
v -4.089 		1.849 		9.87
v -3.984 		-0.436 		9.87
v -3.17 		-0.78 		9.87
v -3.37 		-0.763 		9.87
v -4.564 		1.442 		2.14
v -3.17 		-0.93 		9.87
v 4.902 		-0.37 		1.064
v -4.589 		1.353 		2.223
v -3.572 		-0.866 		9.87
v -3.373 		-0.914 		9.87
v -3.611 		-0.688 		9.87
v -3.827 		-0.568 		9.87
v -4.089 		-0.549 		9.87
v -3.934 		-0.682 		9.87
v -3.76 		-0.788 		9.87
v -4.303 		1.13 		9.87
v -4.23 		1.369 		9.87
v -4.108 		1.587 		9.87
v 4.078 		-0.004 		2.32
v 4.8 		-0.09 		1.47
v -4.454 		1.133 		9.87
v 3.999 		-0.16 		2.32
v 3.887 		-0.304 		2.32
v 3.868 		-0.321 		2.32
v -4.328 		1.52 		9.87
v -4.371 		1.418 		9.87
v 4.786 		-0.09 		1.366
v -4.222 		1.694 		9.87
v 3.75 		-0.425 		2.32
v -4.406 		1.332 		9.87
v -4.32 		0.93 		9.87
v -4.47 		0.93 		9.87
v 4.746 		-0.09 		1.27
v -4.32 		0.37 		9.87
v -4.303 		0.17 		9.87
v -4.454 		0.167 		9.87
v -4.233 		-0.061 		9.87
v 4.683 		-0.09 		1.187
v -4.108 		-0.287 		9.87
v -4.406 		-0.032 		9.87
v -4.328 		-0.22 		9.87
v -4.222 		-0.394 		9.87
v 3.75 		-0.96 		2.32
v -4.604 		1.243 		2.275
v 4.5 		-0.09 		1.47
v 4.471 		-0.09 		1.399
v 2.52 		-0.96 		2.99
v 2.28 		-0.96 		2.99
v 2.68 		-0.96 		2.29
v 2.68 		-0.96 		2.41
v 2.92 		-0.96 		2.29
v 2.92 		-0.96 		2.41
v 4.151 		1.125 		9.72
v 4.184 		-0.09 		1.036
v 4.224 		-0.09 		1.133
v 4.287 		-0.09 		1.216
v 4.33 		-0.452 		7.69
v 4.62 		-0.375 		7.69
v 4.222 		-0.394 		7.99
v 4.328 		-0.22 		7.99
v 4.602 		-0.37 		1.053
v 4.406 		-0.032 		7.99
v -4.867 		1.494 		2.063
v -4.864 		1.442 		2.15
v 4.34 		-0.53 		7.69
v -4.834 		1.353 		2.231
v 4.64 		-0.53 		7.69
v -4.815 		1.243 		2.282
v -0.65 		1.9 		4.17
v -0.557 		1.9 		4.309
v -0.606 		1.9 		4.276
v -0.639 		1.9 		4.227
v -2.25 		2.084 		0.146
v -2.25 		2.163 		0.25
v -2.25 		2.213 		0.371
v -4.809 		1.13 		2.298
v -4.609 		1.13 		2.291
v -0.65 		1.81 		4.17
v -0.639 		1.81 		4.227
v -0.606 		1.81 		4.276
v -0.557 		1.81 		4.309
v 4.34 		-1.547 		7.69
v 4.64 		-1.547 		7.69
v 4.34 		-1.967 		7.683
v 4.64 		-1.967 		7.683
v 4.34 		-2.013 		7.69
v -0.2 		1.39 		4.57
v 4.17 		0.93 		9.72
v -1.05 		1.91 		4.37
v -1.05 		1.9 		4.37
v -0.2 		0.05 		4.77
v -0.2 		0.05 		4.72
v -3.263 		2.227 		0.68
v 4.17 		0.37 		9.72
v 3.98 		-1.547 		2.59
v 3.98 		-1.947 		2.608
v -3.35 		2.218 		0.7
v 3.98 		-1.857 		2.653
v 4.151 		0.175 		9.72
v 3.98 		-2.047 		2.59
v 4.907 		-0.22 		0.914
v -3.209 		2.229 		0.642
v 4.64 		-1.857 		7.627
v 4.64 		-1.614 		7.672
v 3.98 		-1.614 		2.608
v 4.64 		-1.78 		7.615
v 4.608 		-0.22 		0.903
v 3.98 		-1.78 		2.665
v 4.64 		-1.703 		7.627
v 3.98 		-1.703 		2.653
v -2.33 		2.23 		5.67
v -2.354 		2.23 		5.735
v 4.34 		-1.857 		7.627
v 4.34 		-1.614 		7.672
v 4.34 		-1.78 		7.615
v 4.907 		-0.277 		0.925
v 4.906 		-0.326 		0.958
v 4.34 		-1.703 		7.627
v 3.98 		-2.13 		3.281
v 4.025 		-2.22 		3.187
v 4.01 		-2.19 		3.242
v 4.34 		-1.024 		6.996
v 2.52 		-2.13 		3.11
v 2.28 		-2.13 		3.11
v 4.34 		-1.022 		6.756
v 3.98 		-2.13 		2.599
v 4.34 		-0.988 		6.938
v 4.022 		-2.213 		2.671
v 4.34 		-0.981 		6.871
v 2.52 		-2.13 		2.99
v 4.904 		-0.359 		1.006
v 2.28 		-2.13 		2.99
v 2.68 		-2.13 		2.29
v 2.68 		-2.13 		2.41
v 4.64 		-1.024 		6.996
v 2.92 		-2.13 		2.29
v 2.92 		-2.13 		2.41
v 4.64 		-0.988 		6.938
v 4.64 		-0.981 		6.871
v 4.33 		-0.452 		6.44
v 4.62 		-0.375 		6.44
v 2.973 		-0.63 		6.113
v 4.34 		-0.88 		6.44
v 4.34 		-0.53 		6.44
v 3.054 		-0.63 		6.059
v 4.34 		-1.019 		6.533
v 4.34 		-0.986 		6.484
v 1.049 		-0.73 		3.87
v 4.076 		-0.011 		4.62
v 3.986 		-0.179 		4.62
v 4.078 		-0.005 		4.62
v 1.109 		-0.61 		3.859
v 4.34 		-0.937 		6.451
v 4.64 		-0.53 		6.44
v 1.175 		-0.73 		3.87
v 4.64 		-0.88 		6.44
v 4.64 		-1.019 		6.533
v 3.862 		-0.096 		4.77
v 4.64 		-0.986 		6.484
v 4.918 		-0.32 		0.6
v 4.618 		-0.32 		0.589
v 4.64 		-0.937 		6.451
v 1.175 		-0.61 		3.87
v 4.64 		-1.149 		7.039
v 4.64 		-1.233 		7.006
v 4.34 		-1.233 		7.006
v 4.34 		-1.149 		7.039
v 4.64 		-1.296 		6.99
v 4.34 		-1.296 		6.99
v -4.17 		0.938 		2.064
v -4.17 		0.956 		2.069
v -2.068 		2.143 		6.129
v 4.64 		-1.082 		7.032
v 4.34 		-1.082 		7.032
v 3.866 		-0.326 		4.62
v 4.62 		-0.184 		0.536
v 4.92 		-0.184 		0.546
v 3.869 		-0.322 		4.62
v 4.64 		-1.027 		6.746
v 4.919 		-0.247 		0.586
v 4.64 		-1.547 		6.99
v 4.64 		-1.857 		7.053
v 2.708 		2.23 		8.771
v 4.64 		-1.947 		7.008
v 4.64 		-2.013 		6.99
v 4.64 		-1.614 		7.008
v 4.619 		-0.247 		0.576
v 3.719 		-0.447 		4.62
v 4.64 		-1.78 		7.065
v 4.64 		-1.703 		7.053
v 3.636 		-0.322 		4.77
v 4.34 		-1.547 		6.99
v -4.467 		1.012 		2.067
v 4.34 		-1.947 		7.008
v 4.34 		-1.857 		7.053
v -4.47 		0.946 		2.066
v 4.34 		-2.047 		6.99
v 1.175 		-0.96 		3.87
v 1.099 		-0.96 		3.855
v 2.659 		2.23 		8.832
v 3.494 		-0.398 		4.77
v 1.049 		-0.93 		3.87
v 2.589 		2.23 		8.866
v 3.18 		-0.46 		4.77
v 1.175 		-0.93 		3.87
v 2.511 		2.23 		8.866
v 1.05 		-0.61 		3.826
v 1.05 		-0.6 		3.826
v 2.375 		2.226 		8.2
v 1.48 		-0.96 		3.11
v 1.72 		-0.96 		3.11
v 2.725 		2.23 		8.695
v -2.068 		1.859 		6.034
v 0.65 		-0.51 		4.02
v 3.551 		-0.536 		4.62
v 0.557 		-0.51 		3.881
v 0.606 		-0.51 		3.914
v 0.639 		-0.51 		3.963
v -4.15 		0.36 		2.32
v -4.133 		0.178 		2.32
v 0.2 		-0.51 		3.87
v 3.369 		-0.591 		4.62
v 0.2 		-0.51 		4.02
v -2.33 		1.93 		5.67
v 0.2 		-0.512 		3.87
v -2.354 		1.93 		5.735
v 0.2 		-0.512 		4.02
v 3.553 		-0.535 		4.62
v 3.18 		-0.61 		4.62
v -3.684 		2.124 		0.7
v -3.52 		2.182 		0.7
v 0.211 		-0.51 		3.963
v 0.244 		-0.51 		3.914
v 0.293 		-0.51 		3.881
v 0.35 		-0.51 		3.87
v 0.5 		-0.51 		3.87
v -4.195 		1.73 		1.82
v 0.958 		-0.63 		3.953
v 0.96 		-0.63 		3.953
v 0.977 		-0.73 		3.852
v -4.28 		1.606 		1.97
v -2.286 		1.93 		5.617
v -2.226 		1.93 		5.582
v -2.157 		1.93 		5.57
v -4.237 		1.673 		1.947
v -3.15 		2.084 		0.146
v -3.15 		2.163 		0.25
v -4.215 		1.704 		1.914
v -3.15 		2.213 		0.371
v 0.65 		-0.6 		4.02
v 0.557 		-0.6 		3.881
v 0.606 		-0.6 		3.914
v 0.639 		-0.6 		3.963
v 0.977 		-0.93 		3.852
v 4.34 		-1.614 		7.008
v 4.34 		-1.78 		7.065
v 4.34 		-1.703 		7.053
v 0.999 		-0.6 		3.76
v 4.64 		-1.03 		6.59
v 4.34 		-1.03 		6.59
v 0.923 		-0.73 		3.802
v 0.788 		-0.63 		3.716
v 0.825 		-0.63 		3.831
v 4.34 		-2.13 		7.681
v 4.64 		-2.08 		7.69
v 3.726 		1.762 		9.72
v 3.873 		1.64 		9.72
v 4.64 		-2.13 		7.681
v 4.34 		-2.13 		6.999
v 4.64 		-2.13 		6.999
v 4.595 		-2.22 		7.587
v 4.385 		-2.22 		7.587
v 4.61 		-2.19 		7.642
v 4.37 		-2.19 		7.642
v -4.352 		1.4524 		1.97
v 4.17 		-0.095 		0.933
v 4.17 		-0.09 		0.933
v 4.47 		-0.09 		0.933
v 4.499 		-0.09 		1.004
v -4.352 		1.35 		1.97
v 4.47 		-0.095 		0.933
v 0.879 		-0.73 		3.662
v 4.607 		-0.277 		0.915
v 0.835 		-0.73 		3.603
v 4.604 		-0.359 		0.996
v 4.606 		-0.326 		0.947
v -4.568 		1.498 		2.042
v 0.975 		-0.61 		3.62
v 0.975 		-0.6 		3.62
v 0.7 		-0.63 		3.65
v 0.742 		-0.63 		3.66
v -4.5 		1.35 		1.97
v -4.5 		1.407 		1.959
v -4.5 		1.456 		1.926
v -4.4 		1.35 		1.97
v -4.573 		1.53 		1.89
v 0.99 		-0.96 		3.746
v 0.975 		-0.96 		3.67
v 4.911 		-0.72 		0.8
v 1.05 		-0.6 		4.37
v 0.923 		-0.93 		3.802
v 0.879 		-0.93 		3.662
v 4.612 		-0.72 		0.789
v 1.05 		-0.61 		4.37
v 0.835 		-0.93 		3.603
v -4.5 		1.5 		1.82
v 0.5 		-0.6 		3.87
v 0.35 		-0.6 		3.87
v 4.918 		-0.52 		0.6
v 4.618 		-0.52 		0.589
v 4.918 		-0.597 		0.615
v 0.293 		-0.6 		3.881
v 4.616 		-0.661 		0.648
v 4.916 		-0.661 		0.659
v 4.914 		-0.705 		0.723
v 0.2 		-0.46 		4.77
v 0.2 		-0.61 		4.62
v -4.165 		1.031 		2.044
v 0.2 		-0.6 		4.02
v 0.2 		-0.564 		4.02
v 0.557 		-0.51 		4.309
v 4.614 		-0.705 		0.713
v 0.639 		-0.51 		4.227
v 0.65 		-0.51 		4.17
v 0.606 		-0.51 		4.276
v 0.2 		-0.1 		4.57
v 0.211 		-0.6 		3.963
v 0.244 		-0.6 		3.914
v 0.2 		-0.603 		3.87
v 0.2 		-0.63 		3.877
v 0.2 		-0.6 		3.882
v 0.2 		-0.6 		3.87
v -3.958 		1.545 		1.82
v 4.618 		-0.597 		0.605
v 0.35 		-0.51 		4.32
v 0.5 		-0.51 		4.32
v 0.268 		-0.51 		4.292
v 0.211 		-0.51 		4.228
v 3.17 		1.93 		9.72
v -4.15 		1.128 		1.975
v -3.961 		1.542 		1.854
v 3.546 		1.856 		9.72
v 3.553 		1.854 		9.72
v 3.365 		1.911 		9.72
v -4.137 		1.1 		1.97
v -4.142 		1.166 		1.97
v 4.196 		-0.675 		0.524
v 4.17 		-0.714 		0.6
v -4.142 		1.066 		1.966
v 4.445 		-0.675 		0.524
v 4.47 		-0.714 		0.6
v 4.47 		-0.72 		0.65
v 4.17 		-0.72 		0.65
v 0.975 		-0.96 		3.52
v 0.773 		-0.73 		3.564
v 0.7 		-0.73 		3.55
v 0.773 		-0.93 		3.564
v 0.7 		-0.93 		3.55
v -4.5 		1.1 		1.97
v 4.093 		1.315 		9.72
v 4.002 		1.486 		9.72
v 4.925 		-0.12 		0.4
v 4.911 		-0.12 		0.297
v 0.975 		-0.76 		3.52
v 4.094 		1.313 		9.72
v 4.925 		-0.12 		0.407
v 4.622 		-0.139 		0.476
v 4.625 		-0.12 		0.4
v 0.925 		-0.96 		3.11
v 0.68 		-0.96 		3.11
v 0 		-0.96 		3.52
v 4.608 		-0.12 		0.344
v 4.382 		-2.213 		7.071
v 4.598 		-2.213 		7.071
v 1.48 		-0.96 		2.99
v 1.72 		-0.96 		2.99
v 4.922 		-0.139 		0.486
v 4.328 		-0.22 		6.14
v 4.222 		-0.394 		6.14
v 4.406 		-0.032 		6.14
v 4.871 		-0.12 		0.2
v 1.08 		-0.96 		2.29
v 1.08 		-0.96 		2.41
v 1.32 		-0.96 		2.29
v 4.808 		-0.12 		0.117
v 1.32 		-0.96 		2.41
v 4.725 		-0.12 		0.054
v 4.195 		-0.026 		6.14
v 4.629 		-0.12 		0.014
v 0.925 		-0.96 		2.99
v 0.68 		-0.96 		2.99
v 0.28 		-0.96 		2.29
v 0.28 		-0.96 		2.41
v 0.52 		-0.96 		2.29
v 0.52 		-0.96 		2.41
v 4.525 		-0.12 		0.3
v 4.578 		-0.12 		0.317
v 2.36 		2.177 		7.784
v 0.925 		-2.13 		3.11
v 0.68 		-2.13 		3.11
v 4.15 		-0.96 		0.37
v 4.22 		-0.52 		0.45
v 4.213 		-0.608 		0.47
v 0.639 		-0.6 		4.227
v 0.65 		-0.6 		4.17
v 0.606 		-0.6 		4.276
v 2.048 		1.93 		9.72
v 0.557 		-0.6 		4.309
v 2.708 		1.93 		8.771
v 4.42 		-0.52 		0.45
v 2.659 		1.93 		8.832
v 4.427 		-0.608 		0.47
v 2.589 		1.93 		8.866
v 2.511 		1.93 		8.866
v 2.441 		1.93 		8.832
v 2.392 		1.93 		8.771
v -3.034 		1.236 		4.77
v -2.925 		1.25 		4.77
v -3.999 		1.489 		1.947
v -4.042 		1.42 		1.97
v 0 		-0.6 		4.37
v 2.375 		1.93 		8.27
v 2.375 		1.93 		8.695
v 2.725 		1.93 		8.695
v 0.2 		-0.61 		4.57
v 3.082 		0.342 		9.043
v 3.077 		0.375 		9.087
v 3.072 		0.33 		9.027
v 0.35 		-0.6 		4.32
v 0.5 		-0.6 		4.32
v -3.551 		1.836 		4.62
v 0.294 		-0.6 		4.309
v 3.077 		0.925 		9.087
v 3.083 		0.956 		9.046
v -3.18 		1.91 		4.62
v -3.369 		1.891 		4.62
v -4.002 		1.456 		1.926
v -4.454 		1.133 		1.988
v 3.074 		0.969 		9.029
v 0.219 		-0.61 		4.242
v -3.427 		1.874 		4.62
v -4.441 		1.203 		1.97
v 0.246 		-0.6 		4.277
v -4.004 		1.452 		1.93
v 3.252 		0.925 		8.658
v 3.244 		0.925 		8.698
v 3.26 		0.925 		8.619
v 0.2 		-0.63 		4.164
v -4.077 		1.35 		1.97
v 3.23 		0.96 		8.692
v 3.209 		0.975 		8.634
v -4.051 		1.367 		1.968
v 3.24 		0.944 		8.696
v 3.242 		0.936 		8.697
v 3.257 		0.936 		8.619
v -4.031 		1.405 		1.96
v -3.975 		1.523 		1.907
v -3.972 		1.5 		1.82
v 1.48 		-2.13 		3.11
v 2.36 		1.879 		7.819
v 1.72 		-2.13 		3.11
v 3.32 		0.725 		8.235
v 3.308 		0.725 		8.303
v 2.725 		1.93 		7.926
v 2.71 		1.93 		7.752
v -3.982 		1.486 		1.883
v -3.99 		1.473 		1.905
v 3.26 		0.57 		8.435
v 3.308 		0.57 		8.303
v 3.26 		0.725 		8.435
v 3.32 		0.57 		8.235
v 3.208 		0.975 		8.128
v 3.196 		0.975 		8.103
v 3.247 		0.958 		8.138
v 3.257 		0.941 		8.138
v -4.583 		1.169 		1.61
v -4.585 		1.18 		1.553
v 3.21 		0.325 		8.619
v 3.235 		0.332 		8.619
v -4.581 		1.136 		1.659
v 3.244 		0.341 		8.619
v 3.254 		0.353 		8.619
v 3.26 		0.375 		8.619
v 3.26 		0.925 		8.138
v -4.58 		1.087 		1.691
v 3.224 		0.959 		8.08
v -4.58 		1.03 		1.703
v -3.175 		1.91 		1.524
v -3.25 		1.907 		1.523
v 3.253 		0.925 		8.102
v 3.24 		0.357 		8.696
v 4.17 		0.57 		3.97
v 3.114 		0.975 		8.042
v 3.097 		0.958 		7.946
v 3.138 		0.958 		8.013
v 4.397 		0.556 		3.743
v 1.08 		-2.13 		2.29
v 1.08 		-2.13 		2.41
v 1.32 		-2.13 		2.29
v 1.32 		-2.13 		2.41
v 4.47 		0.57 		3.67
v 1.48 		-2.13 		2.99
v 1.72 		-2.13 		2.99
v 3.22 		0.925 		8.06
v 0.925 		-2.13 		2.99
v 0.52 		-2.13 		2.41
v 3.108 		0.925 		7.942
v 0.28 		-2.13 		2.41
v 0.28 		-2.13 		2.29
v 0.52 		-2.13 		2.29
v 0.68 		-2.13 		2.99
v 4.395 		0.555 		3.745
v -4.873 		1.53 		1.9
v 4.335 		0.517 		3.805
v 3.872 		-0.96 		1.878
v 4.47 		0.555 		3.746
v 3.819 		-1.01 		1.866
v 4.47 		0.555 		3.745
v -3.494 		1.698 		4.77
v 3.757 		-0.96 		1.98
v -4.885 		1.18 		1.563
v -3.18 		1.76 		4.77
v 3.745 		-1.01 		1.934
v -3.34 		1.744 		4.77
v -4.883 		1.169 		1.621
v -4.881 		1.136 		1.669
v 4.47 		0.512 		3.811
v 3.6 		-0.96 		2.025
v 3.65 		-1.01 		1.97
v -4.88 		1.087 		1.702
v 3.924 		-0.96 		1.673
v 3.898 		-0.96 		1.569
v 3.846 		-1.01 		1.577
v 4.29 		0.458 		3.85
v 4.47 		0.447 		3.854
v 4.47 		0.447 		3.855
v 3.147 		0.925 		8.004
v 4.47 		0.37 		3.87
v 4.287 		0.447 		3.853
v 4.27 		0.37 		3.87
v -3.866 		1.626 		4.62
v -4.879 		1.03 		1.713
v 3.915 		-0.96 		1.78
v 3.874 		-1.01 		1.675
v -3.719 		1.747 		4.62
v 4.17 		0.37 		3.97
v 3.864 		-1.01 		1.775
v 3.234 		0.725 		8.071
v 3.234 		0.57 		8.071
v 3.575 		-1.01 		1.97
v 3.486 		-0.96 		2.003
v -3.135 		1.194 		4.77
v -3.222 		1.127 		4.77
v 3.26 		0.725 		8.138
v -3.289 		1.04 		4.77
v 3.26 		0.57 		8.138
v 3.387 		-0.96 		1.942
v 3.455 		-1.01 		1.934
v 4.254 		0.185 		3.87
v 4.454 		0.165 		3.87
v 4.151 		0.175 		3.97
v 3.38 		-1.01 		1.866
v -4.076 		1.311 		4.62
v 3.276 		-0.96 		1.673
v 3.285 		-0.96 		1.78
v 3.244 		0.375 		8.698
v 3.335 		-1.01 		1.775
v 3.223 		0.334 		8.689
v 4.33 		0.511 		3.81
v 3.248 		0.35 		8.658
v 4.47 		0.511 		3.811
v 3.326 		-1.01 		1.675
v 3.354 		-1.01 		1.577
v 3.739 		-0.96 		1.409
v 3.613 		-0.96 		1.379
v 3.6 		-1.01 		1.425
v 3.699 		-1.01 		1.444
v 4.17 		0.555 		3.413
v 4.47 		0.555 		3.413
v 2.921 		0.475 		9.22
v 4.17 		0.57 		3.49
v 4.47 		0.57 		3.49
v 2.921 		0.825 		9.22
v 3.834 		-0.96 		1.476
v 3.785 		-1.01 		1.497
v 2.984 		0.835 		9.206
v 3.038 		0.867 		9.164
v 3.051 		0.975 		9.02
v 3.142 		-0.96 		1.32
v 3.477 		-0.96 		1.403
v -3.986 		1.479 		4.62
v 4.17 		0.37 		3.29
v -3.97 		1.499 		4.62
v 4.47 		0.37 		3.29
v 3.385 		-0.96 		1.461
v -3.958 		1.546 		1.25
v 4.17 		0.447 		3.305
v 4.47 		0.447 		3.305
v -3.949 		1.557 		1.17
v 4.17 		0.511 		3.349
v -3.758 		1.521 		4.77
v 4.47 		0.511 		3.349
v 3.415 		-1.01 		1.497
v -3.25 		1.1 		1.32
v -3.25 		1.4 		1.32
v 3.501 		-1.01 		1.444
v 2.65 		-0.96 		1.646
v 2.65 		-1.024 		1.596
v 2.85 		-1.024 		1.596
v 2.85 		-0.96 		1.646
v 2.15 		-0.96 		1.646
v 2.15 		-1.024 		1.596
v 2.35 		-1.024 		1.596
v 2.35 		-0.96 		1.646
v -2.05 		1.93 		0.7
v -2.127 		1.93 		0.685
v -2.191 		1.93 		0.641
v 3.051 		0.325 		9.02
v -2.235 		1.93 		0.576
v -3.984 		1.1 		4.77
v -3.937 		1.255 		4.77
v -2.25 		1.93 		0.5
v -2.25 		1.915 		0.424
v -2.25 		1.807 		0.315
v -2.25 		1.871 		0.359
v 3.031 		0.437 		9.17
v 3.32 		0.725 		8.02
v 4.867 		1.494 		2.063
v 3.108 		0.725 		7.942
v 2.984 		0.465 		9.206
v 4.609 		1.13 		2.291
v 3.197 		0.725 		7.96
v -2.25 		1.73 		0.3
v 4.809 		1.13 		2.298
v 4.815 		1.243 		2.282
v -2.127 		1.545 		0.3
v -2.191 		1.589 		0.3
v 4.834 		1.353 		2.231
v 3.313 		0.725 		7.995
v 3.295 		0.725 		7.977
v 3.257 		0.725 		7.97
v 3.147 		0.725 		8.004
v -2.235 		1.654 		0.3
v 4.864 		1.442 		2.15
v 2.615 		1 		8.67
v 2.885 		1 		8.67
v 2.885 		0.975 		8.695
v -4.195 		1.73 		1.25
v -4.18 		1.748 		1.142
v 2.615 		0.975 		8.695
v 2.385 		0.975 		8.195
v 2.115 		0.975 		8.195
v -2.25 		1.859 		0.017
v -2.25 		1.98 		0.067
v 2.615 		0.3 		8.67
v 2.885 		0.3 		8.67
v 2.885 		0.325 		8.695
v 2.615 		0.325 		8.695
v 3.32 		0.57 		8.02
v 3.161 		0.57 		7.94
v 2.385 		0.325 		8.195
v 3.295 		0.57 		7.977
v 3.108 		0.57 		7.941
v 3.146 		0.57 		8.004
v 3.313 		0.57 		7.995
v 2.85 		-0.96 		1.024
v 2.85 		-0.96 		1.32
v 2.115 		0.325 		8.195
v 2.65 		-0.96 		1.024
v 2.65 		-0.96 		1.32
v 2.35 		-0.96 		1.024
v 2.35 		-0.96 		1.32
v 2.15 		-0.96 		1.024
v 2.15 		-0.96 		1.32
v 3.25 		1.907 		2.42
v 3.692 		-1.481 		1.922
v -4.902 		1.18 		1.064
v 3.088 		0.95 		7.87
v 3.77 		-1.481 		1.87
v 3.081 		0.957 		7.87
v -4.602 		1.18 		1.053
v 3.822 		-1.481 		1.792
v 3.6 		-1.481 		1.94
v 3.095 		0.925 		7.87
v -4.17 		0.882 		2.032
v -4.17 		0.848 		1.988
v 3.677 		-1.13 		1.96
v 1.139 		2.23 		8.866
v 3.146 		0.725 		7.928
v 3.106 		0.725 		7.877
v 3.095 		0.725 		7.82
v -4.148 		1.001 		1.931
v -2.925 		0.05 		4.77
v -2.05 		1.53 		0.3
v -3.034 		0.064 		4.77
v -4 		0.94 		4.77
v 4.082 		0.003 		2.32
v -3.345 		0.83 		4.77
v -3.331 		0.939 		4.77
v 1.035 		1.91 		3.643
v 1.05 		1.91 		3.72
v 1.05 		1.9 		3.72
v 1.035 		1.9 		3.643
v -3.331 		0.361 		4.77
v -3.345 		0.47 		4.77
v 0.65 		1.9 		4.02
v -3.289 		0.26 		4.77
v 0.557 		1.9 		3.881
v 0.606 		1.9 		3.914
v 0.639 		1.9 		3.963
v -3.222 		0.173 		4.77
v 0.65 		1.81 		4.02
v 0.639 		1.81 		3.963
v 0.606 		1.81 		3.914
v 0.557 		1.81 		3.881
v 4.564 		1.442 		2.14
v -3.135 		0.106 		4.77
v 4.589 		1.353 		2.223
v -3.938 		0.046 		4.77
v -4 		0.36 		4.77
v 0.5 		1.9 		3.87
v 0.35 		1.9 		3.87
v 0.293 		1.9 		3.881
v -1.024 		-0.93 		8.192
v 0.5 		1.81 		3.87
v 0.35 		1.81 		3.87
v 0.293 		1.81 		3.881
v -1.9 		-0.93 		7.99
v -1.9 		-0.63 		7.99
v -1.843 		-0.93 		7.979
v -1.843 		-0.63 		7.979
v 0.2 		1.9 		4.02
v -1.794 		-0.93 		7.946
v -1.794 		-0.63 		7.946
v 4.466 		1.027 		2.063
v 0.2 		1.864 		4.02
v 0.2 		1.81 		4.02
v -1.761 		-0.63 		7.897
v -1.761 		-0.93 		7.897
v -1.75 		-0.93 		7.84
v -1.75 		-0.63 		7.84
v 0.2 		1.93 		3.877
v 3.819 		-1.13 		1.866
v 3.745 		-1.13 		1.934
v 4.604 		1.243 		2.275
v 0.211 		1.9 		3.963
v 0.244 		1.9 		3.914
v 0.244 		1.81 		3.914
v 0.211 		1.81 		3.963
v 0.2 		1.903 		3.87
v 0.2 		1.9 		3.882
v 0.2 		1.9 		3.87
v -1.845 		-0.743 		6.703
v -1.9 		-0.73 		6.69
v 0.2 		1.81 		3.87
v -1.799 		-0.77 		6.73
v -1.764 		-0.817 		6.777
v 0.85 		1.91 		3.52
v 0.926 		1.91 		3.535
v 3.84 		-1.481 		1.7
v 0.991 		1.91 		3.579
v 3.822 		-1.481 		1.608
v 0.991 		1.9 		3.579
v 0.926 		1.9 		3.535
v 0.85 		1.9 		3.52
v -1.763 		-0.822 		6.783
v -1.75 		-0.88 		6.84
v -1.75 		-0.93 		6.84
v 0.119 		1.91 		3.357
v 0 		1.91 		3.375
v -1.843 		-0.93 		6.701
v 3.864 		-1.13 		1.775
v -1.9 		-0.93 		6.69
v 3.874 		-1.13 		1.675
v 3.846 		-1.13 		1.577
v 0 		1.81 		3.37
v 0.118 		1.81 		3.352
v -1.761 		-0.93 		6.783
v 0.377 		1.91 		3.118
v 3.378 		-1.481 		1.792
v 0.317 		1.91 		3.223
v 3.43 		-1.481 		1.87
v 3.508 		-1.481 		1.922
v 3.38 		-1.13 		1.866
v 3.455 		-1.13 		1.934
v -4.147 		1.02 		1.947
v 3.575 		-1.13 		1.97
v -1.75 		-0.63 		6.59
v -4.17 		0.832 		1.908
v -4.17 		0.846 		1.854
v 3.378 		-1.481 		1.608
v 3.36 		-1.481 		1.7
v -4.15 		0.95 		1.82
v -4.15 		0.954 		1.854
v -4.094 		-0.013 		7.99
v 3.354 		-1.13 		1.577
v -4.002 		-0.186 		7.99
v -3.877 		-0.337 		7.99
v 3.326 		-1.13 		1.675
v 3.098 		0.572 		7.868
v 3.335 		-1.13 		1.775
v -3.726 		-0.462 		7.99
v -3.17 		-0.93 		7.99
v -3.373 		-0.914 		7.99
v -3.572 		-0.866 		7.99
v -3.17 		-0.63 		7.99
v 3.678 		-1.58 		1.538
v 3.741 		-1.58 		1.588
v -4.47 		0.882 		2.032
v 3.772 		-1.58 		1.727
v 3.741 		-1.58 		1.812
v 3.678 		-1.58 		1.862
v 3.6 		-1.58 		1.88
v -3.553 		-0.554 		7.99
v -3.365 		-0.611 		7.99
v 3.144 		0.325 		8.069
v -4.47 		0.848 		1.988
v 3.182 		0.325 		8.093
v -4.089 		-0.549 		7.99
v 3.223 		0.34 		8.081
v -4.47 		0.832 		1.908
v -3.76 		-0.788 		7.99
v -3.934 		-0.682 		7.99
v -4.47 		0.846 		1.854
v -2.907 		-0.73 		6.679
v 3.234 		0.375 		8.071
v 0.313 		1.81 		3.219
v -2.85 		-0.73 		6.69
v 3.428 		-1.58 		1.727
v 3.459 		-1.58 		1.588
v 3.235 		0.332 		8.138
v 3.204 		0.325 		8.121
v -2.907 		-0.93 		6.679
v 3.253 		0.375 		8.102
v -2.85 		-0.93 		6.69
v 3.253 		0.35 		8.138
v 3.522 		-1.58 		1.862
v 3.459 		-1.58 		1.812
v 3.522 		-1.58 		1.538
v 1.275 		1.928 		8.235
v 1.275 		1.93 		8.27
v 1.275 		1.93 		8.695
v 1.258 		1.93 		8.771
v 1.209 		1.93 		8.832
v -4.5 		0.95 		1.82
v 1.139 		1.93 		8.866
v -4.5 		0.978 		1.902
v -3 		-0.73 		6.54
v -2.9 		-0.63 		6.54
v 0.372 		1.81 		3.116
v -3 		-0.93 		6.54
v -2.872 		-0.63 		6.584
v -2.956 		-0.73 		6.646
v -2.989 		-0.73 		6.597
v -2.85 		-0.63 		6.59
v 0.228 		1.91 		3.305
v 3.77 		-1.481 		1.53
v -2.956 		-0.93 		6.646
v 3.692 		-1.481 		1.478
v 3.26 		0.375 		8.138
v -2.989 		-0.93 		6.597
v -4.17 		0.892 		1.791
v -4.47 		0.896 		1.785
v 3.6 		-1.481 		1.46
v -4.17 		0.93 		1.696
v 3.785 		-1.13 		1.497
v -4.47 		0.93 		1.696
v -3 		-0.73 		6.29
v -2.9 		-0.63 		6.29
v 3.699 		-1.13 		1.444
v 3.6 		-1.13 		1.425
v -3.044 		-0.73 		6.184
v -2.919 		-0.63 		6.194
v -3.011 		-0.73 		6.233
v 4.47 		0.963 		2.069
v 3.508 		-1.481 		1.478
v 4.468 		1.01 		2.067
v 3.43 		-1.481 		1.53
v 3.501 		-1.13 		1.444
v 4.469 		0.976 		2.07
v 0.086 		1.86 		3.178
v 0 		1.86 		3.195
v 3.14 		0.346 		8.011
v 0 		1.81 		3.195
v 0.086 		1.81 		3.178
v 0.159 		1.81 		3.129
v 0.159 		1.86 		3.129
v -3 		-0.93 		6.29
v 3.099 		0.346 		7.945
v -3.011 		-0.93 		6.233
v -3.044 		-0.93 		6.184
v -4.17 		0.555 		1.72
v -4.5 		0.545 		1.72
v -4.58 		0.545 		1.703
v -4.5794 		0.545 		1.72
v -3.093 		-0.73 		6.151
v -4.47 		0.555 		1.72
v 3.415 		-1.13 		1.497
v -3.153 		1.93 		0.522
v -3.093 		-0.93 		6.151
v -3.168 		1.93 		0.582
v -3.209 		1.929 		0.642
v 3.6 		-1.58 		1.52
v -4.8 		0.545 		1.7104
v 0.225 		1.81 		3.301
v 1.061 		1.93 		8.866
v 3.202 		0.35 		8.055
v 3.108 		0.375 		7.942
v 3.147 		0.375 		8.004
v 2.65 		-1.065 		1.527
v 2.65 		-1.08 		1.448
v 0.925 		1.93 		8.695
v 2.85 		-1.066 		1.527
v 2.85 		-1.08 		1.448
v -3.268 		1.925 		0.682
v -4.5 		0.545 		1.47
v 2.35 		-1.066 		1.527
v 2.15 		-1.065 		1.527
v 2.15 		-1.08 		1.448
v 2.35 		-1.08 		1.448
v -4.492 		0.545 		1.432
v -4.471 		0.545 		1.399
v -3.35 		1.914 		0.7
v 0.395 		1.91 		2.88
v 0.404 		1.91 		3
v -3.583 		1.839 		0.7
v 3.142 		-0.96 		0.37
v 3.08 		-0.037 		0.3
v 0.39 		1.81 		2.881
v 0.399 		1.81 		3
v 0.208 		1.81 		3.056
v 0.208 		1.86 		3.056
v 0.225 		1.81 		2.97
v 0.225 		1.86 		2.97
v -4.184 		0.545 		1.036
v -4.224 		0.545 		1.133
v 0.208 		1.81 		2.884
v 0.208 		1.86 		2.884
v 4.167 		1.014 		2.058
v -4.287 		0.545 		1.216
v -0.2 		-0.61 		4.62
v -0.2 		-0.46 		4.77
v 4.17 		0.955 		2.069
v -0.2 		-0.1 		4.57
v -4.087 		1.852 		0.794
v -3.876 		1.636 		0.895
v 0.991 		1.93 		8.832
v 0.276 		1.91 		2.673
v 0.942 		1.93 		8.771
v -0.211 		-0.51 		4.228
v -0.244 		-0.51 		4.276
v -0.35 		-0.51 		4.32
v -0.5 		-0.51 		4.32
v 3.088 		0.35 		7.87
v 0.351 		1.91 		2.767
v 0.346 		1.81 		2.77
v 0.272 		1.81 		2.677
v 3.095 		0.375 		7.87
v -0.557 		-0.51 		4.309
v -0.606 		-0.51 		4.276
v -0.639 		-0.51 		4.227
v -0.65 		-0.51 		4.17
v 0.06 		1.91 		2.569
v 0.176 		1.91 		2.605
v 3.247 		-0.12 		0.3
v 0.159 		1.86 		2.811
v 0.159 		1.81 		2.811
v 3.19 		-0.109 		0.3
v 3.071 		0.975 		7.98
v 0.086 		1.81 		2.762
v 0.086 		1.86 		2.762
v 0 		1.81 		2.745
v 0 		1.86 		2.745
v 3.07 		0.968 		7.87
v 0.06 		1.81 		2.575
v 4.15 		0.36 		2.32
v 2.15 		-0.98 		0.92
v -0.2 		-0.61 		4.57
v 2.35 		-0.98 		0.92
v 2.65 		-0.98 		0.92
v 2.85 		-0.98 		0.92
v 4.133 		0.178 		2.32
v 2.85 		-0.96 		0.94
v 2.35 		-0.96 		0.94
v 3.045 		0.975 		7.87
v 0.174 		1.81 		2.61
v 2.115 		1 		8.17
v 2.385 		1 		8.17
v 4.195 		1.73 		1.82
v -4.8 		0.545 		1.47
v 4.257 		1.643 		1.963
v 4.28 		1.606 		1.97
v -0.214 		-0.614 		4.226
v 4.211 		1.708 		1.906
v 3.062 		0.325 		7.96
v 3.07 		0.332 		7.87
v 3.045 		0.325 		7.87
v -0.247 		-0.6 		4.279
v 4.197 		1.727 		1.854
v 3.684 		2.124 		0.7
v -3.818 		1.691 		0.74
v -4.063 		1.875 		0.746
v -4.044 		1.893 		0.723
v 3.237 		2.228 		0.665
v -4.008 		1.924 		0.704
v -4.063 		1.875 		0.746
v 2.385 		0.3 		8.17
v 2.115 		0.3 		8.17
v -4.063 		1.875 		0.746
v 3.589 		2.158 		0.7
v 3.35 		2.218 		0.7
v -0.2 		-0.63 		4.164
v 2.15 		-0.96 		0.94
v 4.873 		1.53 		1.9
v 2.65 		-0.96 		0.94
v -0.2 		-0.525 		4.17
v 2.915 		-0.04 		0.3
v 2.846 		-0.095 		0.245
v 3.311 		2.222 		0.696
v 2.846 		-0.095 		0.055
v 3.008 		-0.023 		0.3
v 4.88 		1.087 		1.702
v 4.881 		1.136 		1.669
v 2.15 		-1.08 		0.94
v 2.35 		-1.08 		0.94
v 2.65 		-1.08 		0.94
v 2.85 		-1.08 		0.94
v 2.15 		-1.06 		0.92
v 2.35 		-1.06 		0.92
v 2.65 		-1.06 		0.92
v 2.85 		-1.06 		0.92
v 4.879 		1.03 		1.713
v -0.5 		-0.6 		4.32
v 4.883 		1.169 		1.621
v -0.35 		-0.6 		4.32
v -4.786 		0.545 		1.366
v -4.746 		0.545 		1.27
v 1.65 		-0.96 		1.646
v 1.65 		-1.024 		1.596
v 1.85 		-1.024 		1.596
v 1.85 		-0.96 		1.646
v -4.683 		0.545 		1.187
v 1.15 		-0.96 		1.646
v 1.15 		-1.024 		1.596
v 1.35 		-1.024 		1.596
v 1.35 		-0.96 		1.646
v 4.885 		1.18 		1.563
v 1.85 		-0.96 		1.024
v 1.85 		-0.96 		1.32
v -0.294 		-0.6 		4.309
v 1.65 		-0.96 		1.024
v 1.65 		-0.96 		1.32
v 3.15 		2.084 		0.146
v 3.15 		2.163 		0.25
v 3.15 		2.213 		0.371
v 1.35 		-0.96 		1.024
v 1.35 		-0.96 		1.32
v 1.15 		-0.96 		1.024
v 1.15 		-0.96 		1.32
v 1.885 		0.975 		8.195
v 0.15 		-0.96 		1.646
v 0.15 		-1.024 		1.596
v 0.35 		-1.024 		1.596
v 0.35 		-0.96 		1.646
v 0.65 		-0.96 		1.646
v 0.65 		-1.024 		1.596
v 0.85 		-1.024 		1.596
v 0.85 		-0.96 		1.646
v 1.115 		1 		8.67
v 1.385 		1 		8.67
v 1.615 		0.975 		8.195
v 1.385 		0.975 		8.695
v 1.115 		0.975 		8.695
v 0.85 		-0.96 		1.024
v 0.85 		-0.96 		1.32
v 0.65 		-0.96 		1.024
v 0.65 		-0.96 		1.32
v -0.65 		-0.6 		4.17
v 4.568 		1.498 		2.042
v 1.885 		0.325 		8.195
v -0.557 		-0.6 		4.309
v 1.385 		0.3 		8.67
v 1.115 		0.3 		8.67
v 0.35 		-0.96 		1.024
v 0.35 		-0.96 		1.32
v 1.385 		0.325 		8.695
v -0.606 		-0.6 		4.276
v 1.615 		0.325 		8.195
v 1.115 		0.325 		8.695
v -0.639 		-0.6 		4.227
v -4.063 		1.875 		0.746
v -3.773 		1.728 		0.707
v -3.736 		1.754 		0.7
v 2.25 		2.084 		0.146
v 2.25 		2.163 		0.25
v 2.25 		2.213 		0.371
v -4.604 		1.169 		0.996
v -4.606 		1.136 		0.947
v 4.5 		1.407 		1.959
v 4.5 		1.456 		1.926
v 4.5 		1.35 		1.97
v -4.607 		1.087 		0.915
v 4.352 		1.462 		1.97
v 4.368 		1.43 		1.97
v -1.05 		-0.6 		4.37
v -1.05 		-0.61 		4.37
v 0.15 		-0.96 		1.024
v 0 		0.975 		9.02
v 0.15 		-0.96 		1.32
v 0.885 		0.975 		8.195
v 0.615 		0.975 		8.195
v 0.385 		0.975 		8.195
v 0.115 		0.975 		8.195
v -3.054 		-0.63 		6.059
v -2.973 		-0.63 		6.113
v 0.885 		0.325 		8.195
v 1.65 		-1.065 		1.527
v 1.65 		-1.08 		1.448
v 1.85 		-1.066 		1.527
v 0.115 		0.325 		8.195
v 0.385 		0.325 		8.195
v 0.615 		0.325 		8.195
v 1.85 		-1.08 		1.448
v 4.4 		1.35 		1.97
v 1.35 		-1.066 		1.527
v 1.15 		-1.065 		1.527
v 1.15 		-1.08 		1.448
v 1.35 		-1.08 		1.448
v 3.726 		-0.462 		9.72
v 3.877 		-0.337 		9.72
v 4.352 		1.35 		1.97
v -3.15 		1.915 		0.424
v -3.15 		1.807 		0.315
v -3.15 		1.871 		0.359
v -4.608 		1.03 		0.903
v -4.094 		-0.013 		6.04
v -4.002 		-0.186 		6.04
v 4.002 		-0.186 		9.72
v 4.094 		-0.013 		9.72
v -3.877 		-0.337 		6.04
v -3.25 		1.908 		0.37
v -3.726 		-0.462 		6.04
v -3.428 		1.877 		0.37
v -3.419 		1.88 		0.37
v 0.65 		-1.065 		1.527
v 0.65 		-1.08 		1.448
v 0.85 		-1.066 		1.527
v 0.85 		-1.08 		1.448
v -4.906 		1.136 		0.958
v -4.907 		1.087 		0.925
v 0.35 		-1.066 		1.527
v 0.15 		-1.065 		1.527
v 0.15 		-1.08 		1.448
v 0.35 		-1.08 		1.448
v 3.135 		1.194 		6.19
v 4.573 		1.53 		1.89
v 3.222 		1.127 		6.19
v 3.289 		1.04 		6.19
v -3.58 		1.824 		0.37
v 1.15 		-0.98 		0.92
v 1.35 		-0.98 		0.92
v 1.65 		-0.98 		0.92
v 1.85 		-0.98 		0.92
v 1.85 		-0.96 		0.94
v 1.35 		-0.96 		0.94
v 1.15 		-0.96 		0.94
v -4.904 		1.169 		1.006
v 4.5 		1.5 		1.82
v 1.65 		-0.96 		0.94
v -4.068 		-0.259 		6.14
v -3.209 		1.589 		0.3
v 1.701 		-0.049 		0.009
v 3.958 		1.545 		1.82
v 1.754 		-0.095 		0.055
v -3.165 		1.654 		0.3
v -3.15 		1.73 		0.3
v 2.129 		1.738 		6.43
v 2.121 		1.76 		6.332
v 1.41 		-0.109 		0.3
v 2.143 		1.734 		6.59
v 1.353 		-0.12 		0.3
v 1.754 		-0.095 		0.245
v 1.685 		-0.04 		0.3
v -3.273 		1.545 		0.3
v 3.17 		-0.63 		9.72
v 3.365 		-0.611 		9.72
v 3.553 		-0.554 		9.72
v 1.52 		-0.037 		0.3
v 1.592 		-0.023 		0.3
v -3.15 		1.859 		0.017
v -3.15 		1.98 		0.067
v 1.642 		-0.029 		0.3
v -3.945 		-0.405 		6.14
v 0.15 		-0.98 		0.92
v 0.35 		-0.98 		0.92
v -3.861 		1.631 		0.37
v -3.729 		1.739 		0.37
v 0.65 		-0.98 		0.92
v 0.85 		-0.98 		0.92
v 0.85 		-0.96 		0.94
v 0.35 		-0.96 		0.94
v -3.15 		-0.63 		6.04
v -4.907 		1.03 		0.914
v 0.15 		-0.96 		0.94
v 0.65 		-0.96 		0.94
v 2.121 		2.045 		6.426
v 2.143 		2.032 		6.555
v -3.25 		1.1 		0.37
v 1.15 		-1.08 		0.94
v 1.35 		-1.08 		0.94
v 1.65 		-1.08 		0.94
v 1.85 		-1.08 		0.94
v 1.15 		-1.06 		0.92
v 1.35 		-1.06 		0.92
v 1.65 		-1.06 		0.92
v 1.85 		-1.06 		0.92
v -3.35 		1.53 		0.3
v -3.972 		1.5 		0.37
v -3.971 		1.501 		0.37
v 0.15 		-1.08 		0.94
v 0.35 		-1.08 		0.94
v 0.65 		-1.08 		0.94
v 0.85 		-1.08 		0.94
v 0.15 		-1.06 		0.92
v 0.35 		-1.06 		0.92
v 0.65 		-1.06 		0.92
v 0.85 		-1.06 		0.92
v 4.5 		1.489 		1.877
v -1.275 		2.197 		7.955
v -1.29 		2.177 		7.784
v 2.925 		1.25 		6.19
v -3.365 		-0.611 		6.04
v -3.553 		-0.554 		6.04
v -1.29 		1.879 		7.819
v -0.925 		1.93 		7.926
v -0.94 		1.93 		7.752
v -3.16 		-0.73 		6.14
v -3.361 		-0.713 		6.14
v -0.885 		1 		8.17
v -0.615 		1 		8.17
v -0.385 		1 		8.17
v -0.115 		1 		8.17
v -3.566 		-0.655 		6.14
v -3.572 		-0.866 		6.14
v -3.15 		-0.93 		6.14
v -3.373 		-0.914 		6.14
v -0.615 		0.3 		8.17
v -0.885 		0.3 		8.17
v -0.115 		0.3 		8.17
v -0.385 		0.3 		8.17
v 4.5 		1.1 		1.97
v 4.5 		1.042 		1.958
v -1.885 		1 		8.17
v -1.615 		1 		8.17
v -0.244 		-0.51 		3.914
v -0.211 		-0.51 		3.963
v -0.2 		-0.51 		4.02
v -0.2 		-0.512 		4.02
v -0.2 		-0.51 		3.87
v -0.2 		-0.512 		3.87
v -0.5 		-0.51 		3.87
v -0.35 		-0.51 		3.87
v -0.293 		-0.51 		3.881
v -1.615 		0.3 		8.17
v -1.885 		0.3 		8.17
v 3.996 		1.494 		1.942
v -0.65 		-0.51 		4.02
v -0.639 		-0.51 		3.963
v -0.606 		-0.51 		3.914
v -0.557 		-0.51 		3.881
v -0.2 		-0.6 		4.02
v -0.2 		-0.564 		4.02
v -4.564 		1.53 		0.308
v 4.042 		1.42 		1.97
v -4.525 		1.53 		0.3
v -1.024 		1.93 		9.72
v -0.942 		1.93 		8.771
v -0.925 		1.93 		8.695
v -0.991 		1.93 		8.832
v 3.034 		1.236 		6.19
v 2.925 		1.07 		6.44
v 4.004 		1.452 		1.93
v -1.275 		1.93 		8.27
v -0.244 		-0.6 		3.914
v -1.275 		1.93 		8.695
v -1.061 		1.93 		8.866
v -1.139 		1.93 		8.866
v -0.211 		-0.6 		3.963
v -4.5 		1.5 		0.37
v -4.914 		1.53 		0.308
v 4.077 		1.35 		1.97
v -4.925 		1.53 		0.414
v -4.625 		1.53 		0.404
v 4.051 		1.367 		1.968
v -1.209 		1.93 		8.832
v -1.258 		1.93 		8.771
v -0.2 		-0.63 		3.877
v -0.2 		-0.603 		3.87
v -0.2 		-0.6 		3.87
v -0.2 		-0.6 		3.882
v 4.031 		1.405 		1.96
v 3.345 		0.83 		6.19
v -1.024 		0.325 		9.02
v -0.35 		-0.6 		3.87
v -0.293 		-0.6 		3.881
v -0.5 		-0.6 		3.87
v 3.165 		0.83 		6.44
v -4.089 		-0.549 		6.14
v 3.095 		1 		6.44
v 3.978 		1.519 		1.914
v -3.76 		-0.788 		6.14
v -3.934 		-0.682 		6.14
v 3.972 		1.5 		1.82
v 4.451 		1.151 		1.98
v -0.65 		-0.6 		4.02
v -0.639 		-0.6 		3.963
v -3.799 		-0.528 		6.14
v -0.606 		-0.6 		3.914
v -0.557 		-0.6 		3.881
v 4.441 		1.203 		1.97
v -1.507 		1.734 		6.59
v -1.521 		1.738 		6.43
v 4.302 		1.115 		1.989
v -0.958 		-0.63 		3.953
v -1.53 		1.76 		6.332
v 4.165 		1.032 		2.044
v 3.331 		0.939 		6.19
v 4.156 		1.094 		1.991
v -4.619 		1.53 		0.368
v 3.088 		0.95 		6.44
v 3.09 		0.944 		6.44
v 3.981 		1.486 		1.882
v 3.095 		0.925 		6.44
v -1.507 		2.032 		6.555
v -1.53 		2.045 		6.426
v 3.165 		0.47 		6.44
v -4.746 		1.53 		0.069
v -4.631 		1.53 		0.014
v -4.832 		1.53 		0.148
v -3.18 		-0.46 		4.77
v -4.876 		1.53 		0.208
v -3.494 		-0.398 		4.77
v 3.095 		0.3 		6.44
v 3.088 		0.35 		6.44
v -4.076 		-0.011 		4.62
v 3.095 		0.375 		6.44
v -4.17 		0.555 		0.933
v -4.17 		0.545 		0.933
v -3.986 		-0.179 		4.62
v 3.331 		0.361 		6.19
v -3.866 		-0.326 		4.62
v -4.47 		0.545 		0.933
v -4.499 		0.545 		1.004
v 3.345 		0.47 		6.19
v 3.289 		0.26 		6.19
v -4.47 		0.555 		0.933
v 3.222 		0.173 		6.19
v 3.135 		0.106 		6.19
v -3.719 		-0.447 		4.62
v -0.615 		1 		6.44
v -0.885 		1 		6.44
v -0.115 		1 		6.44
v -0.385 		1 		6.44
v -0.115 		0.975 		6.44
v -0.385 		0.975 		6.44
v -0.615 		0.975 		6.44
v -3.636 		-0.322 		4.77
v -0.885 		0.975 		6.44
v 4.142 		1.066 		1.966
v -3.862 		-0.096 		4.77
v 4.142 		1.166 		1.97
v -0.385 		0.3 		6.44
v -0.115 		0.3 		6.44
v -0.115 		0.325 		6.44
v -0.385 		0.325 		6.44
v -0.977 		-0.73 		3.852
v -3.551 		-0.536 		4.62
v -0.115 		0.975 		8.195
v -0.385 		0.975 		8.195
v -0.615 		0.975 		8.195
v -0.885 		0.975 		8.195
v -3.369 		-0.591 		4.62
v -0.977 		-0.93 		3.852
v -3.18 		-0.61 		4.62
v -4.17 		0.93 		0.65
v -4.197 		0.882 		0.52
v -0.115 		0.325 		8.195
v -0.7 		-0.63 		3.65
v -0.885 		0.325 		8.195
v -4.17 		0.924 		0.6
v -0.615 		0.325 		8.195
v -0.385 		0.325 		8.195
v -0.742 		-0.63 		3.66
v 4.58 		1.087 		1.691
v 4.581 		1.136 		1.659
v 4.583 		1.169 		1.61
v -0.885 		0.3 		6.44
v -0.615 		0.3 		6.44
v -0.988 		-0.6 		3.737
v -0.615 		0.325 		6.44
v -0.788 		-0.63 		3.716
v -0.885 		0.325 		6.44
v 3.958 		1.545 		1.258
v -0.824 		-0.63 		3.83
v 4.585 		1.18 		1.553
v -0.923 		-0.73 		3.802
v 3.947 		1.56 		1.154
v 2.615 		1 		6.44
v 2.885 		1 		6.44
v -1.115 		1 		6.44
v -1.385 		1 		6.44
v 3.07 		0.968 		6.44
v -1.115 		0.975 		6.44
v 3.045 		0.975 		6.44
v -1.385 		0.975 		6.44
v 2.885 		0.975 		6.44
v 2.615 		0.975 		6.44
v -0.835 		-0.73 		3.603
v -0.879 		-0.73 		3.662
v -1.885 		1 		6.44
v -1.615 		1 		6.44
v -1.615 		0.975 		6.44
v -1.885 		0.975 		6.44
v 2.115 		1 		6.44
v 2.385 		1 		6.44
v 2.385 		0.975 		6.44
v 2.115 		0.975 		6.44
v -0.975 		-0.61 		3.62
v -4.47 		0.93 		0.65
v -4.443 		0.882 		0.52
v -4.47 		0.924 		0.6
v -0.975 		-0.6 		3.62
v -2.048 		0.975 		9.02
v -1.385 		1 		8.67
v -1.115 		1 		8.67
v -0.99 		-0.96 		3.746
v -1.115 		0.975 		8.695
v -0.835 		-0.93 		3.603
v -0.879 		-0.93 		3.662
v -1.385 		0.975 		8.695
v 2.615 		0.3 		6.44
v 2.885 		0.3 		6.44
v 3.175 		1.91 		1.524
v -0.923 		-0.93 		3.802
v 3.07 		0.332 		6.44
v -1.615 		0.975 		8.195
v 3.045 		0.325 		6.44
v -1.885 		0.975 		8.195
v 2.885 		0.325 		6.44
v 3.25 		1.907 		1.523
v -1.385 		0.3 		6.44
v -1.115 		0.3 		6.44
v 2.615 		0.325 		6.44
v -1.115 		0.325 		6.44
v -1.115 		0.3 		8.67
v -1.385 		0.325 		6.44
v -1.385 		0.3 		8.67
v -1.115 		0.325 		8.695
v -1.385 		0.325 		8.695
v 2.925 		0.23 		6.44
v -1.615 		0.325 		8.195
v -1.885 		0.325 		8.195
v 2.925 		0.05 		6.19
v -0.975 		-0.96 		3.52
v -1.885 		0.3 		6.44
v -1.615 		0.3 		6.44
v 3.034 		0.064 		6.19
v -1.615 		0.325 		6.44
v -0.7 		-0.73 		3.55
v -0.773 		-0.73 		3.564
v -0.7 		-0.93 		3.55
v -0.773 		-0.93 		3.564
v -0.975 		-0.76 		3.52
v 2.115 		0.3 		6.44
v 2.385 		0.3 		6.44
v 2.385 		0.325 		6.44
v 2.115 		0.325 		6.44
v -1.885 		0.325 		6.44
v 4.58 		1.03 		1.703
v -2.71 		2.23 		7.752
v 1.275 		2.197 		7.955
v 1.29 		2.177 		7.784
v -2.375 		2.197 		7.955
v -2.36 		2.177 		7.784
v -0.68 		-0.96 		3.11
v -0.925 		-0.96 		3.11
v 3.25 		1.1 		1.32
v 3.25 		1.4 		1.32
v -1.049 		-0.73 		3.87
v -2.392 		1.93 		8.771
v -2.441 		1.93 		8.832
v -2.511 		1.93 		8.866
v -2.589 		1.93 		8.866
v -2.659 		1.93 		8.832
v -2.708 		1.93 		8.771
v -2.375 		1.93 		8.27
v -1.109 		-0.61 		3.859
v -2.375 		1.93 		8.695
v -2.725 		1.93 		8.695
v -1.175 		-0.73 		3.87
v 4.09 		1.849 		0.804
v -3.17 		1.93 		9.72
v -3.553 		1.854 		9.72
v -1.175 		-0.61 		3.87
v 4.195 		1.73 		1.258
v 4.183 		1.745 		1.154
v -1.175 		-0.96 		3.87
v -1.099 		-0.96 		3.855
v -1.049 		-0.93 		3.87
v -3.365 		1.911 		9.72
v 1.29 		1.879 		7.819
v -1.175 		-0.93 		3.87
v 4.902 		1.18 		1.064
v 4.602 		1.18 		1.053
v -1.05 		-0.6 		3.826
v -1.05 		-0.61 		3.826
v -2.36 		1.879 		7.819
v -2.71 		1.93 		7.752
v 4.8 		0.545 		1.7104
v -4.15 		0.95 		0.37
v -4.5 		0.95 		0.37
v -3.726 		1.762 		9.72
v -4.214 		0.814 		0.468
v -4.426 		0.814 		0.468
v -3.877 		1.637 		9.72
v -2.725 		1.93 		7.926
v 4.47 		0.882 		2.032
v 4.47 		0.848 		1.988
v -4.47 		0.537 		7.746
v -4.17 		0.537 		7.746
v -1.48 		-0.96 		3.11
v 3.848 		1.665 		0.794
v -1.72 		-0.96 		3.11
v 4.47 		0.846 		1.854
v 4.47 		0.832 		1.908
v 3.873 		1.639 		0.883
v -0.68 		-0.96 		2.99
v 0.94 		1.93 		7.752
v -0.925 		-0.96 		2.99
v 0.925 		1.93 		7.926
v -0.52 		-0.96 		2.29
v -0.52 		-0.96 		2.41
v -0.28 		-0.96 		2.29
v -0.28 		-0.96 		2.41
v -4.47 		0.566 		7.807
v -4.17 		0.566 		7.807
v -4.47 		0.566 		7.873
v -4.17 		0.566 		7.873
v -4.47 		0.537 		7.934
v -4.17 		0.537 		7.934
v 1.615 		1 		8.17
v 1.885 		1 		8.17
v -4.22 		0.73 		0.45
v -4.42 		0.73 		0.45
v -4.454 		0.167 		7.99
v -4.47 		0.42 		7.99
v -4.17 		0.485 		7.975
v -4.47 		0.485 		7.975
v -4.17 		0.395 		7.99
v -1.48 		-0.96 		2.99
v -1.72 		-0.96 		2.99
v -4.151 		0.175 		7.99
v -2.385 		1 		8.17
v -2.115 		1 		8.17
v -3.07 		0.968 		7.87
v -1.08 		-0.96 		2.41
v -1.08 		-0.96 		2.29
v -4.17 		0.42 		7.69
v -4.173 		0.184 		7.69
v -1.32 		-0.96 		2.41
v 4.063 		1.875 		0.745
v -4.19 		0.068 		7.69
v -1.32 		-0.96 		2.29
v -4.48 		0.145 		7.69
v 4.018 		1.915 		0.709
v -3.045 		0.975 		7.87
v 3.77 		1.73 		0.706
v -4.47 		0.223 		7.69
v 3.838 		2.045 		0.7
v -4.47 		0.42 		7.69
v 1.885 		0.3 		8.17
v 1.615 		0.3 		8.17
v -4.47 		0.485 		7.705
v 3.615 		1.825 		0.7
v -4.17 		0.485 		7.705
v -4.17 		0.9327 		7.168
v -2.115 		0.3 		8.17
v -2.385 		0.3 		8.17
v -3.045 		0.325 		7.87
v 3.823 		1.687 		0.745
v 0.115 		1 		8.17
v 0.385 		1 		8.17
v 0.615 		1 		8.17
v 0.885 		1 		8.17
v -4.197 		-0.019 		3.87
v -3.245 		0.961 		8.132
v -3.209 		0.975 		8.131
v -4.218 		-0.399 		3.87
v -4.326 		-0.224 		3.87
v -4.405 		-0.035 		3.87
v 0.385 		0.3 		8.17
v 0.115 		0.3 		8.17
v 0.885 		0.3 		8.17
v 0.615 		0.3 		8.17
v -3.227 		0.925 		8.065
v -0.68 		-2.13 		3.11
v -1.48 		-2.13 		3.11
v -1.72 		-2.13 		3.11
v -0.925 		-2.13 		3.11
v -4.453 		-0.343 		3.29
v -4.47 		-0.213 		3.29
v -3.26 		0.925 		8.138
v -4.403 		-0.463 		3.29
v -0.52 		-2.13 		2.29
v -0.52 		-2.13 		2.41
v -0.28 		-2.13 		2.29
v -0.28 		-2.13 		2.41
v -4.28 		-0.73 		3.29
v -4.002 		1.486 		9.72
v -3.237 		0.948 		8.085
v -0.68 		-2.13 		2.99
v -4.094 		1.313 		9.72
v -0.925 		-2.13 		2.99
v -1.08 		-2.13 		2.41
v -1.08 		-2.13 		2.29
v -4.307 		-0.63 		3.29
v -1.32 		-2.13 		2.41
v -1.32 		-2.13 		2.29
v -3.256 		0.944 		8.138
v 4.5 		0.95 		1.82
v -4.17 		-0.213 		3.29
v 4.5 		0.961 		1.877
v -1.48 		-2.13 		2.99
v -1.72 		-2.13 		2.99
v -4.143 		-0.313 		3.29
v -2.52 		-0.96 		3.11
v -2.28 		-0.96 		3.11
v 4.17 		0.877 		2.024
v 4.17 		0.842 		1.979
v -3.21 		0.925 		8.053
v -3.208 		0.955 		8.063
v -4.094 		-0.013 		3.97
v -3.147 		0.925 		8.004
v -4.079 		-0.242 		3.87
v -3.138 		0.958 		8.013
v -3.108 		0.925 		7.942
v -4.28 		-1.547 		3.29
v -4.002 		-0.186 		3.97
v -4.28 		-1.967 		3.283
v -4.28 		-1.857 		3.227
v -4.28 		-2.013 		3.29
v 4.147 		1.02 		1.947
v 3.35 		1.914 		0.7
v -4.28 		-1.614 		3.272
v -4.28 		-1.703 		3.227
v -4.28 		-1.78 		3.215
v 4.17 		0.88 		1.808
v 4.17 		0.846 		1.854
v -4.42 		-0.428 		2.59
v -4.461 		-0.309 		2.59
v -4.143 		-0.317 		2.59
v 4.17 		0.832 		1.908
v -4.17 		-0.218 		2.562
v -4.168 		-0.241 		2.573
v -3.097 		0.958 		7.946
v 4.15 		0.95 		1.82
v -3.877 		-0.337 		3.97
v -3.949 		-0.402 		3.87
v 1.507 		1.734 		6.59
v 1.517 		1.732 		6.475
v 4.149 		0.978 		1.907
v 3.161 		1.93 		0.56
v 3.203 		1.929 		0.635
v 3.249 		1.927 		0.673
v 4.47 		0.93 		1.696
v 4.17 		0.93 		1.696
v -4.28 		-0.73 		2.59
v -4.307 		-0.63 		2.59
v 1.53 		2.045 		6.426
v -4.47 		0.9376 		6.144
v -4.17 		0.542 		6.372
v 1.507 		2.032 		6.555
v -3.082 		0.975 		8.001
v -3.087 		0.967 		7.95
v -4.17 		0.57 		6.29
v -4.17 		-0.153 		2.489
v -3.75 		-0.425 		3.87
v -4.17 		-0.122 		2.42
v -4.17 		-0.128 		2.335
v -2.921 		0.475 		9.22
v -2.921 		0.825 		9.22
v -4.47 		-0.198 		2.544
v 4.17 		0.555 		1.72
v 3.311 		1.92 		0.696
v 4.5 		0.545 		1.72
v -3.068 		0.972 		9.024
v -4.47 		-0.146 		2.482
v 4.58 		0.545 		1.703
v 4.5794 		0.545 		1.72
v -4.47 		-0.122 		2.42
v -3.726 		-0.462 		3.97
v 4.47 		0.555 		1.72
v -3.234 		0.57 		8.071
v -3.051 		0.975 		9.02
v -3.26 		0.57 		8.138
v -3.234 		0.725 		8.071
v -3.019 		0.852 		9.184
v -3.26 		0.725 		8.138
v -2.976 		0.836 		9.206
v 1.885 		1 		6.44
v 1.615 		1 		6.44
v 1.885 		0.975 		6.44
v 1.615 		0.975 		6.44
v 4.8 		0.545 		1.47
v 4.786 		0.545 		1.366
v 4.746 		0.545 		1.27
v -3.17 		-0.63 		3.97
v 4.683 		0.545 		1.187
v -4.47 		-0.128 		2.335
v -3.17 		-0.73 		3.87
v -3.051 		0.325 		9.02
v 4.5 		0.545 		1.47
v -4.47 		-0.168 		2.26
v -3.068 		0.328 		9.024
v -4.17 		-0.168 		2.26
v -4.316 		0.527 		6.186
v -4.17 		-0.237 		2.208
v -4.47 		-0.237 		2.208
v -3.295 		0.725 		7.977
v -3.245 		0.725 		7.968
v -3.313 		0.725 		7.995
v -3.059 		0.407 		9.129
v -4.47 		0.537 		6.383
v -3.18 		-0.61 		3.87
v -3.32 		0.725 		8.02
v -4.42 		0.57 		6.29
v -3.372 		-0.711 		3.87
v -3.553 		-0.554 		3.97
v -3.147 		0.725 		8.004
v -3.568 		-0.656 		3.87
v -3.108 		0.725 		7.942
v -4.47 		0.566 		6.323
v -4.604 		-0.44 		2.273
v -3.019 		0.448 		9.184
v -4.47 		0.531 		6.191
v 3.729 		1.739 		0.37
v -4.47 		0.566 		6.257
v -4.47 		0.555 		6.234
v 3.733 		1.737 		0.37
v 3.861 		1.631 		0.37
v 1.115 		1 		6.44
v 1.385 		1 		6.44
v 1.385 		0.975 		6.44
v 1.115 		0.975 		6.44
v -4.47 		-0.32 		2.19
v -4.17 		-0.32 		2.19
v 3.15 		1.807 		0.315
v 3.15 		1.871 		0.359
v -4.17 		0.223 		6.44
v -4.17 		0.42 		6.44
v 3.15 		1.915 		0.424
v -4.19 		0.068 		6.44
v 4.471 		0.545 		1.399
v 1.615 		0.3 		6.44
v -3.195 		0.57 		7.959
v -3.295 		0.57 		7.977
v -3.313 		0.57 		7.995
v -2.115 		0.975 		8.195
v -4.609 		-0.32 		2.291
v -4.809 		-0.32 		2.298
v -4.816 		-0.44 		2.28
v -2.385 		0.975 		8.195
v -2.615 		0.975 		8.695
v -3.32 		0.57 		8.02
v -2.615 		1 		8.67
v -2.885 		1 		8.67
v -2.885 		0.975 		8.695
v 4.184 		0.545 		1.036
v -3.108 		0.57 		7.941
v -3.147 		0.57 		8.004
v 4.224 		0.545 		1.133
v 4.287 		0.545 		1.216
v -3.515 		-0.548 		3.87
v -2.115 		0.325 		8.195
v -4.15 		-0.96 		2.32
v -2.615 		0.3 		8.67
v -2.885 		0.3 		8.67
v -2.615 		0.325 		8.695
v -2.385 		0.325 		8.195
v -3.095 		0.925 		7.87
v -3.088 		0.95 		7.87
v -4.17 		-0.597 		2.175
v -4.17 		-0.52 		2.19
v -2.885 		0.325 		8.695
v -4.17 		-0.661 		2.131
v -4.17 		-0.705 		2.067
v 3.25 		1.908 		0.37
v 3.419 		1.88 		0.37
v 3.428 		1.877 		0.37
v 3.58 		1.824 		0.37
v -3.084 		0.948 		9.056
v -3.077 		0.925 		9.087
v -3.365 		-0.611 		3.97
v -4.588 		-0.549 		2.219
v -4.47 		-0.597 		2.175
v -4.47 		-0.52 		2.19
v -3.332 		-0.598 		3.87
v -4.47 		-0.661 		2.131
v -3.106 		0.725 		7.877
v -3.095 		0.725 		7.82
v -4.47 		-0.705 		2.067
v -3.146 		0.725 		7.928
v -3.145 		0.57 		7.927
v -3.098 		0.572 		7.868
v 3.15 		1.73 		0.3
v 3.165 		1.654 		0.3
v -4.564 		-0.632 		2.14
v 3.209 		1.589 		0.3
v 4.906 		1.136 		0.958
v 4.907 		1.087 		0.925
v -4.48 		0.145 		6.44
v -4.47 		0.223 		6.44
v 3.273 		1.545 		0.3
v -3.08 		0.341 		9.041
v -3.084 		0.352 		9.056
v -4.47 		0.42 		6.44
v -4.47 		0.481 		6.426
v -4.17 		0.477 		6.429
v 3.15 		1.859 		0.017
v 3.15 		1.98 		0.067
v -3.077 		0.375 		9.087
v 3.971 		1.501 		0.37
v 3.972 		1.5 		0.37
v -4.867 		-0.684 		2.063
v -4.835 		-0.549 		2.227
v -3.564 		-0.869 		3.87
v -3.37 		-0.915 		3.87
v -4.864 		-0.632 		2.15
v -3.182 		0.325 		8.093
v 4.904 		1.169 		1.006
v 1.885 		0.3 		6.44
v 3.25 		1.1 		0.37
v 1.885 		0.325 		6.44
v 1.615 		0.325 		6.44
v 3.35 		1.53 		0.3
v 4.907 		1.03 		0.914
v -3.252 		0.925 		8.658
v -3.244 		0.925 		8.698
v 1.115 		0.3 		6.44
v 1.385 		0.3 		6.44
v -3.75 		-0.96 		3.87
v -4.28 		-1.547 		2.59
v 1.385 		0.325 		6.44
v -3.75 		-0.565 		3.87
v -4.28 		-1.947 		2.608
v -4.28 		-1.857 		2.653
v -4.28 		-2.047 		2.59
v 1.115 		0.325 		6.44
v -3.75 		-0.793 		3.87
v -3.926 		-0.687 		3.87
v -4.084 		-0.555 		3.87
v -3.203 		0.975 		8.656
v -3.221 		0.968 		8.688
v -4.28 		-1.614 		2.608
v -4.28 		-1.78 		2.665
v -4.28 		-1.703 		2.653
v -4.281 		0.477 		6.151
v -4.282 		0.477 		6.152
v -4.28 		-2.13 		3.281
v -3.248 		0.953 		8.657
v -4.28 		-2.13 		2.599
v -4.47 		0.481 		6.154
v -3.228 		0.96 		8.691
v -4.238 		-2.213 		2.671
v -3.154 		0.325 		8.077
v -4.25 		-2.19 		3.242
v -3.238 		0.95 		8.695
v 2.05 		1.93 		0.7
v -3.241 		0.936 		8.697
v 0.385 		1 		6.44
v 0.115 		1 		6.44
v -3.235 		0.375 		8.073
v 0.885 		1 		6.44
v 0.615 		1 		6.44
v 2.235 		1.93 		0.576
v 0.885 		0.975 		6.44
v 2.191 		1.93 		0.641
v 0.615 		0.975 		6.44
v 0.385 		0.975 		6.44
v 2.127 		1.93 		0.685
v 0.115 		0.975 		6.44
v -3.209 		0.331 		8.084
v -3.247 		0.349 		8.109
v -3.249 		0.375 		8.096
v -3.256 		0.357 		8.125
v -4.235 		-2.22 		3.187
v -3.245 		0.34 		8.138
v -3.26 		0.375 		8.138
v -3.256 		0.356 		8.138
v -3.209 		0.325 		8.131
v 0.615 		0.3 		6.44
v 0.885 		0.3 		6.44
v 0.885 		0.325 		6.44
v 0.615 		0.325 		6.44
v 2.25 		1.93 		0.5
v -4.17 		-0.095 		1.72
v 2.25 		1.915 		0.424
v 2.25 		1.807 		0.315
v -4.5 		-0.09 		1.72
v 0.115 		0.3 		6.44
v 0.385 		0.3 		6.44
v -4.58 		-0.09 		1.703
v -4.5794 		-0.09 		1.72
v 2.25 		1.871 		0.359
v -4.47 		-0.095 		1.72
v 2.127 		1.545 		0.3
v 2.191 		1.589 		0.3
v -4.58 		-0.22 		1.703
v 2.235 		1.654 		0.3
v -3.156 		0.35 		8.023
v 2.25 		1.73 		0.3
v 0.385 		0.325 		6.44
v 0.115 		0.325 		6.44
v -3.26 		0.925 		8.619
v -3.1 		0.34 		7.955
v -4.58 		-0.277 		1.691
v -4.581 		-0.326 		1.659
v -3.229 		0.97 		8.619
v 4.608 		1.03 		0.903
v 2.25 		1.859 		0.017
v 2.25 		1.98 		0.067
v 2.05 		1.53 		0.3
v -4.585 		-0.37 		1.553
v -3.096 		0.325 		8.021
v -3.129 		0.325 		8.053
v -4.583 		-0.359 		1.61
v 2.068 		2.143 		6.129
v -3.137 		0.375 		7.989
v -3.16 		0.362 		8.02
v -3.244 		0.959 		8.619
v -4.17 		0.57 		6.04
v 4.079 		-0.242 		3.87
v -3.257 		0.936 		8.619
v -4.047 		-0.48 		3.29
v -4.454 		0.167 		6.14
v -3.997 		-0.601 		3.29
v -3.98 		-0.73 		3.29
v -4.47 		0.42 		6.14
v -4.151 		0.175 		6.04
v -3.095 		0.375 		7.87
v -3.09 		0.358 		7.87
v -3.1 		0.362 		7.923
v -4.27 		0.42 		6.14
v -4.253 		0.179 		6.14
v -3.107 		0.375 		7.932
v 4.094 		-0.013 		3.97
v 4.002 		-0.186 		3.97
v -3.32 		0.725 		8.235
v -3.32 		0.57 		8.235
v -3.26 		0.57 		8.435
v -3.308 		0.57 		8.303
v -3.308 		0.725 		8.303
v -3.079 		0.341 		7.87
v -3.26 		0.725 		8.435
v -3.078 		0.332 		7.929
v 4.604 		1.169 		0.996
v 4.607 		1.087 		0.915
v 4.606 		1.136 		0.947
v 3.945 		-0.405 		3.87
v -4.885 		-0.37 		1.563
v 3.877 		-0.337 		3.97
v -3.98 		-1.547 		3.29
v 4.925 		1.53 		0.414
v -3.98 		-1.967 		3.283
v 4.914 		1.53 		0.308
v -3.98 		-1.857 		3.227
v 4.625 		1.53 		0.404
v -4.131 		1.129 		4.62
v 4.618 		1.53 		0.364
v 4.907 		1.53 		0.288
v -3.98 		-1.614 		3.272
v -3.98 		-1.78 		3.215
v -3.98 		-1.703 		3.227
v 3.75 		-0.425 		3.87
v -2.52 		-0.96 		2.99
v -2.28 		-0.96 		2.99
v -4.881 		-0.326 		1.669
v -4.88 		-0.277 		1.702
v 3.726 		-0.462 		3.97
v -4.879 		-0.22 		1.713
v -2.68 		-0.96 		2.41
v -2.68 		-0.96 		2.29
v -2.92 		-0.96 		2.41
v -2.92 		-0.96 		2.29
v -4.883 		-0.359 		1.621
v -3.229 		0.329 		8.619
v -4.8 		-0.09 		1.7104
v -3.21 		0.325 		8.619
v -3.26 		0.375 		8.619
v -3.234 		0.333 		8.655
v 3.75 		-0.96 		3.87
v 4.876 		1.53 		0.208
v 4.832 		1.53 		0.148
v 4.746 		1.53 		0.069
v 4.631 		1.53 		0.014
v -3.23 		0.342 		8.692
v 4.084 		-0.555 		3.87
v 3.926 		-0.687 		3.87
v 3.75 		-0.793 		3.87
v 3.75 		-0.565 		3.87
v -2.143 		1.734 		6.59
v -3.223 		0.334 		8.689
v 4.525 		1.53 		0.3
v 4.576 		1.53 		0.318
v -3.238 		0.35 		8.695
v -4.17 		-0.72 		1.99
v -4.47 		-0.72 		1.99
v -4.573 		-0.72 		1.89
v -3.244 		0.375 		8.698
v 4.5 		1.5 		0.37
v -2.133 		1.732 		6.475
v 3.553 		-0.554 		3.97
v 3.568 		-0.656 		3.87
v 3.372 		-0.711 		3.87
v -4.568 		-0.688 		2.042
v 3.48 		-0.563 		3.87
v -4.15 		0.94 		4.62
v 3.365 		-0.611 		3.97
v 4.17 		0.545 		0.933
v 4.17 		0.555 		0.933
v 3.332 		-0.598 		3.87
v 4.499 		0.545 		1.004
v -2.121 		1.76 		6.332
v -4.15 		0.36 		4.62
v 3.17 		-0.63 		3.97
v -4.131 		0.171 		4.62
v 3.17 		-0.73 		3.87
v -4.047 		-0.48 		2.59
v -3.98 		-0.73 		2.59
v -3.997 		-0.601 		2.59
v -2.143 		2.032 		6.555
v -2.121 		2.045 		6.426
v 3.18 		-0.61 		3.87
v 4.47 		0.545 		0.933
v -3.75 		-0.96 		2.32
v 4.47 		0.555 		0.933
v -3.999 		-0.16 		2.32
v -3.887 		-0.304 		2.32
v 4.47 		0.93 		0.65
v 4.17 		0.93 		0.65
v -3.75 		-0.425 		2.32
v 4.17 		0.924 		0.6
v 4.47 		0.924 		0.6
v 4.197 		0.882 		0.52
v 4.445 		0.885 		0.524
v 3.564 		-0.869 		3.87
v 3.37 		-0.915 		3.87
v -4.33 		-0.452 		7.69
v -4.62 		-0.375 		7.69
v -3.98 		-1.547 		2.59
v -3.98 		-1.857 		2.653
v -3.98 		-1.947 		2.608
v -4.406 		-0.032 		7.99
v 4.047 		-0.48 		3.29
v -3.98 		-2.013 		2.59
v -4.873 		-0.72 		1.9
v -4.222 		-0.394 		7.99
v -4.328 		-0.22 		7.99
v -3.034 		1.236 		6.19
v -2.925 		1.25 		6.19
v -3.98 		-1.614 		2.608
v -4.094 		-0.013 		9.72
v -3.98 		-1.78 		2.665
v -3.98 		-1.703 		2.653
v -4.002 		-0.186 		9.72
v -2.925 		1.07 		6.44
v -3.877 		-0.337 		9.72
v -4.34 		-0.53 		7.69
v -3.98 		-2.08 		3.29
v -3.98 		-2.13 		3.281
v -4.64 		-0.53 		7.69
v -4.01 		-2.19 		3.242
v -3.726 		-0.462 		9.72
v -4.025 		-2.22 		3.187
v -4.5 		-0.09 		1.47
v -4.471 		-0.09 		1.399
v -4.64 		-1.547 		7.69
v -4.34 		-1.547 		7.69
v -4.64 		-1.967 		7.683
v -4.34 		-2.047 		7.69
v -3.17 		-0.63 		9.72
v -3.553 		-0.554 		9.72
v -4.224 		-0.09 		1.133
v -4.184 		-0.09 		1.036
v -3.365 		-0.611 		9.72
v -4.287 		-0.09 		1.216
v -4.602 		-0.37 		1.053
v -4.34 		-1.857 		7.627
v -4.34 		-1.614 		7.672
v -4.34 		-1.78 		7.615
v -4.34 		-1.703 		7.627
v -4.64 		-1.926 		7.662
v -4.64 		-1.857 		7.627
v -2.52 		-2.13 		3.11
v -2.28 		-2.13 		3.11
v -2.68 		-2.13 		2.41
v -2.68 		-2.13 		2.29
v 2.068 		1.859 		6.034
v -2.92 		-2.13 		2.41
v -2.92 		-2.13 		2.29
v -4.902 		-0.37 		1.064
v -2.52 		-2.13 		2.99
v -4.64 		-1.614 		7.672
v -2.28 		-2.13 		2.99
v -4.64 		-1.78 		7.615
v -3.135 		1.194 		6.19
v -3.084 		1.215 		6.19
v -4.64 		-1.703 		7.627
v -3.98 		-2.13 		2.599
v -4.022 		-2.213 		2.671
v 4.5 		0.95 		0.37
v 4.15 		0.95 		0.37
v 4.427 		0.818 		0.47
v 4.42 		0.73 		0.45
v 4.214 		0.814 		0.468
v 4.22 		0.73 		0.45
v -3.222 		1.127 		6.19
v -3.289 		1.04 		6.19
v -4.8 		-0.09 		1.47
v 2.354 		1.93 		5.735
v -4.151 		1.125 		9.72
v 2.33 		1.93 		5.67
v -4.746 		-0.09 		1.27
v -4.786 		-0.09 		1.366
v -0.85 		-0.96 		1.646
v -0.85 		-1.024 		1.596
v -0.65 		-1.024 		1.596
v -0.65 		-0.96 		1.646
v -0.35 		-0.96 		1.646
v -0.35 		-1.024 		1.596
v -0.15 		-1.024 		1.596
v -0.15 		-0.96 		1.646
v -4.34 		-0.988 		6.938
v -4.34 		-1.024 		6.996
v -4.34 		-0.981 		6.871
v -4.64 		-1.024 		6.996
v -0.15 		-0.96 		1.024
v -0.15 		-0.96 		1.32
v -4.683 		-0.09 		1.187
v -0.35 		-0.96 		1.024
v -0.35 		-0.96 		1.32
v -0.65 		-0.96 		1.024
v -0.65 		-0.96 		1.32
v -0.85 		-0.96 		1.024
v -0.85 		-0.96 		1.32
v 2.226 		1.93 		5.582
v 2.157 		1.93 		5.57
v 2.286 		1.93 		5.617
v -4.64 		-1.022 		6.756
v -2.115 		1 		6.44
v -2.385 		1 		6.44
v -4.64 		-0.988 		6.938
v -2.115 		0.975 		6.44
v -4.64 		-0.981 		6.871
v -2.385 		0.975 		6.44
v -1.35 		-0.96 		1.646
v -1.35 		-1.024 		1.596
v -1.15 		-1.024 		1.596
v -1.15 		-0.96 		1.646
v -1.85 		-0.96 		1.646
v -1.85 		-1.024 		1.596
v -1.65 		-1.024 		1.596
v -1.65 		-0.96 		1.646
v -3.07 		0.968 		6.44
v -3.045 		0.975 		6.44
v -2.615 		0.975 		6.44
v -2.615 		1 		6.44
v -2.885 		1 		6.44
v -4.17 		-0.09 		0.933
v -4.17 		-0.095 		0.933
v -2.885 		0.975 		6.44
v -4.499 		-0.09 		1.004
v -4.47 		-0.09 		0.933
v -4.17 		0.93 		9.72
v -4.47 		-0.095 		0.933
v -4.608 		-0.22 		0.903
v -4.33 		-0.452 		6.44
v -2.385 		0.3 		6.44
v -2.115 		0.3 		6.44
v -1.15 		-0.96 		1.024
v -1.15 		-0.96 		1.32
v -2.115 		0.325 		6.44
v -4.62 		-0.375 		6.44
v -1.35 		-0.96 		1.024
v -1.35 		-0.96 		1.32
v -2.385 		0.325 		6.44
v -4.607 		-0.277 		0.915
v -4.17 		0.37 		9.72
v -4.606 		-0.326 		0.947
v -1.65 		-0.96 		1.024
v -1.65 		-0.96 		1.32
v -4.151 		0.175 		9.72
v -1.85 		-0.96 		1.024
v -1.85 		-0.96 		1.32
v -4.604 		-0.359 		0.996
v -2.615 		0.3 		6.44
v -2.885 		0.3 		6.44
v -2.615 		0.325 		6.44
v -4.34 		-0.53 		6.44
v -4.34 		-0.88 		6.44
v -4.34 		-0.986 		6.484
v -4.34 		-1.019 		6.533
v -4.34 		-0.937 		6.451
v -0.35 		-1.065 		1.527
v -0.35 		-1.08 		1.448
v -0.15 		-1.066 		1.527
v 4.195 		-0.022 		3.87
v -0.15 		-1.08 		1.448
v -0.65 		-1.066 		1.527
v -0.85 		-1.065 		1.527
v -0.85 		-1.08 		1.448
v -0.65 		-1.08 		1.448
v -4.64 		-0.53 		6.44
v -4.64 		-0.88 		6.44
v 3.866 		1.626 		4.62
v 3.719 		1.747 		4.62
v -4.64 		-1.019 		6.533
v -4.64 		-0.986 		6.484
v -4.64 		-0.937 		6.451
v -4.907 		-0.22 		0.914
v -4.34 		-1.149 		7.039
v -4.34 		-1.233 		7.006
v -4.64 		-1.233 		7.006
v -4.64 		-1.149 		7.039
v -4.34 		-1.296 		6.99
v -4.64 		-1.296 		6.99
v 4.405 		-0.035 		3.87
v 4.326 		-0.224 		3.87
v 4.218 		-0.399 		3.87
v -4.34 		-1.082 		7.032
v -4.64 		-1.082 		7.032
v -3.045 		0.325 		6.44
v -2.885 		0.325 		6.44
v -1.35 		-1.065 		1.527
v -1.35 		-1.08 		1.448
v -1.15 		-1.066 		1.527
v -1.15 		-1.08 		1.448
v -2.925 		0.23 		6.44
v 4.28 		-0.73 		3.29
v -4.907 		-0.277 		0.925
v 4.307 		-0.63 		3.29
v 4.453 		-0.343 		3.29
v -1.65 		-1.066 		1.527
v -1.85 		-1.065 		1.527
v -1.85 		-1.08 		1.448
v 4.47 		-0.213 		3.29
v -2.925 		0.05 		6.19
v -3.034 		0.064 		6.19
v -4.906 		-0.326 		0.958
v -1.65 		-1.08 		1.448
v 4.17 		-0.213 		3.29
v -4.34 		-1.027 		6.746
v 4.143 		-0.313 		3.29
v -4.34 		-1.547 		6.99
v -4.34 		-1.857 		7.053
v -4.34 		-1.967 		6.997
v -3.345 		0.83 		6.19
v -4.34 		-2.047 		6.99
v -4.904 		-0.359 		1.006
v 4.28 		-1.547 		3.29
v 4.28 		-1.947 		3.272
v 4.28 		-1.857 		3.227
v -3.165 		0.83 		6.44
v 4.28 		-2.047 		3.29
v -3.331 		0.939 		6.19
v -0.85 		-0.98 		0.92
v -0.65 		-0.98 		0.92
v -4.34 		-1.614 		7.008
v -0.35 		-0.98 		0.92
v -0.15 		-0.98 		0.92
v -4.34 		-1.78 		7.065
v -0.15 		-0.96 		0.94
v -0.65 		-0.96 		0.94
v -4.34 		-1.703 		7.053
v -0.85 		-0.96 		0.94
v -0.35 		-0.96 		0.94
v 3.551 		1.836 		4.62
v -4.64 		-1.547 		6.99
v -4.64 		-1.947 		7.008
v -4.64 		-1.857 		7.053
v -1.85 		-0.98 		0.92
v -1.65 		-0.98 		0.92
v -1.35 		-0.98 		0.92
v -1.15 		-0.98 		0.92
v -1.15 		-0.96 		0.94
v 4.47 		0.9393 		7.68
v -4.64 		-2.013 		6.99
v -1.65 		-0.96 		0.94
v 4.17 		0.537 		7.746
v 4.47 		0.537 		7.746
v -1.85 		-0.96 		0.94
v 3.545 		1.838 		4.62
v 4.17 		0.566 		7.807
v 4.47 		0.566 		7.807
v -1.35 		-0.96 		0.94
v -4.64 		-1.614 		7.008
v -4.64 		-1.78 		7.065
v 4.17 		0.566 		7.873
v -1.353 		-0.12 		0.3
v 4.47 		0.566 		7.873
v -4.64 		-1.703 		7.053
v -1.754 		-0.095 		0.245
v -1.754 		-0.095 		0.055
v 3.427 		1.874 		4.62
v 4.17 		0.537 		7.934
v 4.47 		0.537 		7.934
v -4.34 		-1.03 		6.59
v -4.64 		-1.03 		6.59
v -1.41 		-0.109 		0.3
v -1.592 		-0.023 		0.3
v -1.685 		-0.04 		0.3
v 4.47 		0.395 		7.99
v 3.369 		1.891 		4.62
v 4.454 		0.167 		7.99
v -4.64 		-2.08 		7.69
v 4.17 		0.485 		7.975
v -4.34 		-2.13 		7.681
v 4.47 		0.485 		7.975
v -1.52 		-0.037 		0.3
v 4.17 		0.395 		7.99
v 4.151 		0.175 		7.99
v -0.85 		-1.08 		0.94
v -0.65 		-1.08 		0.94
v -4.64 		-2.13 		7.681
v -0.35 		-1.08 		0.94
v -0.15 		-1.08 		0.94
v -0.85 		-1.06 		0.92
v -0.65 		-1.06 		0.92
v -0.35 		-1.06 		0.92
v -0.15 		-1.06 		0.92
v -4.61 		-2.19 		7.642
v -4.37 		-2.19 		7.642
v -4.595 		-2.22 		7.587
v -4.385 		-2.22 		7.587
v -4.918 		-0.32 		0.6
v -4.34 		-2.13 		6.999
v -1.85 		-1.08 		0.94
v -1.65 		-1.08 		0.94
v -4.618 		-0.32 		0.589
v -1.35 		-1.08 		0.94
v -1.15 		-1.08 		0.94
v -1.85 		-1.06 		0.92
v -1.65 		-1.06 		0.92
v -4.64 		-2.13 		6.999
v -1.35 		-1.06 		0.92
v -1.15 		-1.06 		0.92
v -3.095 		1 		6.44
v -4.382 		-2.213 		7.071
v -4.598 		-2.213 		7.071
v -4.362 		-2.175 		7.027
v -4.622 		-2.166 		7.017
v -3.095 		0.925 		6.44
v -3.088 		0.95 		6.44
v -4.919 		-0.247 		0.586
v -2.35 		-0.96 		1.646
v -2.35 		-1.024 		1.596
v -2.15 		-1.024 		1.596
v -2.15 		-0.96 		1.646
v -4.619 		-0.247 		0.576
v 3.18 		1.91 		4.62
v 4.28 		-1.593 		3.283
v -2.85 		-0.96 		1.646
v -2.85 		-1.024 		1.596
v -2.65 		-1.024 		1.596
v -2.65 		-0.96 		1.646
v 3.494 		1.698 		4.77
v 4.28 		-1.78 		3.215
v -3.095 		0.3 		6.44
v 3.34 		1.744 		4.77
v 4.28 		-1.703 		3.227
v 3.18 		1.76 		4.77
v -4.92 		-0.184 		0.546
v 4.175 		0.145 		7.69
v 4.436 		-0.394 		2.59
v 4.19 		0.068 		7.69
v -4.62 		-0.184 		0.536
v 4.455 		-0.331 		2.59
v 4.17 		0.42 		7.69
v 4.143 		-0.313 		2.59
v 4.48 		0.145 		7.69
v -2.15 		-0.96 		1.024
v -2.15 		-0.96 		1.32
v -2.35 		-0.96 		1.024
v -2.35 		-0.96 		1.32
v 4.17 		-0.283 		2.583
v -4.406 		-0.032 		6.14
v 4.47 		0.223 		7.69
v -4.222 		-0.394 		6.14
v -4.328 		-0.22 		6.14
v 4.47 		0.42 		7.69
v 4.47 		-0.222 		2.565
v 4.17 		0.485 		7.705
v 4.47 		0.485 		7.705
v 4.17 		-0.228 		2.564
v -3.165 		0.47 		6.44
v -4.186 		-0.045 		6.14
v -0.2 		1.9 		4.02
v 4.17 		-0.213 		2.59
v -0.2 		1.864 		4.02
v -3.095 		0.375 		6.44
v -0.2 		1.81 		4.02
v -3.091 		0.356 		6.44
v -3.08 		0.34 		6.44
v 3.758 		1.521 		4.77
v -0.2 		1.93 		3.877
v -4.17 		-0.714 		0.6
v -4.196 		-0.675 		0.524
v -3.331 		0.361 		6.19
v -3.345 		0.47 		6.19
v -3.222 		0.173 		6.19
v -3.289 		0.26 		6.19
v 3.862 		1.396 		4.77
v -3.135 		0.106 		6.19
v 3.986 		1.479 		4.62
v -4.445 		-0.675 		0.524
v -4.47 		-0.714 		0.6
v 4.076 		1.312 		4.62
v -0.244 		1.9 		3.914
v 3.97 		1.499 		4.62
v -0.211 		1.9 		3.963
v 4.28 		-0.73 		2.59
v -0.211 		1.81 		3.963
v -0.244 		1.81 		3.914
v 4.307 		-0.63 		2.59
v -1.582 		2.143 		6.129
v 4.609 		-0.32 		2.291
v -0.2 		1.9 		3.882
v -0.2 		1.903 		3.87
v 4.809 		-0.32 		2.298
v -1.605 		2.164 		6.066
v 4.816 		-0.44 		2.28
v -2.85 		-0.96 		1.024
v -1.65 		2.181 		6.015
v -2.85 		-0.96 		1.32
v -0.2 		1.9 		3.87
v -2.65 		-0.96 		1.024
v -2.65 		-0.96 		1.32
v -1.71 		2.192 		5.982
v -0.2 		1.81 		3.87
v -4.17 		-0.72 		0.65
v -4.47 		-0.72 		0.65
v -3.575 		-1.01 		1.97
v -3.486 		-0.96 		2.003
v -0.5 		1.9 		3.87
v -0.35 		1.9 		3.87
v -0.293 		1.9 		3.881
v -3.455 		-1.01 		1.934
v 4.17 		0.9408 		6.4
v -3.328 		-0.96 		1.878
v 4.47 		-0.126 		2.385
v -0.293 		1.81 		3.881
v -0.35 		1.81 		3.87
v -0.5 		1.81 		3.87
v -3.38 		-1.01 		1.866
v 4.17 		-0.168 		2.516
v 4.47 		-0.154 		2.501
v 4.17 		-0.123 		2.373
v 4.17 		-0.128 		2.432
v -4.612 		-0.72 		0.789
v 4.47 		0.531 		6.389
v -3.294 		-0.96 		1.801
v -4.911 		-0.72 		0.8
v 4.42 		0.57 		6.29
v -0.65 		1.9 		4.02
v -0.639 		1.9 		3.963
v 3.937 		1.255 		4.77
v -0.606 		1.9 		3.914
v -0.557 		1.9 		3.881
v 4.368 		0.56 		6.238
v 4.17 		-0.135 		2.313
v 4.47 		0.561 		6.245
v -0.557 		1.81 		3.881
v -0.606 		1.81 		3.914
v -0.639 		1.81 		3.963
v -0.65 		1.81 		4.02
v 4.47 		0.531 		6.191
v -1.94 		2.192 		5.982
v -2 		2.181 		6.015
v -2.045 		2.164 		6.066
v 4.47 		0.566 		6.323
v -0.119 		1.91 		3.357
v 4.17 		0.526 		6.396
v 4.17 		-0.179 		2.248
v 4.47 		-0.256 		2.204
v 4.47 		-0.162 		2.272
v 4.17 		0.559 		6.347
v -0.118 		1.81 		3.352
v 4.17 		0.57 		6.29
v -0.228 		1.91 		3.305
v -4.918 		-0.52 		0.6
v -3.335 		-1.01 		1.775
v -4.618 		-0.52 		0.589
v 4.316 		0.527 		6.186
v -0.159 		1.86 		3.129
v -0.159 		1.81 		3.129
v -4.918 		-0.597 		0.615
v -0.086 		1.81 		3.178
v -0.086 		1.86 		3.178
v -3.326 		-1.01 		1.675
v -4.618 		-0.597 		0.605
v -3.276 		-0.96 		1.673
v 4.17 		0.42 		6.44
v 4.173 		0.184 		6.44
v -4.616 		-0.661 		0.648
v -0.225 		1.81 		3.301
v -3.302 		-0.96 		1.569
v 4.19 		0.068 		6.44
v -3.354 		-1.01 		1.577
v 4.604 		-0.44 		2.273
v 4.48 		0.145 		6.44
v 4.47 		0.223 		6.44
v 4.47 		0.42 		6.44
v -0.317 		1.91 		3.223
v -0.377 		1.91 		3.118
v 3.135 		1.194 		4.77
v 4.17 		0.477 		6.429
v -0.372 		1.81 		3.116
v -0.313 		1.81 		3.219
v 3.222 		1.127 		4.77
v 3.289 		1.04 		4.77
v 4.17 		-0.259 		2.202
v 4.17 		-0.32 		2.19
v 4.47 		-0.32 		2.19
v -3.6 		-0.96 		2.025
v -4.614 		-0.705 		0.713
v -3.906 		-0.96 		1.801
v -4.914 		-0.705 		0.723
v -3.819 		-1.01 		1.866
v 4.47 		0.481 		6.426
v -3.813 		-0.96 		1.942
v -4.916 		-0.661 		0.659
v -3.745 		-1.01 		1.934
v -3.677 		-1.01 		1.96
v 4.868 		-0.689 		2.05
v 4.835 		-0.549 		2.227
v 4.864 		-0.632 		2.15
v 4.282 		0.477 		6.152
v -3.898 		-0.96 		1.569
v -3.846 		-1.01 		1.577
v 4.281 		0.477 		6.151
v 4.47 		0.481 		6.154
v -3.874 		-1.01 		1.675
v -4.525 		-0.12 		0.3
v -4.572 		-0.12 		0.312
v -4.607 		-0.12 		0.344
v -3.924 		-0.96 		1.673
v -3.864 		-1.01 		1.775
v 4.15 		-0.96 		2.32
v 4.588 		-0.549 		2.219
v -3.366 		-0.96 		1.476
v -4.622 		-0.139 		0.476
v -4.922 		-0.139 		0.486
v -3.415 		-1.01 		1.497
v -4.925 		-0.12 		0.409
v -4.625 		-0.12 		0.4
v 4.47 		-0.597 		2.175
v -3.477 		-0.96 		1.403
v -3.501 		-1.01 		1.444
v 4.47 		-0.661 		2.131
v 4.47 		-0.705 		2.067
v -0.85 		1.91 		3.52
v -0.991 		1.91 		3.579
v -0.926 		1.91 		3.535
v -4.911 		-0.12 		0.297
v -0.85 		1.9 		3.52
v -0.926 		1.9 		3.535
v -0.991 		1.9 		3.579
v -3.142 		-0.96 		1.32
v 4.17 		0.57 		6.04
v -1.05 		1.91 		3.72
v -3.6 		-1.01 		1.425
v -3.613 		-0.96 		1.379
v -3.699 		-1.01 		1.444
v -4.871 		-0.12 		0.2
v -4.808 		-0.12 		0.117
v -4.629 		-0.12 		0.014
v -3.739 		-0.96 		1.409
v -3.785 		-1.01 		1.497
v -4.15 		-0.96 		0.37
v -1.035 		1.91 		3.643
v -4.213 		-0.608 		0.47
v -4.22 		-0.52 		0.45
v -1.035 		1.9 		3.643
v -1.05 		1.9 		3.72
v -4.42 		-0.52 		0.45
v -0.208 		1.81 		2.884
v -0.208 		1.86 		2.884
v -4.427 		-0.608 		0.47
v -0.225 		1.81 		2.97
v -0.225 		1.86 		2.97
v -0.208 		1.81 		3.056
v -0.208 		1.86 		3.056
v -2.35 		-1.065 		1.527
v -2.35 		-1.08 		1.448
v -2.15 		-1.066 		1.527
v -2.15 		-1.08 		1.448
v -2.65 		-1.066 		1.527
v -2.85 		-1.065 		1.527
v -2.85 		-1.08 		1.448
v -2.65 		-1.08 		1.448
v -0.404 		1.91 		3
v -0.395 		1.91 		2.88
v -3.38 		-1.13 		1.866
v 2.925 		1.25 		4.77
v -0.39 		1.81 		2.881
v 3.034 		1.236 		4.77
v -3.455 		-1.13 		1.934
v -0.399 		1.81 		3
v -3.575 		-1.13 		1.97
v 4 		0.94 		4.77
v -3.508 		-1.481 		1.922
v 3.345 		0.83 		4.77
v 3.331 		0.939 		4.77
v -3.43 		-1.481 		1.87
v -0.176 		1.91 		2.605
v -3.378 		-1.481 		1.792
v -0.06 		1.91 		2.569
v 3.938 		0.046 		4.77
v -0.086 		1.81 		2.762
v -0.086 		1.86 		2.762
v 3.984 		0.2 		4.77
v -0.159 		1.81 		2.811
v -0.159 		1.86 		2.811
v 4 		0.36 		4.77
v -0.06 		1.81 		2.575
v -0.174 		1.81 		2.61
v -3.354 		-1.13 		1.577
v -3.326 		-1.13 		1.675
v -3.335 		-1.13 		1.775
v 3.289 		0.26 		4.77
v 3.345 		0.47 		4.77
v 3.331 		0.361 		4.77
v -3.36 		-1.481 		1.7
v -0.276 		1.91 		2.673
v -0.351 		1.91 		2.767
v -3.378 		-1.481 		1.608
v 3.222 		0.173 		4.77
v 3.135 		0.106 		4.77
v 2.925 		0.05 		4.77
v -0.272 		1.81 		2.677
v -0.346 		1.81 		2.77
v 3.034 		0.064 		4.77
v 2.045 		2.164 		6.066
v 2 		2.181 		6.015
v 1.94 		2.192 		5.982
v 1.65 		2.181 		6.015
v 1.605 		2.164 		6.066
v 1.71 		2.192 		5.982
v 1.582 		2.143 		6.129
v -3.65 		-1.13 		1.97
v -3.745 		-1.13 		1.934
v -3.819 		-1.13 		1.866
v 2.045 		1.879 		5.972
v 2 		1.896 		5.921
v -3.6 		-1.481 		1.94
v -3.822 		-1.481 		1.792
v 1.94 		1.907 		5.888
v -3.77 		-1.481 		1.87
v 1.871 		1.911 		5.876
v -3.692 		-1.481 		1.922
v 1.582 		1.859 		6.034
v 1.65 		1.896 		5.921
v 1.71 		1.907 		5.888
v 1.605 		1.879 		5.972
v -3.864 		-1.13 		1.775
v -3.874 		-1.13 		1.675
v 1.32 		1.93 		5.67
v 1.296 		1.93 		5.735
v -3.846 		-1.13 		1.577
v -3.822 		-1.481 		1.608
v 1.364 		1.93 		5.617
v -3.84 		-1.481 		1.7
v 1.424 		1.93 		5.582
v 1.493 		1.93 		5.57
v 1.05 		1.91 		4.37
v 1.05 		1.9 		4.37
v 0.2 		1.91 		4.62
v 0.2 		1.76 		4.77
v 0.2 		1.25 		4.77
v 0.2 		1.25 		4.71
v -3.522 		-1.58 		1.862
v -3.459 		-1.58 		1.812
v -3.428 		-1.58 		1.727
v -3.459 		-1.58 		1.588
v 0.65 		1.9 		4.17
v 0.639 		1.9 		4.227
v 0.606 		1.9 		4.276
v 0.557 		1.9 		4.309
v 0.557 		1.81 		4.309
v 0.606 		1.81 		4.276
v 0.639 		1.81 		4.227
v 0.65 		1.81 		4.17
v -3.522 		-1.58 		1.538
v 0.2 		1.91 		4.57
v 0.35 		1.9 		4.32
v -3.6 		-1.58 		1.88
v 0.5 		1.9 		4.32
v -3.678 		-1.58 		1.538
v 0.35 		1.81 		4.32
v 0.293 		1.81 		4.309
v -3.741 		-1.58 		1.588
v 0.5 		1.81 		4.32
v -3.772 		-1.58 		1.727
v 0.214 		1.914 		4.226
v 0.247 		1.9 		4.279
v -3.741 		-1.58 		1.812
v -3.678 		-1.58 		1.862
v 0.211 		1.81 		4.228
v 0.244 		1.81 		4.276
v 0.2 		1.93 		4.164
v -3.501 		-1.13 		1.444
v -3.415 		-1.13 		1.497
v 0.2 		1.825 		4.17
v -3.43 		-1.481 		1.53
v -3.508 		-1.481 		1.478
v 0.2 		1.39 		4.57
v 0.2 		0.05 		4.72
v 0.2 		0.05 		4.77
v 3.726 		-0.462 		7.99
v 3.877 		-0.337 		7.99
v 4.002 		-0.186 		7.99
v 4.094 		-0.013 		7.99
v -3.6 		-1.13 		1.425
v -3.785 		-1.13 		1.497
v -3.699 		-1.13 		1.444
v 3.934 		-0.682 		7.99
v 4.089 		-0.549 		7.99
v 3.76 		-0.788 		7.99
v -3.6 		-1.481 		1.46
v 3.17 		-0.93 		7.99
v 3.373 		-0.914 		7.99
v 3.572 		-0.866 		7.99
v -3.692 		-1.481 		1.478
v 3.17 		-0.63 		7.99
v -3.77 		-1.481 		1.53
v 3.365 		-0.611 		7.99
v 3.553 		-0.554 		7.99
v 3.093 		-0.73 		6.151
v 3.093 		-0.93 		6.151
v 2.907 		-0.73 		6.679
v 2.85 		-0.73 		6.69
v -3.6 		-1.58 		1.52
v 2.907 		-0.93 		6.679
v 2.85 		-0.93 		6.69
v 2.9 		-0.63 		6.54
v 3 		-0.73 		6.54
v 3 		-0.93 		6.54
v 2.872 		-0.63 		6.584
v 2.956 		-0.73 		6.646
v 2.989 		-0.73 		6.597
v 2.85 		-0.63 		6.59
v -2.85 		-0.98 		0.92
v -2.65 		-0.98 		0.92
v -2.35 		-0.98 		0.92
v -2.15 		-0.98 		0.92
v 2.989 		-0.93 		6.597
v -2.15 		-0.96 		0.94
v 2.956 		-0.93 		6.646
v -2.85 		-0.96 		0.94
v -2.65 		-0.96 		0.94
v 2.9 		-0.63 		6.29
v 3 		-0.73 		6.29
v -2.35 		-0.96 		0.94
v 2.919 		-0.63 		6.195
v 3.011 		-0.73 		6.233
v -2.846 		-0.095 		0.055
v -2.846 		-0.095 		0.245
v 3.044 		-0.73 		6.184
v -2.915 		-0.04 		0.3
v -3.008 		-0.023 		0.3
v 3 		-0.93 		6.29
v 3.044 		-0.93 		6.184
v -3.142 		-0.96 		0.37
v -3.08 		-0.037 		0.3
v 3.011 		-0.93 		6.233
v -3.19 		-0.109 		0.3
v -3.247 		-0.12 		0.3
v -2.85 		-1.08 		0.94
v -2.65 		-1.08 		0.94
v -2.35 		-1.08 		0.94
v -2.15 		-1.08 		0.94
v -2.85 		-1.06 		0.92
v -2.65 		-1.06 		0.92
v -2.35 		-1.06 		0.92
v -2.15 		-1.06 		0.92
v -4.17 		0.57 		3.97
v -4.47 		0.57 		3.67
v -4.47 		0.555 		3.746
v -4.395 		0.553 		3.745
v -4.382 		0.55 		3.758
v -4.286 		0.447 		3.854
v -4.284 		0.443 		3.856
v -4.47 		0.447 		3.854
# 3142 vertices

g group_0_11909273

usemtl color_11909273
s 0

f 1 	2 	3
f 1 	3 	4
f 5 	6 	8
f 9 	10 	11
f 9 	11 	13
f 8 	12 	5
f 15 	18 	14
f 18 	16 	14
f 13 	19 	20
f 13 	20 	9
f 20 	323 	9
f 21 	25 	23
f 26 	23 	25
f 1524 	19 	13
f 11 	34 	1077
f 31 	32 	33
f 31 	33 	34
f 10 	1063 	31
f 38 	36 	7
f 39 	40 	2905
f 40 	44 	2905
f 7 	727 	38
f 31 	1063 	32
f 48 	29 	37
f 67 	68 	45
f 40 	39 	239
f 45 	48 	67
f 64 	65 	48
f 37 	64 	48
f 41 	42 	56
f 32 	63 	33
f 42 	43 	51
f 54 	42 	51
f 118 	75 	52
f 53 	118 	52
f 55 	52 	75
f 54 	56 	42
f 79 	53 	52
f 27 	30 	58
f 79 	52 	55
f 43 	68 	51
f 57 	50 	68
f 50 	51 	68
f 3093 	53 	79
f 67 	48 	62
f 32 	88 	63
f 118 	33 	63
f 62 	48 	65
f 60 	2613 	61
f 43 	45 	68
f 72 	57 	71
f 66 	61 	90
f 63 	70 	118
f 71 	57 	73
f 76 	57 	77
f 76 	73 	57
f 68 	77 	57
f 70 	75 	118
f 57 	112 	89
f 2710 	2719 	78
f 2609 	2710 	78
f 82 	119 	84
f 86 	79 	55
f 84 	117 	85
f 98 	92 	85
f 78 	59 	2609
f 2588 	2609 	59
f 87 	85 	92
f 32 	1063 	88
f 89 	119 	82
f 101 	63 	88
f 85 	117 	98
f 91 	66 	90
f 6 	97 	8
f 63 	101 	70
f 94 	102 	96
f 93 	87 	92
f 1063 	1107 	88
f 467 	465 	103
f 55 	75 	86
f 5 	12 	103
f 106 	86 	75
f 98 	117 	99
f 99 	117 	104
f 5 	91 	90
f 100 	97 	90
f 6 	90 	97
f 5 	90 	6
f 122 	104 	120
f 70 	106 	75
f 74 	81 	2779
f 101 	106 	70
f 5 	103 	91
f 123 	104 	122
f 47 	36 	108
f 38 	108 	36
f 101 	88 	1117
f 81 	107 	2779
f 79 	86 	544
f 106 	541 	86
f 107 	81 	74
f 111 	89 	110
f 57 	72 	114
f 57 	114 	115
f 57 	115 	112
f 110 	89 	112
f 33 	1080 	34
f 117 	84 	119
f 120 	104 	117
f 111 	119 	89
f 123 	132 	104
f 116 	109 	74
f 125 	104 	132
f 144 	134 	135
f 137 	143 	135
f 116 	2787 	109
f 138 	141 	137
f 143 	137 	141
f 140 	141 	138
f 3139 	3135 	96
f 203 	145 	128
f 107 	74 	109
f 2295 	2296 	147
f 136 	128 	154
f 136 	154 	147
f 154 	128 	145
f 148 	235 	150
f 232 	148 	150
f 150 	35 	232
f 152 	333 	153
f 144 	135 	143
f 158 	155 	156
f 158 	156 	157
f 146 	147 	727
f 158 	157 	142
f 168 	158 	165
f 164 	165 	158
f 189 	168 	170
f 189 	170 	171
f 173 	181 	171
f 172 	426 	161
f 162 	161 	426
f 172 	161 	166
f 174 	167 	169
f 174 	169 	175
f 159 	179 	173
f 179 	181 	173
f 181 	182 	189
f 163 	164 	158
f 166 	3029 	172
f 727 	7 	146
f 727 	147 	154
f 126 	231 	151
f 177 	159 	176
f 179 	159 	177
f 175 	169 	509
f 154 	145 	718
f 160 	176 	159
f 189 	171 	181
f 2019 	535 	3136
f 183 	189 	182
f 186 	189 	183
f 187 	189 	186
f 178 	189 	187
f 191 	211 	192
f 180 	428 	162
f 188 	429 	428
f 142 	194 	158
f 192 	211 	195
f 200 	211 	199
f 200 	195 	211
f 211 	220 	196
f 197 	211 	196
f 197 	199 	211
f 215 	230 	206
f 204 	205 	229
f 214 	201 	203
f 198 	223 	202
f 222 	215 	196
f 220 	222 	196
f 127 	214 	203
f 206 	207 	215
f 127 	203 	128
f 207 	208 	215
f 259 	188 	202
f 185 	203 	190
f 718 	145 	184
f 185 	184 	145
f 145 	203 	185
f 201 	190 	203
f 169 	247 	509
f 244 	246 	535
f 210 	218 	211
f 263 	259 	202
f 202 	223 	263
f 243 	233 	241
f 221 	216 	219
f 210 	217 	218
f 220 	211 	218
f 208 	196 	215
f 224 	163 	158
f 229 	225 	193
f 225 	224 	194
f 158 	194 	224
f 219 	231 	221
f 178 	227 	189
f 205 	206 	230
f 193 	225 	194
f 212 	209 	237
f 229 	205 	230
f 193 	204 	229
f 263 	223 	417
f 209 	228 	237
f 232 	230 	215
f 219 	151 	231
f 2328 	214 	127
f 233 	234 	215
f 236 	243 	241
f 212 	237 	214
f 237 	201 	214
f 234 	232 	215
f 238 	236 	241
f 244 	213 	242
f 244 	242 	245
f 215 	241 	233
f 198 	235 	240
f 240 	223 	198
f 201 	237 	265
f 228 	266 	237
f 246 	244 	245
f 246 	245 	247
f 247 	169 	246
f 167 	246 	169
f 247 	245 	509
f 250 	241 	249
f 252 	241 	250
f 241 	215 	249
f 255 	257 	254
f 305 	303 	260
f 261 	188 	259
f 429 	188 	262
f 261 	262 	188
f 261 	263 	264
f 261 	259 	263
f 256 	124 	139
f 264 	263 	417
f 382 	2340 	270
f 2340 	537 	270
f 266 	228 	267
f 190 	201 	265
f 265 	237 	266
f 272 	321 	251
f 139 	272 	251
f 273 	279 	274
f 274 	281 	258
f 231 	126 	256
f 280 	274 	279
f 256 	126 	124
f 260 	258 	281
f 447 	437 	309
f 272 	269 	321
f 283 	278 	282
f 279 	273 	278
f 281 	274 	280
f 273 	282 	278
f 288 	283 	282
f 286 	287 	284
f 282 	284 	288
f 288 	284 	287
f 289 	294 	286
f 133 	130 	269
f 290 	292 	289
f 269 	272 	133
f 276 	309 	437
f 277 	276 	437
f 294 	289 	292
f 287 	286 	294
f 291 	292 	290
f 291 	290 	310
f 139 	133 	272
f 296 	299 	295
f 251 	256 	139
f 299 	296 	300
f 189 	295 	299
f 130 	346 	269
f 303 	305 	302
f 302 	306 	301
f 298 	300 	301
f 258 	260 	303
f 297 	301 	306
f 298 	301 	297
f 305 	306 	302
f 275 	293 	2609
f 296 	301 	300
f 293 	275 	444
f 276 	2611 	309
f 444 	449 	307
f 307 	293 	444
f 130 	304 	638
f 133 	304 	130
f 133 	139 	304
f 2883 	139 	124
f 312 	313 	311
f 311 	314 	310
f 304 	139 	2883
f 315 	310 	314
f 291 	310 	315
f 317 	316 	324
f 323 	324 	316
f 304 	321 	638
f 692 	691 	319
f 313 	312 	325
f 325 	317 	324
f 314 	311 	313
f 317 	325 	312
f 318 	46 	319
f 323 	316 	345
f 44 	239 	46
f 249 	215 	954
f 189 	327 	295
f 449 	447 	309
f 333 	434 	275
f 462 	270 	463
f 271 	463 	270
f 304 	2883 	321
f 692 	319 	615
f 40 	239 	44
f 319 	46 	239
f 330 	328 	329
f 338 	331 	332
f 17 	251 	321
f 331 	338 	330
f 328 	327 	329
f 189 	329 	327
f 328 	330 	338
f 152 	334 	333
f 256 	17 	28
f 256 	251 	17
f 320 	2973 	326
f 337 	340 	336
f 28 	231 	256
f 2773 	2770 	334
f 2773 	334 	335
f 2959 	2973 	308
f 320 	308 	2973
f 332 	339 	338
f 337 	338 	339
f 337 	339 	340
f 335 	2734 	2773
f 275 	153 	333
f 2872 	22 	226
f 343 	349 	342
f 316 	342 	345
f 345 	342 	349
f 638 	346 	130
f 351 	341 	353
f 350 	348 	343
f 354 	348 	350
f 349 	343 	348
f 350 	351 	354
f 353 	354 	351
f 352 	353 	341
f 356 	369 	355
f 400 	269 	346
f 357 	364 	356
f 357 	336 	367
f 367 	336 	340
f 367 	364 	357
f 365 	356 	364
f 369 	356 	365
f 360 	355 	369
f 355 	360 	370
f 371 	370 	360
f 375 	373 	371
f 370 	371 	373
f 374 	373 	375
f 375 	379 	374
f 2897 	361 	362
f 362 	363 	2897
f 363 	368 	2897
f 2897 	368 	382
f 374 	379 	376
f 379 	380 	376
f 378 	376 	380
f 380 	381 	378
f 341 	378 	381
f 352 	341 	381
f 372 	385 	377
f 219 	384 	359
f 151 	219 	359
f 386 	391 	382
f 384 	219 	216
f 384 	385 	366
f 372 	366 	385
f 382 	270 	386
f 366 	359 	384
f 239 	226 	615
f 715 	387 	271
f 416 	344 	383
f 344 	347 	383
f 715 	389 	387
f 282 	273 	427
f 258 	699 	274
f 391 	476 	390
f 274 	699 	704
f 273 	274 	392
f 391 	389 	476
f 274 	704 	392
f 427 	273 	392
f 1321 	320 	326
f 944 	1827 	1448
f 393 	618 	394
f 394 	618 	395
f 395 	618 	385
f 57 	89 	1033
f 615 	226 	620
f 397 	2729 	396
f 261 	264 	268
f 261 	268 	262
f 399 	3071 	401
f 398 	3070 	399
f 347 	344 	405
f 403 	405 	344
f 404 	406 	396
f 397 	396 	406
f 405 	407 	383
f 415 	383 	407
f 513 	506 	404
f 483 	466 	404
f 262 	409 	429
f 411 	429 	410
f 409 	410 	429
f 255 	961 	414
f 383 	347 	405
f 408 	2813 	429
f 411 	408 	429
f 397 	480 	2859
f 397 	406 	480
f 418 	268 	417
f 419 	268 	418
f 420 	268 	419
f 268 	264 	417
f 416 	383 	415
f 474 	406 	512
f 406 	477 	493
f 404 	421 	422
f 406 	404 	422
f 268 	420 	409
f 268 	409 	262
f 249 	955 	250
f 442 	423 	424
f 405 	403 	407
f 409 	420 	419
f 409 	419 	410
f 423 	425 	424
f 250 	955 	956
f 250 	956 	252
f 410 	419 	418
f 410 	418 	411
f 254 	252 	958
f 411 	418 	417
f 411 	417 	408
f 958 	252 	956
f 425 	603 	424
f 3065 	180 	426
f 426 	172 	3065
f 180 	162 	426
f 255 	254 	958
f 149 	1240 	148
f 512 	406 	503
f 162 	774 	161
f 412 	585 	413
f 586 	413 	585
f 503 	406 	422
f 389 	715 	388
f 586 	588 	413
f 953 	946 	388
f 583 	1240 	149
f 391 	390 	382
f 284 	282 	427
f 386 	389 	391
f 774 	162 	428
f 321 	642 	638
f 433 	427 	2669
f 318 	319 	691
f 950 	953 	715
f 946 	949 	388
f 386 	387 	389
f 431 	3067 	430
f 434 	444 	275
f 434 	333 	59
f 60 	61 	435
f 691 	620 	318
f 437 	60 	435
f 61 	66 	435
f 435 	66 	439
f 435 	439 	458
f 604 	609 	424
f 80 	60 	437
f 427 	433 	284
f 422 	421 	443
f 433 	438 	286
f 59 	78 	444
f 59 	444 	434
f 284 	433 	286
f 80 	437 	447
f 438 	289 	286
f 457 	445 	448
f 442 	424 	609
f 447 	449 	80
f 83 	80 	449
f 443 	457 	448
f 458 	285 	437
f 437 	435 	458
f 449 	444 	83
f 78 	83 	444
f 2663 	288 	287
f 528 	529 	448
f 521 	528 	445
f 443 	507 	422
f 448 	525 	443
f 452 	423 	442
f 309 	307 	449
f 462 	469 	270
f 236 	238 	581
f 421 	453 	443
f 472 	389 	388
f 454 	452 	445
f 442 	445 	452
f 209 	212 	2374
f 390 	472 	388
f 457 	454 	445
f 596 	595 	454
f 457 	596 	454
f 453 	457 	443
f 285 	458 	2613
f 505 	508 	421
f 506 	505 	421
f 459 	8 	97
f 459 	97 	460
f 100 	460 	97
f 458 	460 	90
f 100 	90 	460
f 90 	2613 	458
f 458 	12 	8
f 458 	8 	459
f 458 	459 	460
f 407 	403 	415
f 271 	387 	463
f 285 	277 	437
f 439 	465 	458
f 439 	66 	91
f 513 	404 	461
f 461 	404 	466
f 91 	103 	465
f 467 	103 	12
f 465 	439 	91
f 465 	12 	458
f 468 	466 	483
f 465 	467 	12
f 386 	270 	469
f 265 	2348 	190
f 464 	468 	483
f 469 	462 	471
f 463 	471 	462
f 471 	463 	387
f 483 	404 	479
f 387 	386 	469
f 387 	469 	471
f 472 	473 	389
f 475 	476 	473
f 475 	473 	472
f 472 	390 	475
f 455 	440 	446
f 461 	466 	474
f 477 	474 	466
f 127 	128 	2328
f 2310 	2328 	128
f 478 	477 	466
f 478 	466 	468
f 477 	406 	474
f 478 	468 	464
f 398 	292 	291
f 399 	292 	398
f 478 	493 	477
f 478 	464 	518
f 518 	493 	478
f 401 	287 	294
f 404 	396 	479
f 399 	401 	292
f 294 	292 	401
f 136 	2310 	128
f 396 	2724 	479
f 390 	476 	475
f 476 	389 	473
f 535 	1148 	244
f 2856 	2859 	479
f 493 	479 	480
f 2374 	578 	484
f 1478 	290 	289
f 484 	578 	481
f 209 	2374 	484
f 136 	2296 	2310
f 146 	2295 	147
f 242 	1024 	245
f 246 	167 	535
f 136 	147 	2296
f 501 	486 	492
f 491 	502 	643
f 482 	501 	492
f 625 	456 	455
f 483 	482 	464
f 599 	464 	482
f 492 	486 	482
f 486 	485 	482
f 485 	599 	482
f 480 	406 	493
f 493 	495 	482
f 493 	482 	483
f 479 	493 	483
f 400 	346 	470
f 498 	496 	486
f 485 	486 	496
f 498 	486 	501
f 488 	2967 	489
f 495 	501 	482
f 498 	495 	496
f 501 	495 	498
f 489 	2967 	497
f 503 	504 	505
f 503 	505 	506
f 299 	542 	545
f 504 	507 	508
f 504 	508 	505
f 488 	490 	2967
f 134 	144 	299
f 299 	144 	1027
f 531 	594 	453
f 545 	134 	299
f 299 	539 	542
f 299 	522 	539
f 512 	503 	506
f 512 	506 	513
f 678 	295 	746
f 453 	421 	508
f 508 	531 	453
f 504 	422 	507
f 503 	422 	504
f 513 	461 	512
f 474 	512 	461
f 506 	421 	404
f 464 	598 	518
f 519 	526 	516
f 495 	493 	518
f 502 	491 	494
f 533 	523 	524
f 523 	521 	442
f 445 	442 	521
f 500 	519 	499
f 519 	500 	526
f 529 	528 	596
f 497 	517 	489
f 448 	445 	528
f 525 	529 	596
f 529 	525 	448
f 507 	443 	520
f 520 	443 	525
f 507 	520 	508
f 531 	508 	520
f 530 	527 	514
f 533 	534 	523
f 521 	523 	534
f 497 	530 	517
f 524 	536 	533
f 494 	2376 	502
f 517 	530 	514
f 538 	549 	537
f 509 	1148 	535
f 530 	2986 	540
f 515 	516 	526
f 509 	535 	510
f 494 	544 	487
f 540 	543 	561
f 440 	519 	516
f 456 	648 	455
f 541 	487 	544
f 510 	535 	532
f 540 	2987 	543
f 499 	455 	648
f 494 	491 	538
f 440 	455 	499
f 494 	538 	544
f 537 	544 	538
f 499 	519 	440
f 2340 	2396 	537
f 636 	549 	538
f 446 	515 	526
f 2268 	706 	515
f 639 	547 	643
f 491 	643 	546
f 500 	446 	526
f 2025 	2027 	242
f 2828 	511 	2787
f 546 	643 	547
f 565 	450 	451
f 538 	491 	546
f 581 	238 	450
f 214 	2328 	2361
f 137 	761 	138
f 597 	636 	538
f 254 	257 	441
f 252 	254 	441
f 2361 	212 	214
f 522 	551 	763
f 637 	693 	549
f 537 	550 	271
f 715 	271 	550
f 113 	116 	552
f 549 	550 	537
f 121 	113 	552
f 553 	555 	556
f 553 	556 	557
f 552 	129 	121
f 74 	552 	116
f 557 	556 	592
f 255 	588 	257
f 558 	2124 	559
f 2828 	129 	552
f 553 	557 	592
f 441 	1240 	1241
f 552 	511 	2828
f 2124 	322 	559
f 2028 	1025 	2027
f 560 	1599 	564
f 1638 	564 	1599
f 1254 	441 	1241
f 560 	566 	562
f 565 	1240 	563
f 1254 	432 	441
f 566 	560 	564
f 257 	1240 	441
f 562 	574 	677
f 571 	574 	562
f 572 	574 	571
f 573 	574 	572
f 575 	677 	574
f 555 	675 	575
f 575 	646 	555
f 415 	2109 	416
f 415 	403 	2109
f 450 	565 	563
f 562 	566 	571
f 659 	571 	566
f 450 	563 	581
f 554 	567 	540
f 530 	540 	567
f 567 	527 	530
f 561 	554 	540
f 589 	592 	547
f 589 	547 	744
f 577 	578 	579
f 561 	543 	568
f 563 	1240 	581
f 578 	487 	579
f 2395 	2348 	265
f 581 	1240 	582
f 541 	593 	487
f 238 	241 	441
f 265 	266 	2395
f 236 	581 	582
f 582 	583 	236
f 243 	236 	583
f 149 	243 	583
f 588 	255 	414
f 414 	413 	588
f 579 	487 	593
f 1530 	1473 	585
f 588 	586 	1471
f 590 	591 	555
f 556 	555 	591
f 592 	556 	591
f 553 	592 	589
f 521 	534 	528
f 608 	423 	536
f 531 	520 	594
f 525 	594 	520
f 528 	534 	595
f 364 	367 	587
f 596 	528 	595
f 551 	191 	763
f 595 	534 	452
f 452 	454 	595
f 534 	533 	452
f 596 	594 	525
f 2346 	184 	185
f 191 	803 	763
f 457 	453 	594
f 596 	457 	594
f 639 	744 	547
f 299 	551 	522
f 2346 	185 	2347
f 600 	601 	602
f 599 	496 	598
f 485 	496 	599
f 464 	599 	598
f 185 	190 	2347
f 299 	191 	551
f 580 	759 	614
f 365 	580 	614
f 602 	577 	579
f 518 	598 	495
f 496 	495 	598
f 424 	603 	604
f 605 	606 	302
f 603 	607 	604
f 603 	612 	607
f 600 	602 	579
f 579 	593 	600
f 423 	608 	425
f 603 	425 	608
f 452 	536 	423
f 533 	536 	452
f 597 	547 	592
f 302 	606 	303
f 524 	523 	442
f 609 	524 	442
f 607 	609 	604
f 4 	610 	611
f 4 	611 	1
f 301 	605 	302
f 610 	612 	613
f 610 	613 	611
f 640 	641 	600
f 2396 	266 	267
f 258 	303 	606
f 622 	500 	649
f 592 	591 	597
f 616 	687 	615
f 2117 	2368 	393
f 538 	546 	597
f 377 	385 	618
f 617 	618 	393
f 617 	393 	616
f 546 	547 	597
f 616 	615 	617
f 620 	617 	615
f 691 	690 	620
f 2361 	2367 	212
f 226 	318 	620
f 621 	601 	600
f 239 	615 	319
f 500 	622 	446
f 601 	621 	623
f 630 	601 	623
f 624 	400 	470
f 621 	644 	623
f 344 	626 	403
f 656 	643 	568
f 625 	622 	649
f 637 	628 	627
f 597 	591 	628
f 577 	118 	578
f 637 	597 	628
f 543 	655 	568
f 649 	673 	625
f 629 	630 	694
f 630 	623 	694
f 633 	1184 	632
f 634 	365 	614
f 101 	1117 	106
f 622 	455 	446
f 634 	781 	365
f 456 	624 	470
f 541 	544 	86
f 625 	624 	456
f 614 	619 	634
f 455 	622 	625
f 656 	568 	655
f 590 	628 	591
f 781 	634 	631
f 632 	631 	634
f 258 	606 	700
f 577 	787 	118
f 637 	549 	636
f 641 	621 	600
f 641 	644 	621
f 602 	787 	577
f 680 	576 	672
f 638 	456 	470
f 600 	593 	640
f 638 	470 	346
f 693 	637 	703
f 642 	624 	625
f 400 	624 	642
f 637 	636 	597
f 590 	555 	646
f 646 	628 	590
f 647 	646 	575
f 647 	575 	574
f 649 	500 	648
f 499 	648 	500
f 648 	650 	649
f 2382 	568 	502
f 574 	573 	647
f 651 	647 	573
f 651 	671 	647
f 650 	653 	652
f 805 	645 	806
f 601 	630 	787
f 629 	787 	630
f 653 	654 	652
f 602 	601 	787
f 654 	638 	642
f 655 	665 	656
f 662 	663 	743
f 777 	657 	532
f 743 	664 	662
f 510 	532 	657
f 642 	661 	654
f 659 	787 	658
f 555 	553 	663
f 555 	663 	662
f 555 	662 	664
f 555 	664 	660
f 658 	787 	669
f 431 	1283 	665
f 661 	652 	654
f 764 	656 	665
f 1611 	659 	1639
f 658 	666 	659
f 571 	659 	666
f 666 	667 	571
f 572 	571 	667
f 667 	666 	670
f 658 	670 	666
f 651 	573 	667
f 572 	667 	573
f 651 	667 	670
f 670 	659 	564
f 658 	669 	670
f 787 	629 	669
f 670 	671 	651
f 566 	564 	659
f 671 	670 	564
f 668 	670 	669
f 564 	1638 	671
f 652 	673 	650
f 673 	649 	650
f 677 	575 	676
f 660 	675 	555
f 674 	575 	675
f 676 	575 	674
f 456 	650 	648
f 456 	638 	654
f 653 	456 	654
f 650 	456 	653
f 625 	652 	661
f 301 	681 	682
f 642 	625 	661
f 639 	643 	760
f 1445 	760 	643
f 683 	681 	296
f 625 	673 	652
f 1117 	593 	106
f 296 	678 	683
f 656 	764 	643
f 1445 	643 	764
f 678 	296 	295
f 640 	1110 	641
f 659 	670 	1639
f 668 	1639 	670
f 269 	400 	642
f 681 	301 	296
f 321 	269 	642
f 1636 	668 	669
f 669 	1727 	1636
f 684 	781 	688
f 629 	695 	1727
f 301 	682 	605
f 686 	751 	689
f 688 	698 	1125
f 646 	647 	628
f 628 	647 	671
f 1727 	669 	629
f 689 	690 	686
f 687 	686 	690
f 692 	687 	691
f 691 	687 	690
f 615 	687 	692
f 617 	620 	690
f 690 	2392 	617
f 693 	708 	549
f 710 	709 	693
f 626 	344 	824
f 694 	695 	629
f 694 	696 	697
f 694 	697 	695
f 696 	694 	644
f 694 	623 	644
f 631 	632 	1184
f 700 	699 	258
f 641 	1110 	644
f 627 	703 	637
f 705 	707 	701
f 710 	693 	703
f 714 	549 	708
f 708 	693 	709
f 603 	613 	612
f 706 	707 	716
f 705 	716 	707
f 609 	536 	524
f 711 	702 	707
f 712 	608 	609
f 712 	609 	713
f 713 	3 	2
f 713 	2 	712
f 549 	714 	798
f 841 	798 	714
f 608 	536 	609
f 550 	549 	798
f 2 	1 	608
f 603 	608 	1
f 603 	1 	611
f 603 	611 	613
f 608 	712 	2
f 609 	3 	713
f 715 	842 	714
f 609 	607 	612
f 609 	612 	610
f 609 	610 	4
f 609 	4 	3
f 950 	715 	725
f 715 	714 	725
f 701 	707 	702
f 714 	729 	725
f 718 	184 	2578
f 515 	706 	516
f 716 	516 	706
f 719 	717 	2576
f 725 	723 	950
f 146 	7 	885
f 725 	839 	723
f 725 	722 	839
f 722 	733 	721
f 1407 	1382 	721
f 721 	1382 	723
f 719 	38 	727
f 730 	850 	709
f 729 	850 	730
f 894 	2467 	2466
f 730 	722 	729
f 708 	729 	714
f 722 	725 	729
f 726 	724 	736
f 711 	736 	724
f 720 	711 	724
f 702 	711 	720
f 154 	718 	717
f 108 	38 	719
f 719 	727 	717
f 154 	717 	727
f 710 	732 	730
f 709 	710 	730
f 687 	2465 	741
f 1407 	721 	733
f 710 	1883 	732
f 734 	730 	732
f 731 	1403 	733
f 733 	722 	734
f 730 	734 	722
f 722 	721 	837
f 836 	837 	721
f 723 	836 	721
f 839 	722 	837
f 728 	726 	736
f 732 	731 	847
f 848 	847 	731
f 733 	848 	731
f 735 	728 	736
f 37 	728 	735
f 741 	2465 	749
f 2463 	749 	2465
f 734 	732 	847
f 841 	714 	842
f 715 	550 	842
f 64 	37 	1304
f 735 	1304 	37
f 738 	844 	708
f 738 	708 	739
f 709 	739 	708
f 686 	687 	741
f 745 	639 	747
f 760 	769 	639
f 754 	753 	746
f 742 	686 	741
f 582 	1240 	583
f 235 	148 	1240
f 689 	751 	749
f 639 	745 	743
f 639 	743 	744
f 690 	689 	749
f 750 	678 	752
f 743 	663 	744
f 758 	580 	584
f 753 	752 	746
f 748 	678 	750
f 664 	743 	745
f 2919 	774 	428
f 664 	745 	747
f 664 	747 	660
f 2463 	2392 	749
f 751 	742 	741
f 751 	741 	749
f 553 	589 	663
f 744 	663 	589
f 748 	750 	522
f 539 	522 	750
f 542 	539 	750
f 542 	750 	752
f 751 	686 	742
f 545 	542 	752
f 545 	752 	753
f 753 	754 	545
f 134 	545 	754
f 580 	758 	759
f 135 	134 	754
f 135 	754 	755
f 756 	757 	861
f 161 	861 	757
f 891 	756 	861
f 161 	757 	166
f 541 	106 	593
f 640 	593 	1117
f 788 	614 	759
f 755 	1182 	762
f 787 	1351 	118
f 746 	752 	678
f 803 	678 	763
f 763 	678 	748
f 762 	761 	137
f 548 	138 	761
f 522 	763 	748
f 135 	755 	137
f 762 	137 	755
f 764 	1317 	1445
f 783 	645 	633
f 674 	675 	768
f 769 	768 	675
f 675 	660 	769
f 769 	660 	747
f 957 	817 	907
f 674 	768 	771
f 747 	639 	769
f 957 	767 	765
f 771 	676 	674
f 957 	765 	766
f 771 	768 	760
f 769 	760 	768
f 772 	773 	927
f 927 	773 	778
f 1337 	782 	760
f 1349 	1350 	299
f 775 	780 	863
f 781 	685 	679
f 679 	657 	777
f 679 	777 	781
f 771 	760 	782
f 688 	781 	698
f 792 	778 	773
f 776 	645 	783
f 698 	781 	631
f 779 	782 	1337
f 685 	781 	684
f 771 	782 	676
f 779 	677 	782
f 676 	782 	677
f 787 	779 	1332
f 772 	766 	785
f 677 	779 	787
f 787 	659 	677
f 791 	788 	685
f 619 	614 	788
f 788 	791 	619
f 634 	619 	791
f 795 	634 	791
f 778 	792 	789
f 773 	772 	785
f 795 	632 	634
f 795 	783 	633
f 785 	793 	773
f 640 	1117 	1096
f 773 	793 	792
f 795 	633 	632
f 789 	794 	790
f 793 	794 	792
f 789 	792 	794
f 785 	784 	793
f 784 	786 	794
f 576 	680 	796
f 587 	576 	796
f 784 	794 	793
f 796 	758 	584
f 587 	796 	584
f 794 	814 	813
f 709 	850 	739
f 811 	790 	794
f 550 	798 	800
f 1850 	761 	1179
f 1850 	799 	761
f 802 	808 	801
f 810 	801 	808
f 2011 	678 	804
f 761 	799 	548
f 966 	893 	801
f 799 	737 	548
f 1519 	1546 	799
f 794 	823 	814
f 803 	191 	192
f 803 	192 	804
f 802 	809 	808
f 807 	808 	809
f 806 	645 	776
f 645 	805 	797
f 801 	893 	802
f 807 	895 	808
f 794 	813 	811
f 786 	822 	809
f 635 	815 	816
f 813 	812 	811
f 635 	819 	815
f 791 	685 	684
f 635 	626 	819
f 794 	786 	823
f 344 	826 	824
f 825 	813 	814
f 824 	819 	626
f 1171 	817 	996
f 813 	825 	812
f 824 	865 	819
f 814 	829 	825
f 1240 	1238 	958
f 829 	843 	825
f 823 	829 	814
f 826 	344 	1234
f 827 	828 	95
f 1282 	831 	2797
f 893 	823 	809
f 635 	816 	1020
f 2797 	1278 	1282
f 832 	986 	812
f 860 	1016 	816
f 864 	860 	816
f 816 	815 	864
f 838 	839 	837
f 838 	837 	836
f 836 	723 	838
f 723 	839 	838
f 834 	812 	825
f 800 	798 	842
f 841 	842 	798
f 550 	800 	842
f 729 	708 	844
f 845 	847 	848
f 845 	848 	849
f 844 	738 	850
f 739 	850 	738
f 833 	834 	846
f 733 	849 	848
f 840 	831 	920
f 845 	849 	734
f 733 	734 	849
f 734 	847 	845
f 1482 	770 	780
f 851 	831 	835
f 850 	729 	844
f 854 	882 	2897
f 852 	402 	635
f 857 	855 	835
f 835 	840 	857
f 865 	402 	852
f 840 	131 	857
f 835 	855 	851
f 402 	626 	635
f 2897 	382 	859
f 854 	2897 	859
f 402 	403 	626
f 831 	1282 	920
f 861 	774 	775
f 856 	854 	859
f 856 	859 	862
f 840 	835 	831
f 831 	851 	853
f 775 	863 	861
f 860 	864 	852
f 855 	857 	131
f 858 	863 	780
f 856 	862 	1083
f 856 	1083 	1082
f 866 	910 	853
f 780 	770 	858
f 867 	859 	382
f 161 	774 	861
f 852 	864 	865
f 851 	866 	853
f 851 	855 	866
f 868 	859 	867
f 865 	869 	402
f 862 	859 	868
f 1026 	862 	868
f 1026 	1083 	862
f 882 	870 	2897
f 740 	2897 	870
f 740 	870 	871
f 944 	827 	1782
f 944 	828 	827
f 874 	875 	873
f 834 	825 	843
f 876 	846 	834
f 875 	877 	878
f 869 	403 	402
f 877 	879 	878
f 843 	876 	834
f 873 	875 	878
f 881 	403 	869
f 834 	832 	812
f 882 	883 	870
f 885 	831 	878
f 879 	885 	878
f 883 	871 	870
f 883 	872 	871
f 869 	824 	881
f 882 	886 	883
f 882 	854 	886
f 873 	878 	831
f 872 	883 	1114
f 1113 	1114 	883
f 886 	854 	856
f 966 	887 	893
f 858 	770 	884
f 1113 	883 	886
f 7 	831 	885
f 980 	971 	887
f 896 	890 	390
f 910 	131 	875
f 875 	131 	877
f 981 	843 	887
f 867 	382 	890
f 815 	819 	865
f 867 	890 	889
f 865 	864 	815
f 810 	998 	801
f 2456 	756 	891
f 2466 	891 	892
f 868 	867 	889
f 892 	894 	2466
f 809 	802 	893
f 824 	869 	865
f 888 	998 	895
f 823 	893 	829
f 891 	861 	863
f 858 	940 	892
f 382 	390 	890
f 881 	824 	826
f 863 	858 	891
f 897 	890 	896
f 892 	891 	858
f 889 	890 	897
f 898 	879 	899
f 877 	899 	879
f 1124 	889 	897
f 900 	885 	898
f 887 	829 	893
f 897 	896 	901
f 887 	843 	829
f 898 	885 	879
f 901 	1123 	897
f 786 	809 	823
f 719 	2576 	899
f 901 	906 	1123
f 810 	808 	895
f 146 	885 	900
f 903 	904 	949
f 896 	390 	904
f 822 	1199 	807
f 904 	903 	911
f 830 	765 	767
f 830 	905 	765
f 906 	904 	911
f 904 	901 	896
f 905 	766 	765
f 904 	906 	901
f 830 	767 	907
f 908 	853 	910
f 908 	873 	831
f 873 	908 	874
f 822 	905 	909
f 903 	934 	912
f 910 	874 	908
f 909 	830 	907
f 903 	912 	911
f 821 	909 	820
f 1482 	95 	828
f 907 	818 	820
f 907 	820 	909
f 906 	911 	1140
f 853 	908 	831
f 907 	817 	818
f 866 	855 	131
f 874 	910 	875
f 866 	131 	910
f 821 	822 	909
f 905 	830 	909
f 784 	785 	905
f 822 	786 	784
f 822 	784 	905
f 785 	766 	905
f 912 	942 	1135
f 807 	809 	822
f 818 	817 	1170
f 914 	929 	1266
f 740 	913 	914
f 1175 	820 	1170
f 820 	1175 	821
f 131 	840 	1214
f 914 	916 	915
f 680 	672 	1285
f 1170 	817 	1171
f 914 	913 	916
f 924 	916 	913
f 895 	807 	1199
f 920 	917 	918
f 920 	918 	921
f 920 	1282 	917
f 923 	740 	871
f 919 	969 	922
f 872 	923 	871
f 921 	840 	920
f 913 	740 	923
f 913 	923 	924
f 921 	1214 	840
f 918 	1214 	921
f 926 	772 	927
f 778 	789 	927
f 925 	926 	927
f 924 	923 	872
f 925 	927 	922
f 1114 	924 	872
f 772 	926 	766
f 789 	790 	927
f 933 	1866 	937
f 929 	934 	928
f 1285 	672 	935
f 903 	928 	934
f 935 	672 	576
f 936 	931 	933
f 936 	933 	937
f 934 	929 	945
f 939 	936 	937
f 939 	937 	941
f 942 	934 	945
f 941 	918 	939
f 917 	939 	918
f 932 	940 	880
f 917 	1282 	939
f 918 	941 	1214
f 937 	1214 	941
f 942 	912 	934
f 940 	858 	884
f 884 	880 	940
f 1038 	894 	960
f 943 	1547 	944
f 928 	1266 	929
f 945 	914 	915
f 945 	929 	914
f 915 	1210 	945
f 946 	947 	948
f 946 	948 	949
f 390 	388 	949
f 949 	904 	390
f 1006 	928 	949
f 950 	951 	952
f 950 	952 	953
f 954 	955 	249
f 1411 	927 	989
f 957 	996 	817
f 959 	960 	902
f 956 	1240 	958
f 957 	907 	767
f 932 	930 	960
f 960 	940 	932
f 930 	902 	960
f 940 	960 	894
f 894 	892 	940
f 959 	1038 	960
f 957 	766 	965
f 964 	413 	962
f 992 	993 	963
f 413 	414 	962
f 962 	414 	961
f 966 	801 	998
f 961 	255 	958
f 965 	969 	957
f 87 	992 	972
f 965 	926 	925
f 957 	969 	919
f 980 	887 	979
f 981 	887 	971
f 978 	979 	887
f 966 	978 	887
f 926 	965 	766
f 969 	965 	925
f 925 	922 	969
f 2626 	2085 	2641
f 935 	576 	987
f 927 	790 	986
f 987 	938 	935
f 986 	989 	927
f 984 	989 	986
f 984 	986 	985
f 987 	988 	938
f 978 	1004 	979
f 953 	1009 	946
f 87 	972 	982
f 990 	991 	989
f 998 	1004 	978
f 998 	978 	966
f 1515 	1514 	972
f 999 	971 	980
f 991 	1399 	1411
f 1411 	989 	991
f 993 	412 	964
f 413 	964 	412
f 964 	963 	993
f 963 	972 	992
f 876 	981 	846
f 968 	846 	981
f 1529 	993 	992
f 89 	82 	975
f 876 	843 	981
f 975 	82 	84
f 975 	84 	976
f 388 	715 	953
f 85 	982 	84
f 976 	84 	982
f 996 	957 	997
f 996 	997 	994
f 996 	994 	995
f 982 	85 	87
f 1004 	888 	1001
f 999 	1001 	1003
f 1002 	999 	1003
f 1003 	1001 	888
f 998 	888 	1004
f 810 	895 	998
f 1253 	1006 	1252
f 1000 	997 	1007
f 1419 	1007 	997
f 1347 	1346 	1007
f 1000 	1007 	1346
f 1008 	1365 	1009
f 1515 	972 	963
f 1006 	1005 	1008
f 1006 	1008 	1009
f 963 	964 	1472
f 903 	949 	928
f 1001 	999 	980
f 93 	1529 	87
f 979 	1001 	980
f 979 	1004 	1001
f 992 	87 	1529
f 585 	412 	993
f 1009 	1826 	1006
f 1011 	1013 	1826
f 1285 	938 	988
f 1011 	1010 	1012
f 1011 	1012 	1013
f 953 	1011 	1009
f 576 	988 	987
f 797 	1557 	645
f 1016 	860 	852
f 1017 	833 	846
f 1019 	1313 	833
f 1017 	1019 	833
f 140 	1181 	141
f 142 	1251 	1879
f 1016 	1506 	1020
f 1181 	143 	141
f 1020 	816 	1016
f 846 	1023 	1017
f 1156 	1024 	1025
f 509 	245 	1024
f 548 	140 	138
f 509 	1024 	1148
f 1029 	968 	1028
f 968 	981 	1028
f 971 	1028 	981
f 1030 	968 	1029
f 1361 	967 	983
f 1139 	999 	1002
f 156 	155 	1286
f 999 	1028 	971
f 974 	973 	983
f 977 	974 	983
f 999 	1139 	1028
f 2778 	983 	973
f 1028 	1139 	1029
f 1029 	1139 	1030
f 1371 	1361 	983
f 89 	975 	1033
f 1361 	1362 	967
f 1032 	1034 	1679
f 982 	1514 	976
f 1032 	2597 	1034
f 2597 	1056 	1034
f 983 	2885 	1371
f 1044 	2606 	1037
f 1036 	490 	358
f 894 	1038 	2614
f 2606 	2614 	1037
f 1038 	1037 	2614
f 1038 	1035 	1037
f 959 	1035 	1038
f 1037 	1059 	1044
f 2759 	1046 	1050
f 2709 	1782 	1040
f 2757 	1043 	1046
f 1039 	1040 	1782
f 2759 	1050 	1056
f 1039 	1042 	1041
f 1039 	1041 	1040
f 1044 	1059 	1043
f 1044 	1043 	2757
f 1043 	1058 	1046
f 1041 	1042 	1048
f 1060 	1047 	1104
f 1049 	1041 	1048
f 1049 	1045 	1041
f 1046 	1709 	1050
f 1051 	1052 	1053
f 1051 	1053 	1054
f 1681 	1679 	1056
f 1706 	1681 	1050
f 1055 	977 	983
f 977 	1055 	1057
f 1056 	1679 	1034
f 1047 	1054 	1053
f 1047 	1053 	1048
f 1048 	1053 	1052
f 1048 	1052 	1049
f 1049 	1052 	1051
f 1049 	1051 	1045
f 1103 	1048 	1102
f 1102 	1048 	1042
f 1100 	1102 	1042
f 1100 	1042 	1039
f 2366 	1059 	1035
f 1047 	1048 	1104
f 1059 	1037 	1035
f 1709 	1046 	1058
f 1706 	1050 	1709
f 1058 	1043 	1059
f 1061 	1060 	1104
f 1061 	1104 	1062
f 1076 	3057 	1065
f 1065 	1066 	1087
f 1047 	1060 	1054
f 1064 	1054 	1060
f 1065 	1064 	1060
f 1065 	1060 	1061
f 1062 	1087 	1066
f 1062 	1066 	1065
f 1062 	1065 	1061
f 1069 	1067 	1068
f 1069 	1068 	1070
f 1072 	1069 	1070
f 1072 	1070 	1073
f 1067 	1069 	345
f 1068 	2430 	1070
f 1072 	1073 	1077
f 1063 	1069 	1072
f 1087 	1088 	1065
f 1073 	1070 	1524
f 1076 	1088 	1075
f 1077 	1078 	1072
f 1088 	1085 	1075
f 1071 	1075 	1085
f 1079 	1078 	1077
f 1079 	1077 	1080
f 1079 	1063 	1078
f 1524 	13 	1073
f 1094 	1076 	1075
f 1072 	1078 	1063
f 1015 	1026 	1022
f 1081 	2217 	3023
f 1018 	1082 	1083
f 1090 	1081 	1071
f 3059 	1071 	1081
f 1083 	1015 	1018
f 1084 	970 	973
f 1018 	1021 	1082
f 974 	1084 	973
f 1083 	1026 	1015
f 1084 	977 	1057
f 1057 	1055 	1084
f 1086 	1090 	1085
f 1085 	1090 	1071
f 1062 	1090 	1086
f 974 	977 	1084
f 1076 	1065 	1088
f 1055 	970 	1084
f 1085 	1088 	1087
f 1085 	1087 	1086
f 1026 	868 	889
f 1086 	1087 	1062
f 1077 	1073 	11
f 1117 	88 	1107
f 1079 	1107 	1063
f 1089 	1081 	1090
f 1090 	1062 	1091
f 1092 	1095 	1127
f 1090 	1094 	1075
f 1091 	1094 	1090
f 1219 	1216 	279
f 2776 	1089 	1090
f 1075 	2748 	2776
f 1093 	1092 	1127
f 1094 	2750 	1076
f 936 	939 	1282
f 1080 	1106 	1079
f 1096 	1127 	1095
f 1095 	1092 	1110
f 1112 	1092 	1093
f 1095 	1110 	1096
f 1100 	1782 	1098
f 1127 	1096 	1105
f 1104 	1048 	1103
f 1107 	1079 	1106
f 1127 	1106 	1080
f 1097 	1104 	1103
f 1097 	1103 	1098
f 1098 	1103 	1102
f 1098 	1102 	1100
f 1105 	1106 	1127
f 1021 	1111 	1082
f 1110 	1092 	1112
f 1113 	1111 	1099
f 2910 	1097 	1109
f 1195 	1108 	1097
f 1021 	1099 	1111
f 1091 	1062 	1104
f 1114 	1113 	1101
f 1099 	1101 	1113
f 2910 	1104 	1097
f 1205 	1114 	1196
f 1115 	1109 	1108
f 1107 	1106 	1117
f 1114 	1101 	1196
f 1105 	1117 	1106
f 1116 	1115 	1108
f 886 	1111 	1113
f 1096 	1117 	1105
f 1111 	886 	1082
f 886 	856 	1082
f 1120 	1097 	1118
f 1195 	1097 	1120
f 1093 	1167 	1112
f 1031 	698 	1186
f 1121 	1123 	1119
f 1200 	1851 	1197
f 1122 	1124 	1121
f 1022 	1126 	1122
f 1126 	1124 	1122
f 1124 	1123 	1121
f 1125 	698 	1031
f 1026 	1126 	1022
f 1126 	889 	1124
f 1124 	897 	1123
f 33 	118 	1127
f 1025 	2028 	1128
f 1026 	889 	1126
f 1080 	33 	1127
f 1129 	1231 	1201
f 1128 	1231 	1129
f 1145 	2430 	1068
f 1027 	155 	299
f 961 	958 	1238
f 157 	156 	1286
f 1031 	1186 	1133
f 1131 	1138 	1130
f 2406 	2407 	1136
f 1119 	1140 	1131
f 1123 	1140 	1119
f 1141 	1162 	1137
f 1140 	1138 	1131
f 1138 	1135 	1130
f 906 	1140 	1123
f 1138 	1140 	911
f 1030 	1139 	1297
f 1135 	1138 	912
f 911 	912 	1138
f 1139 	1002 	1297
f 1147 	1149 	1146
f 1150 	1178 	1149
f 1151 	1178 	1150
f 1152 	1178 	1151
f 1178 	1242 	1149
f 1145 	1068 	1067
f 1151 	1015 	1152
f 2804 	931 	2807
f 1282 	1977 	936
f 1151 	1018 	1015
f 1142 	1143 	1145
f 1067 	1142 	1145
f 1154 	1145 	1143
f 1143 	1144 	1154
f 1153 	1154 	1144
f 1023 	968 	1030
f 1018 	1150 	1021
f 968 	1023 	846
f 1021 	1149 	1099
f 1147 	1101 	1099
f 1156 	1148 	1024
f 1149 	1147 	1099
f 1196 	1101 	1147
f 1156 	1025 	1128
f 1160 	1156 	1128
f 2804 	2747 	931
f 1147 	1146 	1196
f 2595 	2740 	933
f 1159 	1157 	1246
f 1156 	1160 	2058
f 2005 	308 	1315
f 1163 	1160 	1128
f 1036 	326 	490
f 1153 	1161 	1141
f 1144 	1161 	1153
f 1162 	1141 	1161
f 1158 	1137 	1162
f 2406 	1137 	1158
f 158 	299 	155
f 2062 	2058 	1236
f 1163 	1236 	1160
f 320 	1321 	1315
f 157 	1251 	142
f 1150 	1149 	1021
f 1150 	1018 	1151
f 1015 	1022 	1152
f 1167 	1194 	1164
f 1159 	1170 	1171
f 327 	1615 	295
f 1164 	1172 	1174
f 1164 	1174 	1167
f 1173 	1175 	1159
f 1168 	1169 	1177
f 1176 	1177 	1169
f 1169 	1178 	1176
f 1152 	1176 	1178
f 1164 	1197 	1172
f 970 	2775 	973
f 1174 	1112 	1167
f 761 	1180 	1179
f 1128 	1129 	1163
f 1167 	1093 	1194
f 1127 	1194 	1093
f 1197 	1851 	1172
f 761 	762 	1180
f 1169 	1168 	1131
f 1180 	762 	1181
f 1169 	1131 	1130
f 1168 	1119 	1131
f 1208 	1188 	1127
f 1118 	1166 	1120
f 698 	631 	1184
f 1186 	698 	1184
f 1177 	1119 	1168
f 1187 	1188 	1208
f 1133 	1184 	1132
f 1177 	1121 	1119
f 1133 	1186 	1184
f 1118 	1264 	1189
f 1176 	1121 	1177
f 1176 	1122 	1121
f 1118 	1189 	1166
f 1191 	1192 	1164
f 1152 	1122 	1176
f 1024 	2027 	1025
f 1191 	1188 	1192
f 1022 	1122 	1152
f 1193 	1192 	1188
f 2254 	2067 	1236
f 1160 	1236 	2058
f 1108 	1109 	1097
f 1164 	1194 	1191
f 1188 	1187 	1193
f 1159 	1165 	1173
f 1192 	1197 	1164
f 1146 	1198 	1196
f 1173 	1199 	1175
f 1193 	1200 	1197
f 1193 	1197 	1192
f 1201 	1202 	1163
f 1187 	1190 	1200
f 1187 	1200 	1193
f 1159 	1246 	1165
f 1163 	1129 	1201
f 1175 	1170 	1159
f 1171 	1157 	1159
f 1201 	1204 	1202
f 1112 	1174 	1851
f 1174 	1172 	1851
f 1190 	1851 	1200
f 895 	1199 	1173
f 931 	936 	1977
f 1194 	1127 	1188
f 1191 	1194 	1188
f 1204 	1206 	1202
f 1196 	1198 	1205
f 1207 	1187 	1208
f 1198 	1209 	1205
f 888 	895 	1165
f 1198 	1203 	1209
f 1173 	1165 	895
f 1203 	1210 	1209
f 1201 	1231 	1204
f 1203 	1218 	1210
f 915 	916 	1210
f 1209 	1210 	916
f 818 	1170 	820
f 1202 	1206 	1236
f 1209 	916 	1205
f 924 	1205 	916
f 1211 	1213 	1212
f 1199 	822 	821
f 1230 	1213 	1211
f 924 	1114 	1205
f 821 	1175 	1199
f 1218 	945 	1210
f 1213 	1207 	1208
f 1074 	1216 	1278
f 1130 	1217 	1169
f 1190 	1187 	1207
f 1155 	1157 	996
f 1157 	1171 	996
f 1178 	1169 	1217
f 1860 	1132 	1184
f 1208 	1212 	1213
f 1220 	1221 	1223
f 1220 	1223 	1224
f 1227 	1190 	1207
f 1229 	1227 	1207
f 1229 	1207 	1213
f 2799 	1866 	2805
f 1229 	1851 	1227
f 1213 	1230 	1229
f 633 	645 	1184
f 1184 	645 	1860
f 1227 	1851 	1190
f 1230 	1851 	1229
f 1233 	826 	1234
f 1127 	1351 	1208
f 1234 	1232 	1233
f 1232 	1255 	1233
f 1237 	1218 	1215
f 1135 	1217 	1130
f 1233 	1243 	826
f 1217 	1135 	1237
f 1215 	1217 	1237
f 1235 	1239 	1211
f 1230 	1211 	1239
f 1218 	1203 	1215
f 2245 	2254 	1231
f 1237 	1135 	942
f 344 	2156 	1234
f 1218 	1237 	945
f 942 	945 	1237
f 1163 	1202 	1236
f 1146 	1149 	1242
f 1225 	1226 	1220
f 1225 	1220 	1224
f 881 	1243 	2329
f 1277 	1305 	1226
f 1146 	1242 	1198
f 1215 	1242 	1178
f 1223 	1116 	1224
f 1225 	1224 	1244
f 1166 	1225 	1244
f 1189 	1270 	1166
f 826 	1243 	881
f 1110 	640 	1096
f 1217 	1215 	1178
f 1182 	1181 	762
f 1231 	1128 	2028
f 1155 	1222 	1157
f 1203 	1242 	1215
f 1182 	755 	746
f 754 	746 	755
f 1203 	1198 	1242
f 1245 	1185 	746
f 1183 	746 	1185
f 1183 	1182 	746
f 951 	1256 	952
f 257 	588 	1238
f 1180 	140 	1179
f 1181 	140 	1180
f 1243 	2336 	2329
f 1222 	1246 	1157
f 1259 	1011 	1256
f 1238 	1240 	257
f 1181 	1182 	143
f 144 	143 	1183
f 1182 	1183 	143
f 2248 	1232 	1234
f 1185 	1027 	1183
f 144 	1183 	1027
f 1236 	1231 	2254
f 1027 	1185 	1245
f 1027 	1245 	155
f 950 	1013 	951
f 1165 	1246 	1248
f 946 	1009 	947
f 1222 	1247 	1248
f 1249 	1250 	1252
f 1246 	1222 	1248
f 1116 	1244 	1224
f 1250 	1253 	1252
f 1252 	948 	947
f 1244 	1116 	1108
f 947 	1249 	1252
f 1195 	1166 	1244
f 1250 	1365 	1366
f 1250 	1366 	1253
f 1120 	1166 	1195
f 1204 	1768 	1206
f 888 	1165 	1248
f 1195 	1244 	1108
f 1204 	1231 	1686
f 948 	1252 	1006
f 949 	948 	1006
f 1366 	1006 	1253
f 3059 	1081 	3023
f 2248 	2424 	1232
f 436 	1254 	1262
f 1250 	1009 	1365
f 1249 	947 	1009
f 1250 	1249 	1009
f 1294 	1263 	1782
f 1256 	1257 	1258
f 1228 	1247 	1222
f 1258 	1259 	1256
f 1254 	436 	432
f 951 	1257 	1256
f 1264 	1097 	1782
f 1376 	1375 	1260
f 1260 	1261 	1376
f 952 	1256 	1011
f 953 	952 	1011
f 1233 	1255 	1329
f 1381 	1376 	1261
f 1098 	1782 	1097
f 951 	1013 	1257
f 1257 	1013 	1258
f 1012 	1363 	1013
f 1262 	1265 	570
f 1118 	1097 	1264
f 1293 	1247 	1228
f 914 	1266 	740
f 1236 	1695 	1231
f 1268 	1272 	1269
f 1003 	888 	1248
f 1307 	1267 	62
f 1307 	62 	65
f 1263 	1268 	1264
f 1265 	569 	570
f 1768 	1695 	1206
f 1248 	1247 	1003
f 1268 	1269 	1264
f 1247 	1002 	1003
f 1189 	1264 	1269
f 1270 	1271 	1226
f 1270 	1226 	1225
f 1270 	1272 	1273
f 1270 	1273 	1271
f 1351 	1127 	118
f 1453 	1454 	1663
f 1272 	1276 	1277
f 1272 	1277 	1273
f 2435 	2432 	1279
f 1665 	1074 	1278
f 1219 	1278 	1216
f 1279 	1692 	1261
f 1279 	1275 	1692
f 1274 	1692 	1275
f 430 	1281 	431
f 1317 	1283 	1280
f 1266 	928 	2181
f 1221 	1220 	1305
f 1271 	1273 	1226
f 1220 	1226 	1305
f 1277 	1226 	1273
f 928 	1826 	2181
f 1225 	1166 	1270
f 1189 	1269 	1270
f 1219 	1214 	1282
f 431 	1281 	1283
f 1270 	1269 	1272
f 1547 	1480 	944
f 1272 	1268 	1276
f 1283 	1317 	665
f 1285 	988 	1284
f 746 	1615 	1245
f 1285 	1284 	1340
f 1290 	1291 	1289
f 1292 	1596 	1291
f 1228 	1335 	1293
f 1282 	1278 	1219
f 1263 	1264 	1782
f 1295 	1276 	1268
f 1296 	1306 	1295
f 1297 	1247 	1293
f 1325 	1296 	1287
f 935 	938 	1285
f 1289 	1596 	677
f 1263 	1295 	1268
f 1294 	1287 	1296
f 1294 	1296 	1295
f 1294 	1295 	1263
f 1297 	1002 	1247
f 1245 	1615 	1286
f 155 	1245 	1286
f 1683 	1297 	1293
f 157 	1286 	1288
f 1301 	1292 	1298
f 1301 	1298 	1299
f 1300 	1301 	1299
f 1669 	1751 	1019
f 157 	1288 	1251
f 1292 	1372 	1298
f 1299 	1298 	1426
f 1426 	1300 	1299
f 1294 	1782 	1287
f 1297 	1685 	1030
f 1276 	1306 	1277
f 1305 	1277 	1306
f 1304 	1307 	65
f 1304 	65 	64
f 1306 	1309 	1310
f 1306 	1310 	1305
f 1444 	1372 	760
f 2778 	973 	2775
f 1309 	1311 	1312
f 1309 	1312 	1310
f 735 	2184 	1304
f 812 	986 	811
f 790 	811 	986
f 2181 	2461 	1266
f 1305 	1310 	1221
f 1312 	1221 	1310
f 1444 	760 	1445
f 1308 	832 	834
f 1276 	1295 	1306
f 1309 	1306 	1325
f 2974 	1311 	1314
f 1308 	1313 	1324
f 2805 	1866 	933
f 1296 	1325 	1306
f 1308 	833 	1313
f 1309 	1314 	1311
f 326 	1036 	1321
f 833 	1308 	834
f 1281 	1280 	1283
f 1006 	1366 	1005
f 1322 	1005 	1320
f 665 	1317 	764
f 1011 	1364 	1010
f 1323 	1010 	1318
f 2897 	1321 	1036
f 1308 	986 	832
f 1324 	986 	1308
f 1302 	1314 	1303
f 2897 	1315 	1321
f 1314 	1309 	1325
f 1314 	1325 	1303
f 1303 	1325 	1287
f 1686 	1231 	1695
f 1236 	1206 	1695
f 645 	1628 	1860
f 1327 	990 	1765
f 1326 	991 	990
f 1326 	990 	1327
f 1222 	1155 	1334
f 1335 	1334 	1336
f 1389 	1337 	760
f 1334 	1335 	1228
f 1222 	1334 	1228
f 779 	1337 	1332
f 1336 	1334 	996
f 996 	1334 	1155
f 1289 	1355 	1332
f 1284 	1341 	1340
f 1290 	1289 	1337
f 1341 	1342 	1340
f 996 	1788 	1336
f 1337 	1289 	1332
f 1788 	996 	995
f 1340 	1342 	1344
f 1345 	1342 	1341
f 1337 	1389 	1290
f 1345 	1341 	1348
f 1316 	1012 	1352
f 1352 	1323 	1318
f 1352 	1318 	1316
f 1012 	1010 	1323
f 1012 	1323 	1352
f 1007 	1816 	1347
f 1319 	1008 	1354
f 1354 	1322 	1320
f 1354 	1320 	1319
f 985 	1748 	984
f 1332 	1355 	1351
f 1008 	1005 	1322
f 1008 	1322 	1354
f 1359 	68 	1357
f 1356 	1357 	68
f 1313 	1751 	1324
f 299 	1350 	1358
f 1355 	1611 	1351
f 1753 	1755 	1324
f 1360 	1356 	68
f 1360 	68 	67
f 1353 	1495 	967
f 986 	1755 	985
f 1513 	1511 	1359
f 787 	1332 	1351
f 1355 	677 	659
f 1267 	1360 	67
f 1267 	67 	62
f 1326 	1766 	991
f 1267 	2184 	1360
f 1355 	1289 	677
f 1364 	1259 	1363
f 1258 	1363 	1259
f 1363 	1367 	1368
f 1363 	1368 	1364
f 1365 	1369 	1370
f 1365 	1370 	1366
f 1353 	967 	1362
f 1335 	1784 	1293
f 1367 	1316 	1368
f 1318 	1368 	1316
f 1369 	1319 	1370
f 1320 	1370 	1319
f 1370 	1005 	1366
f 1320 	1005 	1370
f 1011 	1259 	1364
f 1368 	1010 	1364
f 1318 	1010 	1368
f 1316 	1367 	1012
f 1367 	1363 	1012
f 1258 	1013 	1363
f 1319 	1369 	1008
f 1365 	1008 	1369
f 1377 	1378 	1379
f 1377 	1379 	1380
f 1353 	1362 	1373
f 1425 	957 	1428
f 1243 	1233 	1329
f 1255 	1260 	1375
f 1329 	1255 	1375
f 1380 	723 	1377
f 950 	723 	1380
f 1013 	950 	1380
f 997 	957 	1425
f 1419 	997 	1425
f 1642 	1428 	957
f 2433 	1274 	2432
f 1275 	2432 	1274
f 1382 	1383 	1384
f 1382 	1384 	1385
f 1382 	1398 	1383
f 1353 	1386 	1852
f 1275 	1279 	2432
f 1373 	1386 	1353
f 1385 	723 	1382
f 1377 	723 	1385
f 1255 	1232 	2424
f 1374 	1372 	1292
f 1374 	1292 	1291
f 1379 	1458 	1388
f 1379 	1388 	1380
f 1389 	1374 	1291
f 1339 	1923 	1349
f 1390 	1550 	1391
f 1374 	760 	1372
f 1387 	1390 	1391
f 1387 	1391 	1388
f 803 	804 	678
f 1388 	1013 	1380
f 1290 	1389 	1291
f 1385 	1391 	1377
f 1389 	760 	1374
f 1385 	1384 	1396
f 1396 	1395 	1397
f 1396 	1397 	1398
f 1391 	1385 	1396
f 1396 	1398 	1826
f 1827 	1826 	1398
f 1400 	1401 	1402
f 1400 	1402 	1403
f 1404 	1405 	1406
f 1404 	1406 	1407
f 1406 	1414 	1407
f 1399 	1410 	1411
f 1412 	1447 	1411
f 1416 	1405 	1404
f 1372 	1444 	1420
f 1408 	1412 	1411
f 1408 	1411 	1409
f 1663 	2056 	1453
f 731 	1400 	1403
f 1404 	733 	1403
f 1407 	733 	1404
f 1398 	1382 	1407
f 1398 	1407 	1414
f 1255 	2424 	1260
f 1403 	1424 	1404
f 2425 	1261 	1260
f 731 	2481 	1400
f 2435 	1279 	1261
f 1317 	1280 	1445
f 1415 	1561 	1416
f 2473 	1375 	1376
f 1417 	1654 	1301
f 1414 	1413 	1415
f 1414 	1415 	1416
f 1418 	967 	1495
f 1329 	1375 	2473
f 1329 	2473 	2468
f 1420 	1298 	1372
f 1424 	1448 	1827
f 1435 	1394 	1393
f 1435 	217 	1394
f 1426 	1298 	1420
f 1419 	1425 	1427
f 1300 	1426 	1429
f 1430 	1345 	1348
f 1425 	1428 	1422
f 1425 	1422 	1421
f 1426 	1420 	1444
f 1433 	1393 	1392
f 1284 	988 	576
f 1344 	1431 	1340
f 1429 	1417 	1301
f 1429 	1301 	1300
f 983 	967 	1418
f 1444 	1417 	1429
f 1429 	1426 	1444
f 1418 	1055 	983
f 1432 	1431 	1344
f 1628 	645 	1557
f 1393 	1433 	1434
f 1055 	1418 	1733
f 1434 	1435 	1393
f 1344 	569 	1432
f 436 	1262 	570
f 1265 	1432 	569
f 1722 	697 	1110
f 1281 	1679 	1723
f 1281 	1723 	1280
f 1285 	1340 	1431
f 1440 	1507 	1438
f 430 	1032 	1281
f 1403 	1402 	1424
f 1772 	2030 	1447
f 927 	1447 	922
f 1446 	1559 	1448
f 1424 	1423 	1446
f 1424 	1446 	1448
f 1450 	1447 	1412
f 1416 	1404 	1424
f 1449 	1450 	1412
f 1280 	1723 	1445
f 927 	1411 	1447
f 1450 	1451 	1447
f 1383 	1464 	1384
f 1458 	1379 	1378
f 1449 	1932 	1450
f 1464 	1396 	1384
f 1211 	1453 	1235
f 1454 	1453 	1211
f 1377 	1391 	1378
f 1351 	1663 	1212
f 1456 	1457 	1458
f 1457 	1462 	1458
f 1461 	1428 	1460
f 1642 	1460 	1428
f 1455 	1428 	1461
f 1211 	1212 	1454
f 1378 	1456 	1458
f 1455 	1461 	1942
f 1457 	1550 	1462
f 1458 	1462 	1388
f 1462 	1551 	1388
f 1457 	1391 	1550
f 1456 	1378 	1391
f 1457 	1456 	1391
f 1464 	1465 	1466
f 1466 	1467 	1464
f 1383 	1465 	1464
f 1467 	1396 	1464
f 2244 	218 	217
f 1442 	1443 	1470
f 1443 	1463 	1470
f 1383 	1398 	1465
f 1465 	1398 	1466
f 1397 	1548 	1398
f 962 	961 	1471
f 1401 	1490 	1402
f 1110 	1112 	1851
f 2217 	215 	222
f 217 	1435 	2244
f 1434 	2246 	1435
f 1473 	1472 	964
f 1454 	1212 	1663
f 1212 	1208 	1351
f 210 	1394 	217
f 1530 	1472 	1473
f 1400 	1448 	1401
f 964 	962 	1473
f 1471 	1473 	962
f 1020 	1506 	1436
f 1238 	1471 	961
f 3070 	1477 	1478
f 1471 	586 	1473
f 1238 	588 	1471
f 3070 	3069 	1477
f 1476 	1475 	1509
f 310 	290 	1469
f 1476 	1509 	1479
f 1469 	311 	310
f 311 	1469 	1468
f 1490 	1424 	1402
f 1405 	1416 	1484
f 1330 	1331 	1605
f 1484 	1485 	1486
f 1485 	1487 	1486
f 1477 	1469 	290
f 1486 	1406 	1405
f 1405 	1484 	1486
f 1477 	290 	1478
f 1485 	1561 	1487
f 289 	438 	1478
f 1406 	1486 	1414
f 1487 	1562 	1414
f 1487 	1414 	1486
f 1484 	1416 	1485
f 1561 	1485 	1416
f 1463 	1633 	1470
f 1490 	1491 	1492
f 1492 	1493 	1490
f 1463 	1440 	1438
f 1401 	1491 	1490
f 1490 	1493 	1424
f 1401 	1448 	1491
f 1492 	1491 	1448
f 1735 	1734 	1495
f 1502 	1503 	1387
f 1744 	1735 	1495
f 1396 	1549 	1395
f 1504 	1395 	1500
f 1853 	1744 	1495
f 1499 	1397 	1505
f 1505 	1504 	1500
f 1505 	1500 	1499
f 1397 	1395 	1504
f 1397 	1504 	1505
f 1480 	1483 	828
f 1501 	1390 	1508
f 1482 	828 	1483
f 1508 	1503 	1502
f 1508 	1502 	1501
f 1390 	1387 	1503
f 1390 	1503 	1508
f 1509 	1532 	1479
f 68 	1359 	1511
f 1511 	77 	68
f 982 	972 	1514
f 1510 	3119 	976
f 1514 	1510 	976
f 72 	71 	1520
f 1518 	1520 	71
f 1472 	1515 	963
f 1545 	1519 	1516
f 312 	311 	1526
f 1468 	1526 	311
f 1333 	1330 	1605
f 1357 	1521 	1513
f 1357 	1513 	1359
f 98 	1510 	1514
f 1333 	1512 	1338
f 1529 	1515 	1472
f 828 	944 	1480
f 3081 	325 	324
f 1333 	1649 	1512
f 1356 	1522 	1357
f 313 	325 	3081
f 1521 	1357 	1522
f 1333 	1605 	1649
f 98 	1523 	1510
f 1526 	3086 	1525
f 1513 	1522 	1511
f 1522 	1513 	1521
f 1527 	1518 	73
f 71 	73 	1518
f 1480 	1547 	1483
f 1482 	1483 	1547
f 1338 	1512 	1328
f 1528 	1527 	73
f 1528 	73 	76
f 1520 	1518 	1033
f 77 	1528 	76
f 585 	993 	1530
f 1511 	1531 	77
f 993 	1529 	1530
f 1522 	1531 	1511
f 93 	92 	1514
f 93 	1514 	1515
f 77 	1531 	1528
f 1514 	92 	98
f 1523 	98 	99
f 2255 	2271 	1356
f 1523 	99 	104
f 2648 	72 	1520
f 93 	1515 	1529
f 1472 	1530 	1529
f 585 	1473 	586
f 1631 	1506 	1016
f 1538 	1539 	1413
f 1424 	1560 	1423
f 1540 	1423 	1534
f 1533 	1446 	1543
f 1543 	1540 	1534
f 1543 	1534 	1533
f 1446 	1423 	1540
f 1446 	1540 	1543
f 1565 	1415 	1537
f 1544 	1537 	1415
f 1516 	1517 	1545
f 1544 	1539 	1538
f 1544 	1538 	1537
f 1517 	2447 	1545
f 1523 	3119 	1510
f 1556 	3119 	1523
f 1415 	1413 	1539
f 1415 	1539 	1544
f 1519 	1545 	1546
f 1549 	1467 	1548
f 1466 	1548 	1467
f 1550 	1551 	1462
f 1536 	1498 	1547
f 1548 	1552 	1553
f 1548 	1553 	1549
f 1550 	1554 	1555
f 1550 	1555 	1551
f 1552 	1499 	1553
f 1500 	1553 	1499
f 1502 	1555 	1554
f 1502 	1554 	1501
f 104 	1614 	1556
f 1387 	1388 	1551
f 1387 	1551 	1555
f 1387 	1555 	1502
f 1523 	104 	1556
f 1396 	1467 	1549
f 1553 	1395 	1549
f 1500 	1395 	1553
f 1614 	3123 	1556
f 1499 	1552 	1397
f 1552 	1548 	1397
f 1466 	1398 	1548
f 1501 	1554 	1390
f 1550 	1390 	1554
f 1558 	1535 	1547
f 1560 	1493 	1559
f 1492 	1559 	1493
f 2447 	2276 	1545
f 1547 	1535 	1536
f 1561 	1562 	1487
f 737 	799 	1546
f 1559 	1563 	1564
f 1559 	1564 	1560
f 1545 	2998 	2018
f 1561 	1565 	1566
f 1561 	1566 	1562
f 1534 	1564 	1533
f 1563 	1533 	1564
f 1545 	2995 	2996
f 1565 	1537 	1538
f 1565 	1538 	1566
f 1413 	1414 	1562
f 1413 	1562 	1566
f 1413 	1566 	1538
f 1564 	1423 	1560
f 1493 	1560 	1424
f 1534 	1423 	1564
f 2996 	2998 	1545
f 1533 	1563 	1446
f 1563 	1559 	1446
f 1492 	1448 	1559
f 1439 	1438 	1507
f 1561 	1415 	1565
f 2018 	1546 	1545
f 1567 	1439 	1507
f 195 	2469 	804
f 804 	192 	195
f 1632 	1436 	1437
f 1441 	1632 	1437
f 1441 	1474 	1632
f 1331 	305 	1442
f 1569 	1823 	1568
f 1571 	1576 	1541
f 1574 	224 	225
f 1453 	1541 	1235
f 2525 	1474 	2569
f 1575 	1879 	1574
f 1235 	1541 	1576
f 1251 	1288 	1616
f 1470 	1630 	1442
f 1571 	1572 	1582
f 1489 	1542 	1474
f 1568 	1573 	1569
f 1577 	1576 	1571
f 1439 	1567 	1621
f 1441 	1489 	1474
f 225 	1575 	1574
f 1488 	1436 	1506
f 1437 	1436 	1488
f 1489 	1441 	1437
f 1571 	1582 	1577
f 1488 	1489 	1437
f 635 	1632 	852
f 1717 	1581 	1580
f 1582 	1583 	1577
f 1506 	1631 	1488
f 317 	1525 	1524
f 1586 	1730 	1587
f 1418 	1734 	1733
f 1468 	3086 	1526
f 1418 	1495 	1734
f 1969 	2359 	1591
f 1590 	2359 	1440
f 312 	1526 	1525
f 1524 	316 	317
f 1488 	1631 	1489
f 1525 	317 	312
f 1631 	1016 	852
f 1631 	1542 	1489
f 324 	3080 	3081
f 1558 	1547 	1557
f 324 	323 	3080
f 1557 	1547 	1859
f 1482 	1547 	1498
f 3075 	315 	314
f 1558 	1557 	797
f 314 	313 	3075
f 1588 	1712 	1713
f 398 	291 	315
f 975 	976 	3118
f 3119 	3118 	976
f 1525 	3085 	1524
f 3069 	3068 	1468
f 3069 	1468 	1469
f 1594 	1595 	1292
f 1596 	1292 	1595
f 1468 	3068 	3086
f 1469 	1477 	3069
f 1595 	1597 	1596
f 562 	677 	1596
f 1289 	1291 	1596
f 560 	562 	1596
f 560 	1596 	1598
f 20 	3079 	323
f 1599 	560 	1598
f 2430 	342 	1524
f 1599 	1598 	1597
f 1598 	1596 	1597
f 10 	9 	1063
f 345 	1063 	323
f 323 	1063 	9
f 1600 	1601 	1292
f 1292 	1601 	1602
f 1292 	1602 	1594
f 1609 	1658 	1600
f 159 	1622 	160
f 1568 	160 	1622
f 1292 	1301 	1606
f 1292 	1606 	1607
f 1292 	1607 	1608
f 1292 	1608 	1609
f 1292 	1609 	1600
f 164 	163 	1617
f 164 	1617 	1616
f 1654 	1607 	1606
f 165 	164 	1616
f 165 	1625 	168
f 1625 	170 	168
f 1301 	1654 	1606
f 1634 	171 	170
f 1597 	1595 	1611
f 1610 	1611 	1627
f 171 	1634 	1635
f 171 	1635 	173
f 1776 	1720 	1752
f 1610 	1351 	1611
f 1774 	1776 	1752
f 1779 	1754 	1785
f 1351 	1610 	1636
f 1632 	1020 	1436
f 659 	1611 	1355
f 1636 	1743 	1351
f 1794 	1796 	1791
f 173 	1635 	159
f 1791 	1793 	1794
f 1613 	1605 	1331
f 1807 	1795 	1800
f 1805 	1807 	1603
f 125 	1677 	1614
f 163 	224 	1574
f 1630 	1613 	1442
f 299 	168 	189
f 158 	168 	299
f 746 	295 	1615
f 1617 	1251 	1616
f 757 	2409 	166
f 1619 	1570 	1620
f 1620 	1494 	1619
f 1235 	1576 	1584
f 1616 	1286 	1618
f 1574 	1251 	1617
f 1288 	1286 	1616
f 165 	1616 	1618
f 1584 	1239 	1235
f 1618 	1625 	165
f 1617 	163 	1574
f 668 	1637 	1639
f 1239 	1851 	1230
f 1573 	1622 	1856
f 1835 	1856 	1622
f 1622 	1624 	1835
f 1618 	1286 	1615
f 1585 	1584 	1576
f 1583 	1585 	1577
f 1576 	1577 	1585
f 1623 	1627 	1594
f 1595 	1594 	1627
f 1627 	1623 	1639
f 1627 	1611 	1595
f 1614 	104 	125
f 1668 	1612 	1678
f 1612 	1614 	1677
f 1610 	1627 	1639
f 1557 	1859 	1628
f 1610 	1639 	1636
f 1331 	1442 	1613
f 1625 	1618 	1615
f 1625 	1615 	1626
f 1634 	1626 	1615
f 1636 	1637 	668
f 1615 	1829 	1634
f 1623 	1644 	1639
f 1635 	1837 	1624
f 1830 	1829 	1615
f 1639 	1599 	1611
f 1638 	1599 	1639
f 1597 	1611 	1599
f 1640 	1438 	1439
f 1624 	1622 	159
f 1622 	1573 	1568
f 1637 	1636 	1639
f 1640 	1439 	1621
f 170 	1625 	1626
f 1634 	170 	1626
f 1633 	1630 	1470
f 1635 	1624 	159
f 1640 	1633 	1463
f 919 	922 	2029
f 2030 	2029 	922
f 1640 	1463 	1438
f 922 	1447 	2030
f 1727 	1732 	1636
f 1730 	1642 	1797
f 1602 	1601 	1643
f 1602 	1643 	1644
f 1643 	1771 	1638
f 1623 	1594 	1644
f 1602 	1644 	1594
f 957 	2170 	2164
f 1638 	1639 	1644
f 1023 	1030 	1672
f 1645 	1643 	1601
f 1645 	1601 	1600
f 1645 	1771 	1643
f 644 	1110 	696
f 1638 	628 	671
f 1727 	695 	1808
f 1019 	1670 	1669
f 1019 	1017 	1670
f 1644 	1643 	1638
f 1496 	1494 	1648
f 1590 	1708 	1591
f 627 	628 	1767
f 1607 	1654 	1655
f 1481 	1479 	1656
f 1657 	1608 	1655
f 1607 	1655 	1608
f 1656 	1572 	1481
f 1656 	1582 	1572
f 1657 	1658 	1608
f 1609 	1608 	1658
f 1532 	1656 	1479
f 1645 	1600 	1658
f 1648 	1497 	1496
f 1443 	1074 	1463
f 1532 	1647 	1651
f 1650 	1656 	1651
f 1583 	1582 	1650
f 1656 	1650 	1582
f 1532 	1651 	1656
f 1507 	1671 	1567
f 1700 	1699 	2415
f 1074 	1653 	1659
f 1573 	1856 	1660
f 1463 	1074 	1659
f 1660 	1673 	1573
f 1497 	1648 	1646
f 1710 	1590 	1659
f 1743 	1636 	1740
f 1463 	1659 	1440
f 1590 	1440 	1659
f 1017 	1023 	1670
f 1631 	852 	1632
f 635 	1020 	1632
f 1662 	1074 	1665
f 1646 	1666 	1497
f 1646 	1641 	1666
f 1987 	1475 	1476
f 1671 	1507 	1652
f 1987 	1476 	1479
f 1670 	1023 	1672
f 1567 	1671 	1621
f 1680 	1629 	1668
f 1631 	1632 	1629
f 1668 	1629 	1632
f 1660 	1661 	1673
f 1670 	1648 	1669
f 1571 	2142 	1572
f 1674 	1673 	1661
f 1669 	1648 	1751
f 1664 	1674 	1661
f 1672 	1646 	1670
f 1685 	1646 	1672
f 1648 	1670 	1646
f 1664 	74 	1674
f 1569 	1573 	1673
f 1674 	74 	2774
f 1679 	1281 	1032
f 1685 	1672 	1030
f 1823 	1569 	1673
f 225 	229 	1575
f 1675 	1682 	1694
f 1749 	2415 	1750
f 1056 	1050 	1681
f 1676 	1612 	1677
f 1678 	1612 	1676
f 1680 	1668 	1678
f 1700 	1578 	1699
f 1579 	1699 	1578
f 1204 	1724 	1768
f 1702 	1580 	1701
f 1581 	1701 	1580
f 1724 	1204 	1686
f 1717 	1703 	1581
f 1297 	1683 	1685
f 1579 	1705 	1699
f 1683 	1784 	1682
f 1700 	1707 	1578
f 1580 	1702 	1704
f 1683 	1682 	1685
f 1646 	1685 	1675
f 1736 	1737 	1587
f 1586 	1587 	1737
f 1682 	1675 	1685
f 1589 	1711 	1588
f 1693 	1675 	1689
f 1692 	1274 	1691
f 1381 	1261 	1692
f 1687 	1691 	1274
f 1675 	1694 	1689
f 1737 	1739 	1586
f 1687 	1686 	1691
f 1695 	1691 	1686
f 1682 	1696 	1694
f 1697 	1696 	1682
f 1711 	1589 	1714
f 1731 	1714 	1589
f 1667 	1662 	1665
f 1701 	1581 	1703
f 2987 	2986 	1697
f 1698 	1681 	1706
f 1512 	1746 	1742
f 1684 	1688 	1058
f 1702 	2415 	1699
f 1701 	2415 	1702
f 1703 	2220 	1701
f 1659 	1653 	1662
f 1688 	1709 	1058
f 1705 	1704 	1702
f 1705 	1702 	1699
f 1675 	1693 	1646
f 1641 	1646 	1693
f 1706 	1709 	1690
f 1653 	1074 	1662
f 1709 	1688 	1690
f 1327 	1764 	1326
f 1763 	1326 	1764
f 1690 	1698 	1706
f 1753 	1324 	1751
f 986 	1324 	1755
f 1748 	985 	1755
f 1662 	1667 	1710
f 989 	1756 	990
f 1747 	1756 	984
f 1711 	1712 	1588
f 1327 	1765 	1764
f 1590 	1710 	1708
f 1326 	1763 	1766
f 995 	994 	1781
f 994 	1780 	1781
f 2176 	1239 	1584
f 1659 	1662 	1710
f 1452 	1717 	1447
f 1991 	253 	248
f 1447 	1451 	1452
f 1717 	1718 	1447
f 1718 	1719 	1447
f 1776 	1447 	1719
f 1720 	1776 	1719
f 1578 	1720 	1579
f 1719 	1579 	1720
f 1828 	1715 	1722
f 1717 	1580 	1718
f 1708 	253 	1991
f 1718 	1704 	1719
f 1705 	1719 	1704
f 1444 	1854 	1417
f 1719 	1705 	1579
f 1578 	1707 	1720
f 1580 	1704 	1718
f 1708 	1710 	1633
f 1810 	697 	1783
f 1710 	1630 	1633
f 1723 	1679 	1721
f 1459 	1460 	1642
f 1726 	1588 	1713
f 1729 	1725 	1769
f 1731 	1642 	1730
f 1726 	1642 	1731
f 1726 	1459 	1642
f 1495 	2316 	1853
f 1724 	1729 	1768
f 1730 	1728 	1587
f 1726 	1731 	1589
f 1726 	1589 	1588
f 1679 	1681 	1721
f 1698 	1716 	1681
f 1711 	2587 	1712
f 1737 	2587 	1711
f 1736 	2587 	1737
f 1716 	1721 	1681
f 2262 	1713 	1712
f 1737 	1711 	1714
f 3067 	2596 	430
f 1658 	1657 	1771
f 1645 	1658 	1771
f 1714 	1731 	1730
f 1740 	1636 	1732
f 2175 	1583 	2198
f 2200 	1651 	1647
f 1736 	1587 	1741
f 1583 	1650 	2198
f 1714 	1730 	1739
f 1730 	1586 	1739
f 1791 	2587 	1736
f 1657 	1655 	1738
f 1714 	1739 	1737
f 1512 	1742 	1844
f 1743 	1740 	1745
f 1741 	1791 	1736
f 1760 	1592 	1593
f 1813 	1346 	1347
f 1328 	1512 	1844
f 1784 	1335 	1336
f 1683 	1293 	1784
f 1761 	1785 	1754
f 1593 	1761 	1760
f 995 	1781 	1788
f 1815 	1792 	1000
f 1715 	1663 	1743
f 997 	1792 	994
f 1779 	1773 	1754
f 1603 	1604 	1805
f 1804 	1805 	1604
f 1347 	1816 	1813
f 1745 	1715 	1743
f 1797 	1793 	1728
f 1313 	1019 	1751
f 1745 	1722 	1715
f 1738 	1771 	1657
f 1800 	1603 	1807
f 1663 	1351 	1743
f 1801 	1817 	1604
f 1494 	1620 	1648
f 1512 	1875 	1746
f 984 	1748 	1747
f 1774 	1749 	1750
f 1774 	1752 	1749
f 628 	1638 	1771
f 1765 	990 	1756
f 1700 	2415 	1749
f 1740 	1757 	1758
f 989 	984 	1756
f 1752 	1707 	1749
f 1700 	1749 	1707
f 1761 	1754 	1750
f 1757 	1740 	1732
f 1747 	1748 	1620
f 1748 	1753 	1620
f 1759 	1592 	1760
f 1585 	1583 	2175
f 1648 	1620 	1753
f 1751 	1648 	1753
f 1758 	1745 	1740
f 1753 	1748 	1755
f 1757 	1777 	1778
f 1757 	1778 	1758
f 1756 	1747 	1764
f 1592 	1759 	1762
f 2415 	1759 	1760
f 1750 	2415 	1760
f 1728 	1741 	1587
f 1724 	1686 	1729
f 1686 	1687 	1729
f 1620 	1763 	1764
f 1747 	1620 	1764
f 1764 	1765 	1756
f 1336 	1786 	1784
f 1778 	1745 	1758
f 2056 	1571 	1541
f 1541 	1453 	2056
f 1769 	1770 	1729
f 957 	919 	2029
f 1768 	1729 	1770
f 628 	1771 	1767
f 1750 	1773 	1774
f 1750 	1760 	1761
f 1336 	1788 	1786
f 2415 	2499 	1759
f 1707 	1752 	1720
f 2596 	1032 	430
f 1796 	1790 	1791
f 1779 	1772 	1776
f 1447 	1776 	1772
f 1773 	1779 	1776
f 1773 	1776 	1774
f 1783 	1722 	1745
f 1783 	697 	1722
f 1593 	1785 	1761
f 1779 	1785 	1772
f 1778 	1783 	1745
f 1787 	1785 	1592
f 1593 	1592 	1785
f 1783 	1778 	1810
f 1811 	1810 	1777
f 1778 	1777 	1810
f 1762 	2107 	1787
f 997 	1000 	1792
f 1741 	1728 	1793
f 1592 	1762 	1787
f 1780 	994 	1792
f 1797 	1794 	1793
f 1750 	1754 	1773
f 1781 	1780 	1799
f 1814 	1799 	1780
f 1682 	1786 	1799
f 1796 	1795 	1790
f 1775 	1771 	1738
f 1728 	1730 	1797
f 1786 	1682 	1784
f 1771 	1775 	1767
f 1790 	2587 	1791
f 1805 	2587 	1790
f 1741 	1793 	1791
f 1781 	1799 	1786
f 1788 	1781 	1786
f 1798 	1797 	1642
f 1805 	1790 	1795
f 1814 	1780 	1792
f 1797 	1798 	1796
f 1797 	1796 	1794
f 1782 	1014 	1789
f 1798 	1800 	1795
f 1808 	695 	697
f 1800 	1798 	1801
f 1604 	1603 	1801
f 1800 	1801 	1603
f 627 	1767 	703
f 1798 	1795 	1796
f 1847 	1870 	1775
f 1802 	1806 	1799
f 1870 	1825 	1803
f 1799 	1697 	1682
f 1697 	1799 	1806
f 1809 	1757 	1732
f 1732 	1727 	1809
f 1727 	1808 	1809
f 1770 	1695 	1768
f 1808 	697 	1810
f 1757 	1809 	1777
f 1811 	1777 	1809
f 1814 	1815 	1346
f 1810 	1811 	1809
f 1810 	1809 	1808
f 1687 	2518 	1729
f 1691 	1695 	1770
f 1813 	1814 	1346
f 1803 	1812 	1775
f 1000 	1346 	1815
f 178 	187 	1838
f 187 	1834 	1838
f 1801 	2531 	1817
f 2229 	2226 	2496
f 1804 	1604 	1817
f 1631 	2903 	1542
f 1814 	1813 	1799
f 1804 	2587 	1805
f 1055 	1733 	1818
f 1795 	1807 	1805
f 1792 	1815 	1814
f 2531 	2528 	1804
f 1817 	2531 	1804
f 2182 	2180 	1813
f 1816 	2182 	1813
f 1744 	1373 	1735
f 140 	1820 	1179
f 1371 	1818 	1733
f 1362 	1361 	1733
f 1371 	1733 	1361
f 1812 	1767 	1775
f 703 	1767 	1812
f 1822 	1568 	1823
f 1568 	1822 	160
f 176 	160 	1822
f 1803 	710 	1812
f 703 	1812 	710
f 1865 	1857 	1819
f 1865 	1819 	227
f 1838 	1865 	178
f 227 	178 	1865
f 432 	329 	189
f 1876 	710 	1824
f 1824 	1803 	1825
f 1782 	1789 	1827
f 1841 	1615 	327
f 1715 	1828 	1663
f 1841 	1831 	1615
f 1635 	1634 	1829
f 1735 	1373 	1362
f 1832 	1831 	1841
f 1830 	1615 	1831
f 1832 	1841 	1833
f 1734 	1735 	1362
f 1834 	1833 	1841
f 330 	329 	432
f 1733 	1734 	1362
f 177 	1837 	179
f 1373 	1744 	1386
f 181 	179 	1829
f 181 	1829 	1830
f 1830 	1831 	181
f 182 	181 	1831
f 182 	1831 	1832
f 182 	1832 	183
f 1371 	1858 	1818
f 1855 	1444 	1445
f 1832 	1833 	183
f 186 	183 	1833
f 1853 	1852 	1744
f 1833 	1834 	186
f 187 	186 	1834
f 1507 	1440 	2359
f 1835 	1624 	1837
f 1837 	1635 	1829
f 1009 	1011 	1826
f 928 	1006 	1826
f 1545 	2997 	2995
f 1834 	1841 	1838
f 1013 	1388 	1826
f 176 	1835 	177
f 1837 	177 	1835
f 1829 	179 	1837
f 737 	1821 	1820
f 1841 	327 	328
f 1663 	1828 	2056
f 737 	2021 	1821
f 2525 	2725 	1474
f 1836 	1445 	1843
f 1542 	2569 	1474
f 1836 	1843 	1839
f 1742 	1845 	1844
f 1746 	1845 	1742
f 2073 	2059 	1843
f 1542 	2903 	2901
f 1820 	548 	737
f 2725 	2900 	1474
f 140 	548 	1820
f 328 	1842 	1849
f 1848 	1828 	1722
f 697 	696 	1110
f 1879 	193 	194
f 1848 	1851 	1828
f 1839 	1828 	1851
f 142 	1879 	194
f 328 	1849 	1841
f 1848 	1722 	1110
f 2755 	1729 	2518
f 1847 	1836 	1839
f 1847 	1855 	1836
f 1687 	1274 	2518
f 1770 	2522 	1691
f 2521 	1692 	1691
f 1110 	1851 	1848
f 1381 	1692 	2521
f 1846 	1847 	1851
f 1839 	1851 	1847
f 1338 	1328 	1840
f 1652 	1507 	2359
f 1803 	1775 	1870
f 1846 	1870 	1847
f 1654 	1417 	1854
f 1738 	1655 	1854
f 1655 	1654 	1854
f 1853 	2179 	1852
f 1854 	1855 	1738
f 1386 	1744 	1852
f 1738 	1847 	1775
f 1822 	1856 	1835
f 1840 	1875 	1871
f 1444 	1855 	1854
f 1738 	1855 	1847
f 1445 	1836 	1855
f 1861 	1842 	338
f 1892 	1893 	1862
f 1445 	1723 	1843
f 2641 	2085 	2139
f 1240 	1857 	1841
f 1888 	1897 	371
f 1822 	1835 	176
f 2059 	2056 	1839
f 337 	336 	1864
f 1856 	1822 	1823
f 1861 	338 	337
f 2073 	1843 	1723
f 1864 	1861 	337
f 1863 	1769 	1862
f 1818 	2038 	1055
f 1899 	1825 	1870
f 1725 	1862 	1769
f 1870 	1846 	1872
f 1872 	1947 	1946
f 1872 	1946 	1870
f 328 	338 	1842
f 1945 	1824 	1948
f 1825 	1948 	1824
f 1845 	1746 	1875
f 1947 	1872 	1973
f 1519 	799 	1850
f 1948 	1825 	1962
f 1821 	2021 	1850
f 1878 	1962 	1825
f 1876 	1962 	1878
f 1879 	1575 	1877
f 1251 	1574 	1879
f 1132 	1860 	1859
f 1803 	1824 	710
f 1825 	1899 	1878
f 1878 	1905 	1876
f 1179 	1820 	1850
f 1883 	1956 	1882
f 1840 	1845 	1875
f 1883 	1881 	1956
f 1884 	1868 	1869
f 1884 	1869 	1885
f 1850 	1820 	1821
f 1860 	1628 	1859
f 1886 	1884 	1885
f 1886 	1885 	1887
f 1879 	1877 	193
f 1888 	1886 	1887
f 1888 	1887 	1889
f 2091 	1408 	1409
f 1887 	1885 	1925
f 1869 	1925 	1885
f 1922 	1868 	2019
f 371 	2019 	1886
f 1888 	371 	1886
f 1863 	1862 	1893
f 1925 	2523 	1887
f 1892 	1862 	1725
f 1729 	1892 	1725
f 2755 	1892 	1729
f 1399 	1891 	1410
f 1890 	1410 	1891
f 1896 	1895 	1897
f 1897 	1888 	1889
f 1897 	1889 	1896
f 1880 	1881 	1905
f 1881 	1876 	1905
f 1881 	1883 	1876
f 1889 	1887 	2523
f 1770 	1769 	1893
f 1882 	1880 	2478
f 1893 	1769 	1863
f 1882 	731 	1883
f 731 	732 	1883
f 1895 	1896 	1898
f 710 	1876 	1883
f 1896 	1889 	2523
f 1870 	1946 	1899
f 2928 	1132 	1859
f 1900 	1973 	1872
f 1899 	1973 	1900
f 1901 	1894 	1898
f 1895 	1898 	1894
f 1976 	1900 	1872
f 2107 	1903 	1902
f 1878 	1899 	1909
f 1900 	1909 	1899
f 1900 	2509 	1909
f 1871 	1910 	1840
f 1411 	2092 	1409
f 1412 	2093 	1449
f 1916 	1918 	1914
f 2188 	1421 	1422
f 1916 	1914 	1929
f 1907 	1919 	1917
f 1911 	1908 	1913
f 1917 	1913 	1908
f 1907 	1917 	1908
f 1816 	1007 	1419
f 1922 	1919 	1907
f 1922 	1907 	1924
f 2894 	1612 	1668
f 1923 	1918 	1916
f 2019 	2072 	1922
f 1419 	1427 	1921
f 1419 	1921 	1920
f 1924 	1869 	1922
f 1868 	1922 	1869
f 1614 	1612 	2892
f 1869 	1924 	1925
f 2099 	2167 	1907
f 1910 	298 	297
f 1868 	1884 	2019
f 1884 	1886 	2019
f 2051 	1399 	1766
f 991 	1766 	1399
f 2123 	1927 	1926
f 1924 	1907 	2167
f 2049 	1891 	2051
f 1992 	1349 	1923
f 2090 	2093 	1408
f 1614 	2892 	3126
f 1922 	2166 	1919
f 1905 	1906 	1880
f 1909 	1905 	1878
f 2133 	2582 	2126
f 1676 	1677 	2924
f 1906 	1912 	2508
f 2924 	2923 	1678
f 2499 	1903 	2502
f 1912 	1909 	2509
f 2509 	2512 	1912
f 2513 	1904 	1915
f 1954 	1881 	1953
f 1880 	1953 	1881
f 1629 	2903 	1631
f 1882 	1953 	1880
f 1680 	1678 	2923
f 1954 	1956 	1881
f 1871 	1929 	1910
f 2924 	1678 	1676
f 1945 	1876 	1824
f 1929 	1914 	1910
f 1902 	2500 	2504
f 1474 	2900 	2904
f 1905 	1963 	1964
f 1905 	1964 	1906
f 1966 	1963 	1909
f 1905 	1909 	1963
f 1927 	2528 	1926
f 1474 	2904 	1632
f 1912 	1967 	1909
f 2123 	2531 	1801
f 1425 	2192 	1427
f 2528 	2531 	1926
f 1427 	2183 	1921
f 1964 	1912 	1906
f 1934 	49 	1981
f 1934 	58 	30
f 1451 	1931 	1452
f 1930 	1452 	1931
f 1449 	1933 	1932
f 1451 	2228 	1931
f 1827 	1789 	2136
f 1934 	1983 	1938
f 1934 	1938 	1939
f 1939 	58 	1934
f 2167 	2020 	1925
f 2737 	1938 	1937
f 1939 	1938 	2738
f 1911 	2101 	1908
f 2101 	2098 	1908
f 1953 	1955 	1956
f 1953 	1956 	1954
f 1882 	1955 	1953
f 1882 	1956 	1955
f 1945 	1960 	1876
f 2001 	1874 	1873
f 2001 	1873 	1997
f 1962 	1960 	1948
f 1945 	1948 	1960
f 1962 	1876 	1960
f 1873 	1874 	2041
f 1963 	1966 	1967
f 1963 	1967 	1964
f 1966 	1909 	1967
f 1970 	242 	213
f 1912 	1964 	1967
f 1899 	1946 	1972
f 1947 	1973 	1972
f 1947 	1972 	1946
f 1968 	1935 	1959
f 2242 	2197 	1455
f 1973 	1899 	1972
f 1940 	1460 	1459
f 1940 	1459 	1941
f 1874 	2001 	1978
f 1942 	1461 	1943
f 1846 	1976 	1872
f 1866 	1977 	1282
f 2190 	1975 	1846
f 1976 	1846 	1975
f 1713 	1459 	1726
f 1282 	1214 	1866
f 1867 	1977 	1866
f 1933 	2223 	1932
f 1828 	1839 	2056
f 1867 	1978 	1977
f 1865 	1838 	1841
f 2806 	2807 	1977
f 2228 	1451 	1450
f 1874 	1978 	1867
f 1839 	1843 	2059
f 1851 	2176 	1846
f 2190 	1846 	2176
f 1980 	1944 	1959
f 2223 	2227 	1932
f 1980 	1979 	1944
f 213 	1950 	1970
f 1934 	1981 	1983
f 1952 	1974 	1949
f 1974 	1970 	1949
f 1965 	2283 	1952
f 1974 	1952 	2283
f 1950 	1949 	1970
f 1937 	1938 	1983
f 1982 	1979 	1984
f 1957 	2016 	1986
f 2016 	2191 	1986
f 320 	1315 	308
f 1981 	1987 	1983
f 1992 	2033 	1350
f 1358 	1350 	2033
f 1988 	1990 	2313
f 1708 	1991 	1591
f 1350 	1349 	1992
f 1918 	1923 	1339
f 1979 	1980 	1984
f 1983 	1987 	2006
f 1935 	2022 	1984
f 1971 	1591 	1991
f 1936 	2022 	1935
f 1989 	2196 	1988
f 1936 	2116 	2022
f 1475 	1987 	1981
f 1991 	248 	308
f 1980 	1935 	1984
f 2242 	1455 	1942
f 1971 	1991 	2010
f 1460 	2261 	1461
f 308 	2010 	1991
f 308 	2005 	2010
f 2078 	1979 	1982
f 1990 	1988 	2210
f 2204 	2195 	1995
f 1994 	2205 	1995
f 1873 	1996 	1997
f 1959 	1935 	1980
f 1479 	2006 	1987
f 1999 	2000 	1998
f 2243 	1943 	1461
f 2832 	2819 	2032
f 1997 	2032 	2001
f 1982 	1984 	2004
f 2007 	1983 	2006
f 2005 	1969 	1971
f 737 	1546 	2021
f 1999 	2031 	2003
f 1983 	2007 	1937
f 2031 	1999 	1950
f 1985 	1982 	2004
f 2006 	2040 	2193
f 2002 	1970 	2003
f 2008 	1519 	1850
f 2003 	2000 	1999
f 1950 	1999 	1949
f 2193 	2007 	2006
f 2199 	2200 	2007
f 1949 	1998 	1952
f 2005 	1971 	2010
f 1999 	1998 	1949
f 2008 	2021 	2009
f 2447 	1517 	2009
f 1867 	2834 	1874
f 1315 	2897 	740
f 1970 	1974 	2003
f 1850 	2021 	2008
f 1517 	1516 	2009
f 2003 	1974 	2000
f 2009 	1519 	2008
f 1519 	2009 	1516
f 2191 	2203 	1986
f 2165 	1919 	2166
f 2016 	1957 	1965
f 2017 	2379 	2016
f 2009 	3010 	2447
f 1952 	1998 	2017
f 2017 	2016 	1965
f 2017 	1965 	1952
f 2022 	1915 	2023
f 1546 	2018 	2021
f 2012 	2011 	211
f 2000 	2017 	1998
f 3010 	2009 	2018
f 2031 	2002 	2003
f 2021 	2018 	2009
f 1996 	2014 	2015
f 2002 	2031 	2025
f 2025 	242 	2002
f 3017 	193 	1877
f 2037 	1818 	1858
f 1481 	2040 	1479
f 2006 	1479 	2040
f 1996 	1873 	2014
f 2013 	2012 	1343
f 1996 	2015 	2032
f 1570 	2409 	1620
f 1970 	2002 	242
f 2027 	1024 	242
f 2050 	1620 	2091
f 1873 	2041 	2014
f 2028 	2064 	1231
f 210 	211 	2011
f 1343 	2012 	211
f 2037 	2038 	1818
f 2004 	2023 	1904
f 2004 	2022 	2023
f 1343 	1358 	2013
f 2004 	1984 	2022
f 2013 	1358 	2033
f 239 	2832 	2032
f 1997 	1996 	2032
f 2031 	2036 	2025
f 1985 	2080 	1982
f 2036 	2031 	213
f 1950 	213 	2031
f 2037 	2053 	2061
f 2038 	2037 	2034
f 2036 	2039 	2027
f 1858 	2053 	2037
f 2415 	1620 	2409
f 2415 	1701 	2220
f 2091 	2090 	1408
f 2116 	1915 	2022
f 2050 	1890 	2049
f 1891 	2049 	1890
f 1399 	2051 	1891
f 239 	2032 	226
f 2014 	2041 	2385
f 1772 	2112 	2043
f 2113 	2298 	2297
f 1698 	2026 	1716
f 1412 	1408 	2093
f 2045 	1944 	1979
f 2026 	2193 	2122
f 2050 	2052 	1890
f 1959 	1944 	2045
f 2026 	2122 	1716
f 1920 	1921 	2103
f 1690 	2026 	1698
f 1951 	2045 	2047
f 1371 	126 	1858
f 151 	1858 	126
f 2386 	1684 	322
f 2180 	2182 	1920
f 216 	221 	2034
f 2038 	2034 	221
f 2041 	226 	2032
f 1690 	1688 	2387
f 2045 	1951 	1968
f 2045 	1968 	1959
f 1921 	2183 	2103
f 2029 	2030 	2048
f 221 	28 	2038
f 2026 	1690 	2387
f 2043 	2030 	1772
f 2387 	2390 	2026
f 2045 	2074 	2047
f 2041 	2834 	226
f 2041 	1874 	2834
f 2030 	2043 	2048
f 1858 	151 	2053
f 2043 	2035 	2140
f 2297 	2301 	2047
f 2303 	2047 	2301
f 2025 	2036 	2027
f 2141 	2043 	2140
f 2141 	2046 	2043
f 2058 	2028 	2039
f 2027 	2039 	2028
f 2043 	2046 	2048
f 213 	244 	1148
f 2300 	2298 	2044
f 2059 	2076 	2056
f 2054 	2061 	2053
f 2057 	2102 	2055
f 1787 	2107 	1772
f 2112 	2116 	2043
f 2388 	2015 	2014
f 2039 	213 	1148
f 2036 	213 	2039
f 2060 	2127 	1642
f 2045 	1979 	2078
f 2028 	2058 	2064
f 2062 	2064 	2058
f 1925 	2020 	2024
f 2024 	2280 	1925
f 2056 	2142 	1571
f 2078 	2069 	2045
f 2066 	2064 	2062
f 2066 	2062 	2067
f 2245 	1231 	2066
f 2068 	2106 	2070
f 1148 	1156 	2039
f 2074 	2045 	2070
f 2076 	2059 	2146
f 2064 	2066 	1231
f 2095 	2245 	2066
f 1789 	2137 	2136
f 2062 	1236 	2067
f 416 	2108 	344
f 1826 	1827 	2181
f 1827 	2136 	2181
f 2075 	2024 	2020
f 2069 	2068 	2045
f 2070 	2045 	2068
f 2072 	2019 	2081
f 2024 	2075 	2280
f 2075 	2065 	2280
f 2020 	2072 	2081
f 1982 	2080 	2078
f 1410 	1890 	2052
f 2084 	2065 	2075
f 2086 	2087 	2075
f 1763 	1620 	2049
f 2050 	2049 	1620
f 2415 	2220 	1620
f 2085 	2088 	2181
f 2051 	1766 	1763
f 2051 	1763 	2049
f 2081 	2086 	2075
f 2141 	2071 	2083
f 2075 	2087 	2084
f 1411 	1410 	2092
f 2052 	2092 	1410
f 2083 	2029 	2048
f 2086 	2019 	2087
f 2091 	1409 	2092
f 2065 	2084 	2211
f 2048 	2046 	2083
f 2087 	2019 	2084
f 2067 	2094 	2095
f 2067 	2095 	2066
f 2091 	1620 	2090
f 2092 	2052 	2091
f 2050 	2091 	2052
f 2071 	2029 	2083
f 2093 	2090 	2222
f 2020 	2081 	2075
f 2019 	2086 	2081
f 2071 	2170 	957
f 2182 	1816 	1419
f 2096 	2169 	2097
f 1394 	2100 	1393
f 2097 	1393 	2100
f 2100 	1394 	210
f 385 	2061 	2102
f 957 	2163 	1642
f 2297 	2047 	2074
f 2034 	2037 	2061
f 957 	2029 	2071
f 2068 	2069 	2105
f 2104 	2105 	2069
f 2102 	2061 	2054
f 2105 	2106 	2068
f 210 	2011 	2100
f 2106 	2105 	2042
f 2104 	2042 	2105
f 1772 	1785 	1787
f 2082 	2108 	2109
f 2111 	1772 	2107
f 2112 	1772 	2111
f 2106 	2113 	2074
f 2074 	2070 	2106
f 1969 	2005 	2460
f 2109 	2110 	2082
f 1590 	1591 	2359
f 2460 	2359 	1969
f 2517 	2115 	2114
f 2247 	2096 	2097
f 2076 	2079 	2142
f 2115 	2116 	2112
f 2115 	2112 	2114
f 2110 	2174 	2082
f 2297 	2074 	2113
f 2369 	2032 	2015
f 2108 	416 	2109
f 2109 	2174 	2110
f 2116 	2115 	2520
f 2104 	2152 	2119
f 2042 	2104 	2119
f 2042 	2044 	2113
f 2113 	2106 	2042
f 2107 	1902 	2111
f 2056 	2076 	2142
f 2504 	2515 	2111
f 2520 	1915 	2116
f 2517 	2520 	2115
f 2120 	2121 	2371
f 2121 	2102 	2371
f 2054 	2055 	2102
f 2371 	2102 	2057
f 1902 	2504 	2111
f 2079 	2076 	2122
f 2082 	2143 	2108
f 1798 	2123 	1801
f 2041 	2032 	2385
f 2546 	2545 	2126
f 2125 	2126 	2545
f 1798 	1642 	2127
f 2128 	2123 	2127
f 1798 	2127 	2123
f 2545 	2547 	2125
f 1985 	2130 	2129
f 2369 	2385 	2032
f 2127 	2060 	2133
f 2127 	2133 	2126
f 2127 	2126 	2125
f 2246 	2097 	2100
f 2014 	2385 	2388
f 2004 	2130 	1985
f 1971 	1969 	1591
f 2004 	1904 	2130
f 2095 	2094 	2145
f 2132 	2095 	2145
f 2123 	2128 	1927
f 2131 	2245 	2132
f 2120 	2117 	394
f 393 	394 	2117
f 216 	2034 	2061
f 2120 	394 	2121
f 395 	2121 	394
f 384 	216 	2061
f 384 	2061 	385
f 2077 	2142 	2079
f 2102 	2121 	385
f 395 	385 	2121
f 2212 	2216 	2035
f 2053 	151 	359
f 359 	366 	2054
f 359 	2054 	2053
f 2055 	2054 	372
f 366 	372 	2054
f 2077 	1572 	2142
f 372 	377 	2057
f 372 	2057 	2055
f 2023 	1915 	1904
f 2140 	2035 	2216
f 2132 	2145 	2131
f 740 	2005 	1315
f 2131 	2145 	2144
f 2122 	1721 	1716
f 2122 	2076 	2146
f 2131 	2147 	2134
f 2144 	2147 	2131
f 2513 	2130 	1904
f 1723 	1721 	2146
f 2134 	2147 	2135
f 2150 	2135 	2147
f 2216 	2218 	2140
f 2139 	2138 	2641
f 1844 	1845 	1840
f 2138 	2137 	1789
f 2151 	2148 	2152
f 1840 	1328 	1844
f 2135 	2150 	2356
f 2148 	2149 	2153
f 1014 	2138 	1789
f 2148 	2153 	2152
f 2154 	2155 	41
f 2083 	2046 	2141
f 2069 	2151 	2104
f 2145 	2254 	2144
f 2154 	2260 	2155
f 2152 	2104 	2151
f 2118 	2119 	2152
f 41 	2168 	2154
f 2152 	2153 	2118
f 2078 	2151 	2069
f 2078 	2080 	2151
f 2154 	2096 	2260
f 2161 	2098 	2160
f 2163 	2164 	2354
f 2165 	2099 	2098
f 2101 	2526 	2160
f 2098 	2101 	2160
f 2165 	2098 	2161
f 2149 	2148 	2080
f 2165 	2166 	2167
f 2136 	2137 	2181
f 2164 	2358 	2354
f 2167 	2099 	2165
f 41 	2155 	42
f 42 	2155 	2157
f 42 	2157 	43
f 2170 	2358 	2164
f 2157 	2162 	43
f 45 	43 	2162
f 2108 	2143 	2156
f 2162 	2184 	45
f 48 	45 	2184
f 1985 	2149 	2080
f 2163 	957 	2164
f 344 	2108 	2156
f 2060 	1642 	2163
f 2148 	2151 	2080
f 2096 	2154 	2168
f 1392 	2097 	2169
f 1393 	2097 	1392
f 2169 	2096 	2168
f 41 	2269 	2168
f 2163 	2063 	2060
f 1433 	1392 	2169
f 1913 	1917 	2160
f 1985 	2129 	2149
f 2269 	2169 	2168
f 29 	48 	2184
f 2166 	2020 	2167
f 2162 	1360 	2184
f 2073 	1723 	2146
f 2073 	2146 	2059
f 2122 	2146 	1721
f 2233 	2044 	2042
f 2143 	2082 	2174
f 2237 	2044 	2233
f 2172 	2181 	2171
f 2359 	2461 	2172
f 2176 	1584 	1585
f 2172 	2171 	1652
f 2299 	2044 	2237
f 2171 	2089 	2564
f 2175 	2176 	1585
f 2564 	2768 	2171
f 2174 	2177 	2156
f 2359 	2172 	1652
f 2176 	1851 	1239
f 2258 	2256 	2155
f 2260 	2258 	2155
f 2103 	2180 	1920
f 2071 	2187 	2170
f 1419 	1920 	2182
f 2174 	2156 	2143
f 2103 	1799 	2180
f 1799 	1813 	2180
f 2183 	2189 	2103
f 2109 	2177 	2174
f 2138 	2181 	2137
f 2089 	2181 	2088
f 403 	2177 	2109
f 2139 	2085 	2181
f 2089 	2171 	2181
f 2043 	2116 	2201
f 2177 	2329 	2327
f 2305 	2158 	2179
f 2176 	2175 	2190
f 2327 	2173 	2177
f 1428 	2197 	1422
f 2596 	1802 	1799
f 403 	881 	2177
f 2187 	2218 	2186
f 2188 	2189 	1421
f 2016 	2399 	2191
f 2183 	1427 	2192
f 2189 	2192 	1421
f 1425 	1421 	2192
f 2071 	2141 	2187
f 2188 	1422 	2197
f 1937 	2007 	2200
f 2007 	2193 	2199
f 2198 	2199 	2193
f 2196 	1989 	2194
f 2188 	1799 	2189
f 2103 	2189 	1799
f 1647 	1937 	2200
f 2183 	2192 	2189
f 2098 	2099 	1907
f 1925 	1924 	2167
f 2197 	2241 	2188
f 2198 	1650 	2199
f 1907 	1908 	2098
f 2161 	2160 	1917
f 1931 	2219 	1930
f 2220 	1930 	2219
f 2191 	2410 	2203
f 1933 	2222 	2223
f 1651 	2200 	2199
f 2166 	1922 	2072
f 1917 	1919 	2165
f 2161 	1917 	2165
f 1449 	2225 	1933
f 1650 	1651 	2199
f 2020 	2166 	2072
f 1989 	1995 	2195
f 2227 	2228 	1450
f 2410 	2205 	2203
f 1931 	2228 	2219
f 1993 	1986 	2203
f 1994 	1993 	2203
f 2203 	2205 	1994
f 2204 	1995 	2205
f 2280 	2065 	2206
f 1717 	1452 	1703
f 1990 	2208 	2313
f 2220 	2230 	1930
f 2193 	2040 	2077
f 1450 	1932 	2227
f 2207 	2287 	2206
f 2077 	2040 	1572
f 1481 	1572 	2040
f 1941 	2249 	1940
f 2211 	2287 	2207
f 2193 	2077 	2079
f 1428 	1455 	2197
f 2208 	1990 	2210
f 2210 	1988 	2196
f 2195 	2194 	1989
f 2212 	2202 	2209
f 26 	2213 	23
f 1942 	2241 	2242
f 2035 	2202 	2212
f 2243 	1461 	2261
f 2065 	2211 	2207
f 2196 	2404 	2210
f 2261 	1460 	1940
f 2208 	2215 	2419
f 2209 	2216 	2212
f 1459 	2262 	1941
f 2138 	2139 	2181
f 218 	2244 	2224
f 2093 	2225 	1449
f 2222 	1933 	2225
f 2224 	2226 	218
f 220 	218 	2226
f 2230 	1703 	1452
f 2229 	222 	2226
f 220 	2226 	222
f 1452 	1930 	2230
f 2244 	2011 	2224
f 2231 	2232 	2221
f 222 	2229 	2217
f 2219 	1620 	2220
f 2223 	1620 	2219
f 2222 	1620 	2223
f 2090 	1620 	2222
f 2233 	2232 	2234
f 2244 	2100 	2011
f 2234 	2232 	2236
f 2222 	2225 	2093
f 2228 	2227 	2223
f 2228 	2223 	2219
f 2011 	2496 	2226
f 2226 	2224 	2011
f 2220 	1703 	2230
f 2234 	2237 	2233
f 2208 	2210 	26
f 2208 	26 	25
f 2208 	25 	2235
f 2208 	2235 	2215
f 2210 	2213 	26
f 2241 	1942 	1943
f 2236 	2238 	2234
f 2095 	2132 	2245
f 2239 	2236 	2232
f 2096 	2247 	2260
f 1943 	2240 	2241
f 2231 	2239 	2232
f 41 	56 	2269
f 2178 	2239 	2231
f 2240 	1943 	2243
f 2240 	1799 	2241
f 2250 	1799 	2240
f 2238 	2237 	2234
f 2197 	2242 	2241
f 1799 	2188 	2241
f 2233 	2221 	2232
f 2250 	2240 	2243
f 2187 	2141 	2140
f 2058 	2039 	1156
f 2140 	2218 	2187
f 558 	1133 	1132
f 1940 	2250 	2261
f 2100 	2244 	2246
f 1459 	1713 	2262
f 2249 	1941 	2262
f 2042 	2221 	2233
f 2249 	2250 	1940
f 2209 	2282 	2218
f 2218 	2216 	2209
f 2253 	2247 	2097
f 2252 	2251 	2248
f 1434 	1433 	2253
f 2252 	2248 	1234
f 2253 	2097 	2246
f 2043 	2202 	2035
f 2247 	2253 	2270
f 2253 	2246 	1434
f 2244 	1435 	2246
f 2043 	2201 	2202
f 1522 	1356 	2271
f 2251 	2252 	2257
f 2256 	1360 	2157
f 2178 	2231 	2259
f 2214 	2178 	2259
f 2249 	1712 	1799
f 2250 	2249 	1799
f 51 	2255 	2256
f 2243 	2261 	2250
f 54 	51 	2256
f 54 	2256 	2258
f 2262 	1712 	2249
f 2291 	2290 	2264
f 2258 	2260 	54
f 56 	54 	2260
f 2269 	56 	2260
f 2247 	2269 	2260
f 1339 	298 	1918
f 2270 	1433 	2169
f 2264 	2259 	2291
f 2169 	2269 	2270
f 299 	1343 	211
f 51 	50 	2255
f 299 	300 	1349
f 2270 	2253 	1433
f 2269 	2247 	2270
f 1339 	1349 	298
f 298 	1349 	300
f 2271 	2255 	57
f 50 	57 	2255
f 2159 	2306 	2268
f 2273 	2274 	2259
f 2162 	2157 	1360
f 2157 	2155 	2256
f 2255 	1356 	2256
f 1531 	1522 	2271
f 1528 	1531 	2271
f 2307 	2159 	2158
f 1360 	2256 	1356
f 299 	1358 	1343
f 2275 	2266 	2357
f 2273 	2259 	2264
f 2181 	2172 	2461
f 2217 	954 	215
f 2273 	1928 	2133
f 2229 	2496 	2217
f 2179 	1853 	2305
f 2357 	2272 	2275
f 2276 	2997 	1545
f 2214 	2259 	2274
f 2268 	2185 	2159
f 2221 	2277 	2278
f 1414 	1416 	1827
f 2312 	2316 	1353
f 1495 	1353 	2316
f 944 	1782 	1827
f 954 	2217 	1081
f 2291 	2278 	2277
f 1303 	1287 	1782
f 2291 	2259 	2278
f 1039 	1782 	1100
f 2201 	2267 	2202
f 2278 	2259 	2221
f 2267 	2279 	2202
f 2122 	2193 	2079
f 2175 	2198 	2190
f 2259 	2231 	2221
f 1416 	1424 	1827
f 1391 	1396 	1826
f 1414 	1827 	1398
f 1388 	1391 	1826
f 2279 	2209 	2202
f 2207 	2206 	2065
f 200 	2469 	195
f 1033 	2271 	57
f 2279 	2282 	2209
f 299 	211 	191
f 1518 	1527 	1033
f 1528 	2271 	1527
f 1033 	1527 	2271
f 2311 	2399 	2286
f 2312 	2179 	2158
f 2019 	371 	532
f 2221 	2042 	2119
f 1353 	1852 	2312
f 2312 	1852 	2179
f 2119 	2277 	2221
f 2285 	2286 	2378
f 2277 	2119 	2118
f 1968 	2282 	2279
f 2283 	2285 	2377
f 2159 	2185 	2312
f 1957 	2285 	1965
f 2283 	1965 	2285
f 2286 	2285 	1957
f 2218 	2282 	2186
f 2263 	2186 	2282
f 2274 	2273 	2133
f 2387 	1688 	2386
f 2186 	2263 	2338
f 2316 	2268 	2306
f 2263 	2303 	2338
f 2289 	2290 	2291
f 2288 	2280 	2292
f 2294 	2289 	2291
f 2292 	2280 	2206
f 2206 	2287 	2292
f 1688 	1684 	2386
f 2293 	2745 	2288
f 2284 	2735 	2293
f 2288 	2292 	2293
f 2296 	2295 	2281
f 2294 	2291 	2277
f 2329 	2257 	2265
f 2019 	27 	2084
f 2292 	2287 	2284
f 2292 	2284 	2293
f 2266 	2326 	2265
f 2266 	2275 	2326
f 2288 	49 	2280
f 2252 	1234 	2156
f 2257 	2252 	2156
f 2358 	2170 	2187
f 490 	488 	358
f 2294 	2277 	2118
f 2299 	2300 	2044
f 2113 	2044 	2298
f 2300 	2301 	2297
f 2300 	2297 	2298
f 1951 	2047 	2303
f 2338 	2303 	2299
f 2264 	2290 	2302
f 2299 	2303 	2301
f 2299 	2301 	2300
f 361 	358 	488
f 2356 	2150 	2254
f 2193 	2390 	2198
f 1975 	2324 	2443
f 2263 	1951 	2303
f 2201 	1936 	2267
f 2329 	2177 	881
f 1936 	2279 	2267
f 1935 	2279 	1936
f 1935 	1968 	2279
f 1951 	2263 	2282
f 2307 	2158 	2305
f 2282 	1968 	1951
f 2281 	2310 	2296
f 2159 	2307 	2306
f 1976 	1975 	2443
f 2311 	1957 	1986
f 2311 	2286 	1957
f 2319 	2318 	2314
f 2312 	2314 	2316
f 2308 	2310 	2281
f 2315 	1989 	2313
f 1988 	2313 	1989
f 902 	2317 	959
f 681 	1923 	1916
f 1916 	1929 	681
f 2321 	1995 	2315
f 1989 	2315 	1995
f 2319 	2341 	2318
f 2316 	2314 	2318
f 2321 	2315 	2400
f 2315 	2313 	2400
f 2273 	2304 	1928
f 1986 	1993 	2320
f 1986 	2320 	2311
f 2273 	2264 	2304
f 2322 	2320 	1994
f 1993 	1994 	2320
f 2322 	2410 	2320
f 1994 	1995 	2322
f 2321 	2322 	1995
f 2320 	2410 	2311
f 2400 	2412 	2321
f 517 	514 	2323
f 1928 	2304 	2264
f 1975 	2190 	2324
f 2159 	2312 	2158
f 1928 	2264 	2302
f 2325 	1900 	1976
f 1900 	2325 	2509
f 2308 	2328 	2310
f 2704 	2707 	2331
f 2149 	2289 	2153
f 2289 	2294 	2153
f 527 	567 	2323
f 2294 	2118 	2153
f 2201 	2116 	1936
f 2323 	514 	527
f 2251 	2257 	2336
f 2337 	2335 	2239
f 2317 	1035 	959
f 362 	361 	488
f 362 	488 	363
f 2316 	2305 	1853
f 488 	489 	363
f 2327 	2265 	2326
f 2316 	2306 	2307
f 2329 	2265 	2327
f 517 	363 	489
f 2129 	2701 	2149
f 2316 	2307 	2305
f 2323 	368 	363
f 2350 	1660 	1856
f 2275 	2334 	2326
f 2338 	2335 	2339
f 517 	2323 	363
f 2236 	2335 	2338
f 2323 	2349 	368
f 2334 	2272 	2309
f 1243 	1329 	2336
f 2468 	2336 	1329
f 2323 	567 	2365
f 2350 	1856 	2380
f 2344 	2353 	2343
f 2342 	2343 	2353
f 2338 	2339 	2345
f 2275 	2272 	2334
f 2348 	2349 	2347
f 2349 	2308 	2347
f 2346 	2347 	2308
f 2345 	2339 	2351
f 2335 	2337 	2339
f 2329 	2336 	2257
f 2343 	726 	2344
f 190 	2348 	2347
f 2346 	2578 	184
f 2341 	2342 	2318
f 2353 	2318 	2342
f 382 	368 	2348
f 2340 	382 	2348
f 2349 	2348 	368
f 2328 	2308 	2349
f 2345 	2354 	2338
f 2184 	2352 	29
f 29 	2352 	2344
f 2353 	2344 	2352
f 2424 	2251 	2468
f 2133 	2060 	2337
f 2337 	2060 	2351
f 2351 	2060 	2063
f 587 	365 	364
f 2337 	2351 	2339
f 2362 	2349 	2365
f 2323 	2365 	2349
f 2354 	2358 	2338
f 2340 	2348 	2395
f 2337 	2239 	2133
f 2354 	2345 	2063
f 2135 	2356 	2355
f 2163 	2354 	2063
f 2185 	440 	516
f 2351 	2063 	2345
f 2349 	2362 	2361
f 2349 	2361 	2328
f 2317 	684 	2366
f 2358 	2187 	2186
f 2358 	2186 	2338
f 2362 	2365 	2363
f 2268 	2316 	707
f 707 	706 	2268
f 554 	2365 	567
f 2268 	440 	2185
f 2389 	2015 	2388
f 2335 	2236 	2239
f 2389 	2369 	2015
f 2367 	2361 	2362
f 2237 	2238 	2338
f 2317 	2366 	1035
f 2338 	2238 	2236
f 2363 	2367 	2362
f 2214 	2133 	2178
f 2214 	2274 	2133
f 2239 	2178 	2133
f 2338 	2299 	2237
f 2365 	2370 	2363
f 1069 	1063 	345
f 1496 	1497 	2868
f 2284 	27 	58
f 554 	2370 	2365
f 13 	11 	1073
f 1524 	1070 	2430
f 2868 	1494 	1496
f 1619 	1494 	2955
f 316 	1524 	342
f 2147 	2144 	2254
f 2330 	2324 	2332
f 2332 	2384 	2333
f 2135 	2245 	2134
f 2372 	552 	1664
f 74 	1664 	552
f 2374 	2367 	2363
f 2378 	2286 	2399
f 2375 	322 	1684
f 2374 	2363 	2376
f 2373 	559 	2375
f 2332 	2324 	2190
f 2355 	2245 	2135
f 1059 	2375 	1058
f 2000 	1974 	2283
f 1660 	2350 	2360
f 2375 	1684 	1058
f 2364 	2357 	2266
f 2360 	1661 	1660
f 2373 	2375 	1059
f 2283 	2377 	2000
f 1661 	2372 	1664
f 2378 	2379 	2285
f 1059 	2366 	2373
f 2067 	2254 	2094
f 2376 	494 	2374
f 2360 	2372 	1661
f 2377 	2285 	2379
f 2399 	2016 	2378
f 2000 	2377 	2017
f 2379 	2017 	2377
f 2378 	2016 	2379
f 2367 	2374 	212
f 1673 	1674 	2380
f 2364 	2156 	2177
f 2363 	2370 	2376
f 2382 	2376 	2370
f 502 	2376 	2382
f 371 	360 	532
f 2382 	2370 	554
f 2094 	2254 	2145
f 24 	27 	2019
f 511 	552 	2381
f 2381 	2380 	1674
f 2131 	2134 	2245
f 2384 	2198 	2390
f 2117 	2120 	2371
f 2117 	2371 	2383
f 2117 	2383 	2368
f 2265 	2257 	2156
f 2026 	2390 	2193
f 2057 	618 	2371
f 2190 	2384 	2332
f 2382 	554 	561
f 2369 	2368 	2383
f 2369 	2383 	2385
f 2879 	2873 	2384
f 2735 	58 	1939
f 578 	2374 	487
f 2383 	2392 	2385
f 487 	2374 	494
f 2284 	2287 	27
f 2190 	2198 	2384
f 2391 	2389 	2392
f 2388 	2392 	2389
f 2393 	2391 	2394
f 2382 	561 	568
f 2364 	2266 	2265
f 643 	502 	568
f 558 	559 	2373
f 2384 	2390 	2124
f 322 	2124 	2386
f 2386 	2124 	2387
f 2387 	2124 	2390
f 2391 	2392 	2394
f 271 	270 	537
f 2156 	2364 	2265
f 322 	2375 	559
f 2330 	2445 	2446
f 2330 	2446 	2331
f 2396 	2395 	266
f 2330 	2332 	2448
f 2330 	2448 	2445
f 2150 	2147 	2254
f 2391 	2393 	2465
f 2333 	2448 	2332
f 2124 	558 	2928
f 2381 	552 	2372
f 2446 	2333 	2331
f 2324 	2451 	2443
f 2451 	2324 	2325
f 1913 	2160 	2398
f 2395 	2396 	2340
f 2380 	1823 	1673
f 544 	537 	2396
f 2380 	2360 	2350
f 2380 	2381 	2360
f 2194 	2195 	2401
f 2400 	2401 	2195
f 2372 	2360 	2381
f 152 	2590 	2403
f 2194 	2404 	2196
f 2403 	335 	334
f 2403 	334 	152
f 1913 	2398 	2397
f 2401 	2404 	2194
f 2602 	335 	2403
f 1823 	2380 	1856
f 2364 	2173 	2357
f 1819 	1857 	565
f 1819 	565 	451
f 2364 	2177 	2173
f 2397 	1911 	1913
f 2204 	2400 	2195
f 2400 	2418 	2401
f 2408 	2409 	756
f 757 	756 	2409
f 2357 	2173 	2405
f 2399 	2410 	2191
f 2412 	2400 	2204
f 2412 	2413 	2321
f 2405 	2173 	2326
f 2413 	2412 	2204
f 2413 	2204 	2205
f 2327 	2326 	2173
f 2407 	2402 	1134
f 1134 	1136 	2407
f 2322 	2321 	2413
f 1901 	1134 	2402
f 1901 	2402 	1894
f 2205 	2410 	2413
f 1134 	2411 	2414
f 2415 	2409 	2408
f 2410 	2322 	2413
f 2399 	2311 	2410
f 2334 	2405 	2326
f 2418 	2313 	2208
f 2334 	2309 	2405
f 2548 	2526 	2417
f 2419 	2401 	2418
f 2418 	2400 	2313
f 2421 	2419 	2215
f 2420 	2417 	2397
f 2420 	2397 	2398
f 2423 	2421 	2235
f 2215 	2235 	2421
f 2251 	2424 	2248
f 2424 	2425 	1260
f 2424 	2473 	2425
f 2416 	2422 	1141
f 1136 	1137 	2406
f 2463 	2394 	2392
f 2422 	2416 	351
f 2483 	2482 	2417
f 2397 	2417 	2526
f 351 	2416 	341
f 2425 	2435 	1261
f 2389 	2391 	2369
f 687 	616 	2391
f 2472 	2488 	2425
f 2416 	378 	341
f 2388 	2385 	2392
f 2485 	2580 	2420
f 2235 	25 	21
f 2235 	21 	2423
f 2427 	2417 	2426
f 2420 	2426 	2417
f 2208 	2419 	2418
f 1142 	1067 	345
f 2272 	2808 	2436
f 2309 	2272 	2450
f 2429 	2428 	2664
f 1143 	1142 	349
f 345 	349 	1142
f 2524 	2356 	2254
f 349 	348 	1143
f 2666 	2685 	2429
f 2432 	2435 	2521
f 2433 	2432 	2521
f 2435 	2425 	2521
f 2185 	716 	705
f 606 	1875 	1512
f 2245 	2519 	2254
f 516 	716 	2185
f 1864 	1285 	1861
f 446 	2268 	515
f 2430 	2434 	343
f 2430 	343 	342
f 331 	1430 	332
f 446 	440 	2268
f 690 	749 	2392
f 565 	1857 	1240
f 1865 	1841 	1857
f 616 	2368 	2391
f 2369 	2391 	2368
f 616 	393 	2368
f 2383 	617 	2392
f 804 	2469 	2011
f 618 	617 	2383
f 618 	2383 	2371
f 618 	2057 	377
f 1141 	2422 	2431
f 2434 	350 	343
f 2438 	2574 	2427
f 2574 	2571 	2427
f 351 	2431 	2422
f 2575 	2627 	2452
f 2434 	2431 	350
f 351 	350 	2431
f 2429 	2437 	2441
f 2427 	2426 	2438
f 1161 	348 	354
f 1144 	348 	1161
f 1162 	1161 	353
f 354 	353 	1161
f 353 	352 	1158
f 353 	1158 	1162
f 2344 	726 	728
f 2437 	2429 	2604
f 2452 	2440 	2438
f 1144 	1143 	348
f 2429 	2441 	2428
f 332 	1348 	339
f 1136 	2414 	1137
f 2416 	1137 	2414
f 699 	1613 	1630
f 2441 	2437 	2442
f 2414 	1136 	1134
f 1348 	332 	1430
f 2421 	2423 	2419
f 21 	2419 	2423
f 1342 	1345 	331
f 2318 	707 	2316
f 1976 	2443 	2444
f 2445 	2448 	2449
f 2445 	2449 	2446
f 1958 	759 	1864
f 1267 	1307 	2184
f 2352 	2184 	735
f 2333 	2449 	2448
f 2333 	2446 	2449
f 2452 	2438 	2426
f 2451 	2453 	2444
f 2451 	2444 	2443
f 2437 	2439 	2442
f 2454 	2442 	2439
f 2325 	2453 	2451
f 2353 	2352 	735
f 2453 	1976 	2444
f 2325 	1976 	2453
f 2455 	2456 	891
f 2439 	2440 	2454
f 2457 	2454 	2440
f 2401 	2419 	2404
f 2458 	2404 	2419
f 2459 	23 	2213
f 2460 	2461 	2359
f 2440 	2452 	2457
f 2459 	2213 	2458
f 2210 	2458 	2213
f 3003 	3002 	2447
f 891 	2466 	2455
f 2394 	2462 	2393
f 2454 	2629 	2442
f 2452 	2426 	2575
f 2572 	2575 	2426
f 3010 	3008 	2447
f 2466 	2696 	2455
f 2447 	3008 	3006
f 2431 	1153 	1141
f 756 	2456 	2408
f 2462 	2463 	2464
f 2416 	1141 	1137
f 2463 	2465 	2464
f 3003 	2447 	3006
f 1154 	2434 	1145
f 2430 	1145 	2434
f 2464 	2393 	2462
f 1153 	2431 	1154
f 2434 	1154 	2431
f 1958 	1864 	357
f 2470 	1961 	355
f 894 	2614 	2467
f 2469 	2471 	2011
f 2465 	2393 	2464
f 2472 	2473 	1376
f 2394 	2463 	2462
f 2415 	2408 	2456
f 2447 	2992 	2276
f 2455 	2696 	2456
f 2005 	2461 	2460
f 200 	2471 	2469
f 1903 	2499 	1902
f 2404 	2458 	2210
f 2107 	1762 	2502
f 2397 	2526 	1911
f 2458 	2419 	23
f 21 	23 	2419
f 2107 	2502 	1903
f 2523 	1925 	2470
f 23 	2459 	2458
f 2532 	2398 	2160
f 2474 	2475 	2476
f 2474 	2476 	2477
f 2478 	2479 	2480
f 2478 	2480 	2481
f 1958 	357 	1961
f 1307 	1304 	2184
f 356 	355 	1961
f 2484 	2548 	2482
f 740 	1266 	2461
f 2490 	2479 	2478
f 1880 	2474 	2477
f 1880 	2477 	2478
f 731 	1882 	2481
f 2478 	2481 	1882
f 1448 	1400 	2481
f 2548 	2417 	2482
f 2601 	2548 	2484
f 720 	2319 	702
f 2477 	2490 	2478
f 1927 	2527 	2528
f 1880 	1906 	2474
f 2532 	2562 	2398
f 2420 	2398 	2562
f 2319 	720 	2341
f 1961 	357 	356
f 2487 	944 	1448
f 2482 	2483 	2501
f 2123 	1926 	2531
f 2341 	720 	2342
f 2480 	2487 	2481
f 2488 	2472 	1381
f 1376 	1381 	2472
f 2489 	2674 	2490
f 724 	2342 	720
f 2127 	2125 	2547
f 2486 	2489 	2490
f 2486 	2490 	2487
f 2436 	2450 	2272
f 2487 	1448 	2481
f 2343 	2342 	724
f 2472 	2425 	2473
f 2521 	2425 	2488
f 2468 	2473 	2424
f 2336 	2468 	2251
f 2133 	1928 	2582
f 2490 	944 	2487
f 2343 	724 	726
f 1381 	2521 	2488
f 1864 	336 	357
f 2546 	2126 	2582
f 2477 	2476 	2492
f 2493 	2671 	2494
f 2405 	2811 	2357
f 2955 	1570 	1619
f 2492 	2491 	2493
f 2492 	2493 	2494
f 2492 	2490 	2477
f 701 	702 	2319
f 2128 	2535 	1927
f 2471 	2497 	2011
f 2499 	2500 	1902
f 2485 	2501 	2483
f 2314 	701 	2319
f 509 	2470 	1925
f 2501 	2485 	2420
f 197 	196 	2496
f 197 	2496 	2495
f 1961 	2470 	510
f 2312 	705 	2314
f 2501 	2503 	2482
f 2484 	2482 	2503
f 2495 	2497 	197
f 199 	197 	2497
f 2497 	2471 	199
f 200 	199 	2471
f 2484 	2503 	2498
f 208 	2496 	196
f 2503 	2501 	2562
f 2501 	2420 	2562
f 705 	701 	2314
f 2499 	2415 	2500
f 1762 	1759 	2499
f 2502 	1762 	2499
f 1494 	2864 	2955
f 2498 	2503 	2562
f 2494 	944 	2492
f 2492 	944 	2490
f 2505 	2506 	2507
f 2505 	2507 	2508
f 2507 	2530 	2508
f 2513 	1915 	2514
f 2789 	2519 	2355
f 1915 	2520 	2514
f 2508 	2474 	1906
f 2309 	2811 	2405
f 2530 	2474 	2508
f 2494 	2474 	2530
f 2509 	2510 	2511
f 2509 	2511 	2512
f 2272 	2357 	2808
f 2112 	2111 	2515
f 711 	707 	2318
f 2112 	2515 	2114
f 2516 	2114 	2515
f 1132 	2928 	558
f 2318 	2353 	711
f 1689 	1694 	2981
f 2516 	2517 	2114
f 2185 	705 	2312
f 2245 	2355 	2519
f 365 	781 	777
f 1274 	2433 	2518
f 2415 	2696 	2514
f 2523 	2470 	355
f 687 	2391 	2465
f 2415 	2514 	2517
f 2517 	2516 	2415
f 2521 	2522 	2433
f 2518 	2433 	2522
f 1666 	1641 	2962
f 2961 	2962 	1641
f 2523 	355 	370
f 29 	728 	37
f 2522 	2521 	1691
f 2504 	2500 	2515
f 2516 	2515 	2500
f 29 	2344 	728
f 2962 	2869 	1666
f 2500 	2415 	2516
f 370 	2537 	2523
f 2514 	2520 	2517
f 2519 	2518 	2522
f 2519 	2522 	2524
f 1770 	2765 	2522
f 2524 	2254 	2519
f 736 	711 	2353
f 2512 	2505 	1912
f 2508 	1912 	2505
f 736 	2353 	735
f 2790 	2356 	2524
f 2522 	2765 	2524
f 2587 	2596 	1799
f 2540 	943 	2534
f 2540 	2543 	943
f 1911 	2526 	2101
f 2507 	2585 	2530
f 2755 	2519 	2789
f 2533 	2689 	2534
f 2127 	2547 	2128
f 2535 	2128 	2547
f 2530 	2529 	2533
f 2530 	2533 	2534
f 2527 	1927 	2535
f 1693 	2961 	1641
f 2402 	379 	375
f 2527 	2587 	2528
f 2547 	2545 	2527
f 2512 	2540 	2505
f 2534 	2505 	2540
f 2528 	2587 	1804
f 2535 	2547 	2527
f 2545 	2587 	2527
f 2530 	944 	2494
f 2534 	943 	2530
f 944 	2530 	943
f 2988 	1806 	1802
f 2512 	2511 	2540
f 2581 	1928 	2302
f 2542 	2686 	2543
f 2540 	2539 	2542
f 2540 	2542 	2543
f 1928 	2581 	2582
f 1929 	1871 	605
f 1134 	1901 	2541
f 2731 	943 	2543
f 2475 	2558 	2476
f 370 	373 	2537
f 374 	2537 	373
f 2537 	374 	2541
f 2474 	2494 	2475
f 2532 	2160 	2526
f 1894 	375 	1895
f 2558 	2492 	2476
f 2436 	2808 	2544
f 2479 	2490 	2553
f 1898 	1896 	2523
f 1898 	2523 	2537
f 1901 	1898 	2537
f 740 	2461 	2005
f 2541 	1901 	2537
f 2550 	2549 	2551
f 2552 	2549 	2550
f 2548 	2601 	2549
f 2553 	2554 	2555
f 2554 	2557 	2555
f 2555 	2480 	2479
f 2563 	2562 	2549
f 2548 	2562 	2526
f 2549 	2562 	2548
f 1910 	297 	306
f 1895 	371 	1897
f 2479 	2553 	2555
f 371 	1895 	375
f 2554 	2674 	2675
f 2554 	2675 	2557
f 2402 	375 	1894
f 298 	1914 	1918
f 2568 	2552 	2550
f 2480 	2555 	2487
f 2557 	2487 	2555
f 2675 	2487 	2557
f 381 	2406 	1158
f 1158 	352 	381
f 2407 	2406 	380
f 381 	380 	2406
f 2553 	2490 	2554
f 2674 	2554 	2490
f 380 	379 	2407
f 2402 	2407 	379
f 2549 	2552 	2563
f 2568 	2563 	2552
f 2558 	2559 	2560
f 2560 	2561 	2558
f 2541 	2411 	1134
f 2532 	2526 	2562
f 2475 	2559 	2558
f 2519 	2755 	2518
f 2566 	2567 	2550
f 2566 	2550 	2551
f 2541 	374 	376
f 2790 	2524 	2765
f 2567 	2568 	2550
f 2558 	2561 	2492
f 376 	2411 	2541
f 2556 	898 	2576
f 2568 	2567 	2563
f 2567 	2566 	2563
f 2566 	2657 	2563
f 378 	2411 	376
f 2576 	2577 	2556
f 2570 	2571 	2572
f 2570 	2572 	2573
f 2414 	2411 	378
f 2571 	2574 	2575
f 2571 	2575 	2572
f 2414 	378 	2416
f 2308 	2281 	2578
f 2346 	2308 	2578
f 2577 	2578 	2281
f 2281 	2556 	2577
f 899 	2576 	898
f 2475 	2494 	2559
f 2560 	2559 	2494
f 2281 	2295 	2556
f 2510 	2592 	2511
f 2556 	2295 	900
f 2579 	2570 	2573
f 2579 	2573 	2580
f 2556 	900 	898
f 2592 	2540 	2511
f 2581 	2302 	2752
f 2577 	717 	718
f 2509 	2543 	2510
f 718 	2578 	2577
f 2546 	2581 	2587
f 2505 	2534 	2506
f 2583 	2584 	2585
f 2584 	2586 	2585
f 717 	2577 	2576
f 2569 	2589 	2525
f 2585 	2507 	2506
f 2752 	2717 	2581
f 2506 	2583 	2585
f 2581 	2546 	2582
f 146 	900 	2295
f 2584 	2689 	2586
f 2586 	2690 	2530
f 2586 	2530 	2585
f 2590 	152 	2588
f 2584 	2534 	2689
f 2583 	2506 	2534
f 2584 	2583 	2534
f 2592 	2593 	2594
f 2545 	2546 	2587
f 1799 	1712 	2587
f 1032 	2596 	2597
f 2590 	2588 	2773
f 2587 	2597 	2596
f 2594 	2599 	2592
f 2617 	2603 	2438
f 2571 	2570 	2427
f 2579 	2417 	2570
f 2510 	2593 	2592
f 2572 	2426 	2573
f 2580 	2483 	2579
f 2485 	2483 	2580
f 2417 	2427 	2570
f 2483 	2417 	2579
f 2599 	2540 	2592
f 2580 	2573 	2420
f 2426 	2420 	2573
f 2498 	2656 	2601
f 2590 	2591 	2602
f 931 	2600 	933
f 2601 	2484 	2498
f 2656 	2549 	2601
f 2602 	2403 	2590
f 153 	2588 	152
f 2602 	2591 	2600
f 2595 	2600 	2591
f 933 	2600 	2595
f 1443 	281 	280
f 2604 	2620 	2439
f 2588 	153 	2609
f 153 	275 	2609
f 276 	277 	2610
f 2604 	2629 	2620
f 2536 	2525 	2589
f 2744 	2612 	2606
f 276 	2610 	2611
f 2598 	2544 	2538
f 277 	285 	2610
f 283 	2635 	278
f 2608 	2544 	2598
f 2510 	2543 	2593
f 2594 	2593 	2543
f 280 	1074 	1443
f 1520 	1033 	2648
f 2620 	2623 	2440
f 2487 	2675 	2486
f 2675 	2679 	2486
f 2642 	2647 	2797
f 2492 	2672 	2491
f 2622 	2491 	2616
f 2623 	2620 	2650
f 2608 	2811 	2450
f 2615 	2493 	2624
f 2439 	2437 	2604
f 2440 	2439 	2620
f 2624 	2622 	2616
f 2624 	2616 	2615
f 2617 	2623 	2650
f 2635 	131 	278
f 2493 	2491 	2622
f 2493 	2622 	2624
f 2438 	2440 	2623
f 2438 	2623 	2617
f 2574 	2438 	2603
f 2678 	2489 	2618
f 2625 	2618 	2489
f 2655 	283 	2667
f 2635 	283 	2655
f 2649 	2635 	2655
f 2574 	2603 	2575
f 2627 	2575 	2603
f 2625 	2621 	2619
f 2625 	2619 	2618
f 2489 	2486 	2621
f 2489 	2621 	2625
f 2628 	2629 	2604
f 2605 	2628 	2604
f 2605 	2607 	2628
f 2633 	2634 	2529
f 2628 	2607 	2636
f 2540 	2687 	2539
f 2637 	2539 	2631
f 2636 	2442 	2628
f 2630 	2542 	2640
f 2640 	2637 	2631
f 2640 	2631 	2630
f 2629 	2646 	2620
f 2542 	2539 	2637
f 2542 	2637 	2640
f 2642 	2638 	2639
f 2642 	2639 	2643
f 2628 	2442 	2629
f 2632 	2533 	2644
f 2811 	2309 	2450
f 2627 	2603 	2645
f 2617 	2645 	2603
f 2644 	2634 	2633
f 2644 	2633 	2632
f 2533 	2529 	2634
f 2533 	2634 	2644
f 2647 	2642 	2643
f 2647 	2643 	2649
f 2648 	114 	72
f 2650 	2620 	2646
f 2650 	2646 	2454
f 2629 	2454 	2646
f 3115 	111 	2652
f 2654 	2647 	2649
f 2654 	2649 	2655
f 2650 	2645 	2617
f 3115 	2652 	3116
f 2651 	3116 	2652
f 2742 	2861 	2639
f 2643 	2635 	2649
f 2627 	2645 	2452
f 2457 	2452 	2645
f 2454 	2457 	2650
f 2650 	2457 	2645
f 3116 	2651 	2660
f 427 	2797 	2647
f 2654 	427 	2647
f 2656 	2657 	2566
f 2667 	2654 	2655
f 2551 	2656 	2566
f 2648 	2658 	115
f 2648 	115 	114
f 288 	2661 	283
f 2498 	2657 	2656
f 2659 	2660 	111
f 2659 	111 	110
f 2562 	2563 	2498
f 2661 	288 	2663
f 2652 	111 	2651
f 2660 	2651 	111
f 2538 	2853 	2849
f 2551 	2549 	2656
f 401 	2663 	287
f 2657 	2498 	2563
f 2659 	1033 	2660
f 2685 	2607 	2429
f 2665 	2654 	2667
f 2668 	2659 	110
f 2668 	110 	112
f 975 	3118 	1033
f 2668 	1033 	2659
f 2658 	2668 	112
f 2658 	112 	115
f 2667 	2661 	2665
f 2669 	2665 	2661
f 2613 	2610 	285
f 2589 	2598 	2538
f 2661 	2663 	2669
f 2608 	2450 	2436
f 2658 	1033 	2668
f 2648 	1033 	2658
f 2672 	2561 	2671
f 2560 	2671 	2561
f 2673 	2664 	2693
f 2636 	2693 	2442
f 2664 	2428 	2693
f 2441 	2693 	2428
f 2670 	2669 	2663
f 2663 	401 	2670
f 2671 	2676 	2677
f 2671 	2677 	2672
f 2666 	2429 	2673
f 2674 	2678 	2679
f 2674 	2679 	2675
f 2676 	2615 	2677
f 2616 	2677 	2615
f 2673 	2429 	2664
f 2619 	2679 	2678
f 2619 	2678 	2618
f 2681 	2666 	2680
f 2673 	2680 	2666
f 2680 	2682 	2683
f 2680 	2683 	2681
f 2621 	2486 	2619
f 2679 	2619 	2486
f 2608 	2436 	2544
f 2682 	15 	14
f 2682 	14 	2683
f 2677 	2491 	2672
f 2561 	2672 	2492
f 2616 	2491 	2677
f 2589 	2538 	2536
f 2612 	2614 	2606
f 2666 	2681 	2685
f 14 	16 	2685
f 2683 	2685 	2681
f 14 	2685 	2683
f 2615 	2676 	2493
f 2676 	2671 	2493
f 2560 	2494 	2671
f 2701 	2129 	2130
f 2693 	18 	15
f 2693 	15 	2682
f 2693 	2682 	2680
f 2693 	2680 	2673
f 2674 	2489 	2678
f 2687 	2599 	2686
f 2594 	2686 	2599
f 2689 	2690 	2586
f 2605 	2604 	2429
f 2607 	2605 	2429
f 2686 	2691 	2692
f 2686 	2692 	2687
f 2467 	2614 	2612
f 2689 	2694 	2695
f 2689 	2695 	2690
f 2612 	2696 	2467
f 2441 	2442 	2693
f 2631 	2692 	2630
f 2691 	2630 	2692
f 2696 	2466 	2467
f 2697 	16 	18
f 2697 	18 	2698
f 2694 	2632 	2633
f 2694 	2633 	2695
f 2698 	2699 	2697
f 2529 	2530 	2690
f 2529 	2690 	2695
f 2529 	2695 	2633
f 2698 	2700 	2699
f 2415 	2456 	2696
f 2700 	2685 	2699
f 2540 	2599 	2687
f 2692 	2539 	2687
f 2631 	2539 	2692
f 2701 	2130 	2702
f 2685 	2693 	2607
f 2630 	2691 	2542
f 2691 	2686 	2542
f 2594 	2543 	2686
f 2607 	2693 	2636
f 2130 	2513 	2702
f 2685 	2700 	2693
f 2632 	2694 	2533
f 2689 	2533 	2694
f 2704 	2705 	2706
f 2704 	2706 	2707
f 2684 	2703 	2688
f 2685 	16 	2699
f 16 	2697 	2699
f 2696 	2612 	2701
f 2696 	2701 	2702
f 2702 	2513 	2696
f 2513 	2514 	2696
f 2708 	2688 	2703
f 2700 	18 	2693
f 2720 	2662 	2709
f 2700 	2698 	18
f 2714 	2704 	2331
f 2325 	2330 	2707
f 2744 	2749 	2612
f 2509 	2707 	2543
f 2331 	2707 	2330
f 2611 	2610 	60
f 2610 	2613 	60
f 90 	61 	2613
f 2324 	2330 	2325
f 2509 	2325 	2707
f 2711 	2712 	2713
f 2711 	2713 	2714
f 2565 	2626 	2715
f 2710 	2609 	293
f 83 	78 	2719
f 2641 	2715 	2626
f 309 	2611 	2716
f 2653 	2715 	2641
f 2654 	2665 	427
f 2669 	427 	2665
f 293 	307 	2719
f 433 	2669 	2670
f 307 	309 	2719
f 2716 	2719 	309
f 2653 	2718 	2715
f 2762 	2587 	2717
f 80 	83 	2716
f 80 	2716 	60
f 2662 	2720 	2718
f 433 	2670 	438
f 2719 	2710 	293
f 2653 	2662 	2718
f 2667 	283 	2661
f 2719 	2716 	83
f 2611 	60 	2716
f 2331 	2333 	2711
f 2331 	2711 	2714
f 2703 	2721 	2708
f 2725 	2708 	2721
f 2569 	2703 	2684
f 2720 	2864 	2718
f 2729 	397 	2859
f 2684 	2589 	2569
f 335 	2602 	2728
f 2706 	2731 	2707
f 2839 	2845 	2598
f 2859 	2860 	2729
f 2723 	2734 	2726
f 58 	2735 	2284
f 2736 	2722 	2729
f 2839 	2598 	2589
f 1938 	2737 	2738
f 2749 	2290 	2289
f 2734 	335 	2728
f 2737 	1937 	1647
f 2722 	2736 	2727
f 2724 	396 	2729
f 2724 	2729 	2722
f 2739 	2727 	2736
f 2741 	2727 	2739
f 2741 	2739 	2742
f 1939 	2738 	2735
f 2841 	2688 	2536
f 2742 	2639 	2741
f 2638 	2741 	2639
f 2841 	2538 	2849
f 2638 	2642 	2797
f 2734 	2743 	2740
f 2538 	2841 	2536
f 2860 	2861 	2739
f 2734 	2747 	2743
f 1605 	699 	1649
f 2741 	2638 	2797
f 2901 	2900 	2721
f 2725 	2721 	2900
f 2302 	2290 	2751
f 2740 	2726 	2734
f 1649 	700 	606
f 2752 	2302 	2751
f 2721 	2703 	2569
f 2643 	2639 	2635
f 2590 	2723 	2591
f 2721 	2569 	1542
f 2797 	2727 	2741
f 2701 	2749 	2149
f 49 	2288 	1981
f 1475 	1981 	2288
f 2717 	2744 	2760
f 1542 	2901 	2721
f 2288 	2745 	1475
f 2293 	2735 	2745
f 1613 	699 	1605
f 1509 	1475 	2745
f 2740 	2595 	2726
f 2525 	2536 	2688
f 2591 	2726 	2595
f 2688 	2708 	2525
f 2735 	2738 	2745
f 2737 	1509 	2738
f 1509 	2737 	1532
f 1647 	1532 	2737
f 2745 	2738 	1509
f 2860 	2739 	2736
f 2742 	2739 	2861
f 2289 	2149 	2749
f 2591 	2723 	2726
f 2525 	2708 	2725
f 2746 	2748 	235
f 2754 	2746 	235
f 2600 	931 	2747
f 2743 	2747 	2804
f 2747 	2728 	2600
f 2602 	2600 	2728
f 2606 	2758 	2744
f 240 	235 	2748
f 417 	2750 	2771
f 223 	2750 	417
f 1667 	1665 	699
f 2746 	2769 	2748
f 2750 	2748 	2771
f 2290 	2749 	2751
f 2789 	2355 	2356
f 2753 	2564 	2565
f 1090 	1075 	2776
f 2565 	2715 	2753
f 1443 	1442 	305
f 2751 	2749 	2744
f 2744 	2717 	2751
f 699 	700 	1649
f 305 	1330 	1333
f 2587 	2581 	2717
f 305 	260 	1443
f 2751 	2717 	2752
f 2701 	2612 	2749
f 2754 	1081 	2777
f 1044 	2757 	2758
f 1046 	2759 	2760
f 2755 	2765 	2756
f 1081 	1089 	2777
f 2755 	2789 	2765
f 2757 	1046 	2760
f 2759 	1056 	2762
f 1056 	2597 	2762
f 2606 	1044 	2758
f 1091 	2784 	1094
f 2746 	2754 	2776
f 2766 	2763 	2761
f 2717 	2759 	2762
f 2747 	2734 	2728
f 2597 	2587 	2762
f 2768 	2761 	2763
f 2770 	59 	333
f 2753 	2761 	2768
f 2770 	2588 	59
f 2746 	2776 	2769
f 2767 	2769 	2776
f 2588 	2770 	2773
f 2759 	2717 	2760
f 2768 	2564 	2753
f 2744 	2757 	2760
f 2767 	2772 	2771
f 2767 	2771 	2769
f 2744 	2758 	2757
f 2771 	2748 	2769
f 2773 	2723 	2590
f 2732 	3129 	2733
f 333 	334 	2770
f 2776 	2748 	2788
f 2730 	2732 	2733
f 2730 	2733 	2731
f 2734 	2723 	2773
f 2788 	2750 	1094
f 2731 	2543 	2707
f 2786 	2733 	2704
f 1089 	2776 	2777
f 2783 	943 	2786
f 2917 	943 	2783
f 2786 	943 	2733
f 2777 	2776 	2754
f 2766 	2761 	2815
f 2779 	107 	2782
f 2767 	2776 	2795
f 2786 	2785 	2781
f 2786 	2781 	2783
f 2784 	2795 	2776
f 2756 	2765 	2764
f 1104 	2914 	1091
f 2714 	2786 	2704
f 2750 	2788 	2748
f 2776 	2788 	2784
f 2736 	2729 	2860
f 2789 	2790 	2765
f 2788 	1094 	2784
f 2789 	2356 	2790
f 2952 	2803 	2956
f 427 	1278 	2797
f 2792 	2796 	2798
f 2771 	2772 	417
f 417 	2772 	2800
f 417 	2800 	2801
f 2802 	2824 	2801
f 2821 	2824 	2802
f 2635 	2639 	2861
f 2635 	2809 	2829
f 2804 	2799 	2805
f 2787 	2782 	109
f 107 	109 	2782
f 2779 	2774 	74
f 2381 	1674 	2774
f 2807 	2806 	2799
f 2804 	2807 	2799
f 2768 	2763 	1633
f 2834 	1867 	2799
f 2794 	2793 	2802
f 2794 	2802 	2801
f 2796 	2956 	2803
f 2804 	2805 	2740
f 2793 	2821 	2802
f 2794 	2801 	2800
f 2794 	2800 	2795
f 2796 	2803 	2798
f 1214 	937 	1866
f 1867 	1866 	2799
f 2795 	2800 	2772
f 2795 	2772 	2767
f 2791 	2956 	2796
f 2740 	2743 	2804
f 2791 	2796 	2792
f 2384 	2792 	2333
f 2805 	933 	2740
f 2784 	1091 	2914
f 2793 	2794 	2914
f 2794 	2795 	2914
f 2914 	2795 	2784
f 2959 	248 	253
f 2798 	2810 	2333
f 2798 	2333 	2792
f 2812 	2837 	2918
f 2815 	2959 	253
f 358 	361 	2897
f 2817 	2914 	2816
f 2711 	2333 	2810
f 2815 	253 	2766
f 2818 	2812 	2918
f 2793 	2914 	2817
f 1036 	358 	2897
f 2774 	2779 	2381
f 2813 	2814 	2933
f 2814 	2816 	2933
f 2932 	2933 	2816
f 429 	2813 	2933
f 2782 	2381 	2779
f 2812 	2818 	2820
f 2787 	2381 	2782
f 2822 	2824 	2821
f 417 	2801 	2824
f 2823 	2824 	2822
f 2799 	2806 	2819
f 2824 	2823 	2814
f 2824 	2814 	2813
f 2787 	511 	2381
f 2814 	2823 	2822
f 2814 	2822 	2816
f 2799 	2819 	2834
f 2817 	2816 	2822
f 2817 	2822 	2821
f 2787 	2826 	2827
f 2827 	2828 	2787
f 2817 	2821 	2793
f 1977 	1978 	2806
f 2001 	2032 	2819
f 2807 	931 	1977
f 2825 	2820 	2818
f 2824 	2813 	417
f 408 	417 	2813
f 2787 	116 	2826
f 2808 	2357 	2811
f 116 	113 	2826
f 2812 	2820 	2829
f 2811 	2598 	2876
f 2826 	113 	2827
f 121 	2827 	113
f 2825 	131 	2820
f 2827 	121 	2828
f 129 	2828 	121
f 2811 	2608 	2598
f 2829 	2820 	131
f 2910 	1109 	2830
f 69 	1575 	229
f 230 	35 	229
f 69 	229 	35
f 2832 	2833 	2834
f 35 	230 	232
f 149 	148 	233
f 234 	233 	148
f 2835 	2809 	2831
f 232 	234 	148
f 1104 	2910 	2914
f 149 	233 	243
f 2835 	2829 	2809
f 1115 	2836 	2830
f 2812 	2835 	2837
f 1109 	1115 	2830
f 2819 	2832 	2834
f 2870 	2832 	239
f 2819 	2806 	1978
f 2829 	2835 	2812
f 2544 	2808 	2538
f 2872 	226 	2833
f 2831 	2797 	2835
f 1055 	2038 	28
f 231 	28 	221
f 2830 	2838 	2910
f 2835 	2797 	2837
f 2862 	2910 	2838
f 1978 	2001 	2819
f 2841 	2839 	2684
f 2688 	2841 	2684
f 2818 	2918 	2842
f 2803 	2840 	2798
f 2833 	226 	2834
f 2846 	2847 	2843
f 2846 	2843 	2844
f 2775 	970 	1055
f 2840 	2977 	2848
f 1223 	1221 	2847
f 1223 	2847 	2846
f 2841 	2849 	2845
f 2825 	2818 	2842
f 2850 	2840 	2848
f 1221 	2843 	2847
f 2825 	2842 	2890
f 2849 	2853 	2845
f 2854 	2836 	2846
f 1115 	1223 	2836
f 253 	1708 	2766
f 2846 	2836 	1223
f 2844 	2854 	2846
f 1116 	1223 	1115
f 2848 	2855 	2850
f 1497 	2869 	2868
f 1494 	2868 	2864
f 2838 	2830 	2854
f 2836 	2854 	2830
f 2775 	2858 	2778
f 2899 	2855 	2857
f 2858 	2780 	2778
f 480 	479 	2859
f 2715 	2868 	2753
f 2761 	2753 	2869
f 2848 	2857 	2855
f 2852 	2859 	2856
f 2861 	2860 	2851
f 2852 	2851 	2860
f 2860 	2859 	2852
f 2840 	2850 	2810
f 2861 	2851 	2865
f 2810 	2798 	2840
f 2715 	2718 	2864
f 2864 	2868 	2715
f 2810 	2850 	2711
f 2854 	2844 	2867
f 28 	2775 	1055
f 2867 	2838 	2854
f 2850 	2855 	2711
f 2863 	2867 	2866
f 2856 	2724 	2852
f 1497 	1666 	2869
f 2870 	2871 	2872
f 2962 	2815 	2869
f 2869 	2753 	2868
f 2815 	2761 	2869
f 2791 	2792 	2873
f 2870 	2872 	2833
f 2853 	2874 	2876
f 1929 	682 	681
f 2832 	2870 	2833
f 2878 	2861 	2865
f 2877 	2879 	2875
f 2874 	2808 	2876
f 2811 	2876 	2808
f 605 	682 	1929
f 22 	2872 	39
f 2871 	39 	2872
f 2876 	2880 	2853
f 39 	2871 	239
f 2870 	239 	2871
f 2880 	2845 	2853
f 681 	1992 	1923
f 2856 	479 	2724
f 1840 	1910 	305
f 1840 	305 	1338
f 2878 	2635 	2861
f 306 	305 	1910
f 2879 	2881 	2873
f 2841 	2845 	2839
f 2878 	2865 	2831
f 2881 	2877 	3000
f 2865 	2727 	2831
f 2851 	2727 	2865
f 2881 	2879 	2877
f 2589 	2684 	2839
f 2852 	2724 	2722
f 1914 	298 	1910
f 2598 	2845 	2880
f 2882 	2791 	2873
f 2598 	2880 	2876
f 2884 	2780 	2858
f 2884 	2778 	2780
f 2809 	2878 	2831
f 2881 	2882 	2873
f 1871 	1875 	605
f 2797 	2831 	2727
f 2792 	2384 	2873
f 2851 	2852 	2727
f 2874 	2538 	2808
f 2875 	2879 	2124
f 2852 	2722 	2727
f 2538 	2874 	2853
f 2384 	2124 	2879
f 1649 	606 	1512
f 2809 	2635 	2878
f 606 	605 	1875
f 2886 	2842 	2889
f 124 	2885 	2883
f 3126 	2892 	123
f 2931 	1892 	2755
f 2842 	2886 	2890
f 2889 	36 	47
f 2888 	2891 	2887
f 2089 	2088 	2564
f 2890 	2886 	47
f 2088 	2565 	2564
f 2891 	2895 	2887
f 2778 	2884 	2885
f 2886 	2889 	47
f 983 	2778 	2885
f 3014 	2896 	2891
f 877 	131 	47
f 2892 	1612 	2893
f 2088 	2626 	2565
f 2891 	2896 	2895
f 2893 	1612 	2894
f 704 	699 	1278
f 126 	1371 	2885
f 2895 	2896 	2875
f 2885 	124 	126
f 2896 	2877 	2875
f 2088 	2085 	2626
f 132 	123 	2892
f 2893 	2925 	2892
f 2913 	2923 	2894
f 2928 	2895 	2124
f 1278 	392 	704
f 125 	132 	2925
f 681 	2013 	2033
f 699 	1665 	1278
f 1892 	2934 	1893
f 2013 	681 	683
f 2124 	2895 	2875
f 699 	1630 	1710
f 2765 	1770 	2934
f 2731 	2733 	943
f 699 	1710 	1667
f 1992 	681 	2033
f 2884 	2858 	2898
f 305 	1333 	1338
f 2898 	28 	2884
f 1443 	260 	281
f 2858 	2775 	2898
f 2653 	2641 	2138
f 305 	1331 	1330
f 28 	2898 	2775
f 2901 	2903 	2904
f 2867 	2863 	2862
f 2867 	2862 	2838
f 2904 	2900 	2901
f 2899 	2902 	2906
f 2905 	22 	39
f 1216 	280 	279
f 2905 	44 	2908
f 1219 	279 	278
f 44 	46 	2908
f 2921 	2906 	2907
f 2894 	2904 	2913
f 2893 	2894 	2924
f 2909 	2908 	46
f 318 	2909 	46
f 2903 	2913 	2904
f 2923 	2924 	2894
f 3060 	2907 	2902
f 2862 	2863 	2910
f 278 	1214 	1219
f 1680 	2923 	2913
f 2902 	2907 	2906
f 2913 	1629 	1680
f 2915 	2816 	2914
f 2916 	2816 	2915
f 2932 	2816 	2916
f 2913 	2903 	1629
f 318 	226 	2909
f 2902 	2899 	2857
f 280 	1216 	1074
f 2911 	2932 	2916
f 2911 	2916 	2915
f 2911 	2915 	2912
f 321 	2883 	17
f 2912 	2915 	2914
f 2912 	2914 	2910
f 2917 	2783 	2711
f 2711 	2855 	2917
f 2899 	2917 	2855
f 2899 	2906 	2917
f 3122 	2917 	2906
f 2908 	226 	2905
f 2909 	226 	2908
f 22 	2905 	226
f 235 	1240 	2754
f 2906 	2921 	3122
f 2837 	2797 	2918
f 1668 	2904 	2894
f 2928 	3122 	2921
f 1278 	427 	392
f 3122 	1547 	2917
f 36 	2918 	7
f 1632 	2904 	1668
f 2885 	2884 	28
f 36 	2889 	2918
f 2889 	2842 	2918
f 2013 	678 	2012
f 2907 	2920 	2921
f 28 	2883 	2885
f 678 	2011 	2012
f 2920 	3074 	2922
f 831 	7 	2918
f 28 	17 	2883
f 132 	2892 	2925
f 2925 	2893 	2924
f 831 	2918 	2797
f 2011 	2495 	2496
f 2921 	2922 	2926
f 1677 	125 	2925
f 683 	678 	2013
f 2920 	2922 	2921
f 1214 	278 	131
f 1014 	2709 	2662
f 131 	2825 	2890
f 2890 	47 	131
f 2635 	2829 	131
f 2922 	2927 	2926
f 2925 	2924 	1677
f 47 	108 	877
f 1782 	2709 	1014
f 108 	719 	899
f 1014 	2662 	2653
f 2927 	2887 	2926
f 899 	877 	108
f 1014 	2653 	2138
f 2927 	2888 	2887
f 2926 	2928 	2921
f 2887 	2928 	2926
f 2887 	2895 	2928
f 2755 	2756 	2931
f 1652 	2171 	2768
f 2933 	2919 	429
f 428 	429 	2919
f 2712 	2946 	2713
f 2919 	2933 	2932
f 2919 	2932 	2929
f 2931 	2756 	2930
f 2929 	2932 	2911
f 1892 	2931 	2934
f 2934 	2764 	2765
f 2764 	2934 	2937
f 2949 	2786 	2946
f 1652 	2768 	1671
f 2938 	2939 	2936
f 2938 	2936 	2935
f 2756 	2764 	2937
f 2711 	2783 	2712
f 1893 	2934 	1770
f 2940 	2941 	2939
f 2940 	2939 	2938
f 2937 	2930 	2756
f 2704 	2733 	2705
f 2754 	954 	1081
f 2942 	2943 	2944
f 2931 	2930 	2937
f 2931 	2937 	2934
f 2843 	2941 	2940
f 2843 	2940 	2844
f 2943 	2945 	2944
f 2944 	2706 	2705
f 2705 	2942 	2944
f 1621 	1671 	2768
f 2943 	3129 	3130
f 2943 	3130 	2945
f 2706 	2944 	2731
f 2945 	2731 	2944
f 3130 	2731 	2945
f 1312 	2969 	1221
f 1221 	2936 	2939
f 1221 	2939 	2941
f 1221 	2941 	2843
f 2766 	1633 	2763
f 2938 	2935 	2954
f 2943 	2733 	3129
f 2942 	2705 	2733
f 2943 	2942 	2733
f 2946 	2947 	2948
f 2867 	2940 	2866
f 2948 	2949 	2946
f 2938 	2957 	2940
f 2844 	2940 	2867
f 1708 	1633 	2766
f 2712 	2947 	2946
f 1633 	1640 	2768
f 2950 	2910 	2863
f 2712 	2783 	2947
f 2947 	2783 	2948
f 2781 	3127 	2783
f 2951 	827 	2950
f 1621 	2768 	1640
f 2011 	2497 	2495
f 2713 	2946 	2786
f 2714 	2713 	2786
f 827 	2910 	2950
f 2720 	3027 	2953
f 3028 	1570 	2953
f 2954 	2957 	2938
f 1570 	2955 	2953
f 2863 	2866 	2950
f 2720 	2955 	2864
f 2866 	2940 	2957
f 2953 	2955 	2720
f 2956 	2791 	2958
f 2866 	2957 	2950
f 2950 	2957 	2954
f 2959 	308 	248
f 2951 	2950 	2954
f 2958 	2960 	2956
f 2956 	2963 	2952
f 2815 	2962 	2959
f 2961 	2959 	2962
f 2956 	2960 	2963
f 1782 	827 	2966
f 2963 	2965 	2952
f 1302 	1303 	1782
f 2966 	1302 	1782
f 2968 	2969 	1312
f 2968 	1312 	1311
f 326 	2970 	490
f 326 	2973 	2970
f 2968 	2971 	2972
f 2968 	2972 	2969
f 3030 	2963 	2960
f 490 	2970 	2967
f 2972 	2971 	2936
f 2935 	2936 	2971
f 2972 	1221 	2969
f 2936 	1221 	2972
f 2970 	2981 	2967
f 2981 	2979 	2967
f 2973 	2981 	2970
f 1696 	1697 	2986
f 1311 	2974 	2968
f 2971 	2968 	2975
f 1696 	2986 	1694
f 2974 	2975 	2968
f 2971 	2990 	2935
f 2975 	2989 	2971
f 3061 	2857 	2976
f 1693 	1689 	2981
f 1694 	2979 	2981
f 2976 	2857 	2977
f 2848 	2977 	2857
f 2980 	2961 	1693
f 2974 	2964 	2975
f 2840 	2978 	2977
f 2966 	2964 	2974
f 2979 	2986 	497
f 2803 	2952 	2840
f 2978 	2840 	2952
f 2966 	2974 	1314
f 2966 	1314 	1302
f 2973 	2959 	2961
f 2981 	2973 	2980
f 2965 	2978 	2952
f 2978 	2982 	2977
f 2980 	1693 	2981
f 2965 	2982 	2978
f 2951 	2984 	827
f 2980 	2973 	2961
f 2977 	2985 	2976
f 497 	2967 	2979
f 530 	497 	2986
f 2987 	540 	2986
f 2982 	2985 	2977
f 1694 	2986 	2979
f 2984 	2983 	827
f 543 	2988 	655
f 3067 	655 	2988
f 2990 	2971 	2989
f 2954 	2935 	2990
f 2991 	543 	2987
f 2988 	543 	2991
f 2990 	2951 	2954
f 2987 	1806 	2991
f 2987 	1697 	1806
f 2983 	2984 	2989
f 1806 	2988 	2991
f 3033 	2985 	2982
f 2984 	2951 	2990
f 2989 	2984 	2990
f 2975 	2964 	2983
f 2983 	2989 	2975
f 2912 	2910 	827
f 2994 	2997 	2276
f 2993 	2276 	2992
f 2994 	2276 	2993
f 2983 	2964 	827
f 2964 	2966 	827
f 2999 	2882 	3000
f 1240 	955 	2754
f 2882 	2999 	2958
f 2911 	2912 	827
f 3010 	2998 	2996
f 3017 	205 	204
f 2999 	3000 	3009
f 3020 	206 	205
f 570 	331 	436
f 2791 	2882 	2958
f 570 	569 	331
f 2882 	2881 	3000
f 207 	206 	3020
f 207 	3020 	3022
f 3022 	3023 	207
f 208 	207 	3023
f 330 	432 	331
f 3014 	3001 	2877
f 189 	441 	432
f 2992 	2447 	3002
f 2877 	3001 	3000
f 189 	227 	441
f 2993 	2992 	3003
f 2958 	3004 	2960
f 3002 	3003 	2992
f 3003 	3006 	2993
f 3005 	3007 	3001
f 436 	331 	432
f 2993 	3006 	2994
f 3007 	3000 	3001
f 252 	441 	241
f 3007 	3009 	3000
f 2994 	3006 	3008
f 451 	450 	441
f 3009 	3004 	2999
f 441 	227 	1819
f 2958 	2999 	3004
f 450 	238 	441
f 1819 	451 	441
f 3010 	3011 	3012
f 3014 	3005 	3001
f 3012 	3008 	3010
f 954 	2754 	955
f 2929 	827 	2919
f 3056 	3009 	3007
f 3010 	3013 	3011
f 3008 	3012 	2997
f 3008 	2997 	2994
f 2997 	3012 	2995
f 3011 	2995 	3012
f 2995 	3011 	2996
f 3013 	2996 	3011
f 2877 	2896 	3014
f 2996 	3013 	3010
f 2891 	3015 	3014
f 3010 	2018 	2998
f 3018 	3015 	2888
f 2891 	2888 	3015
f 827 	95 	774
f 3017 	69 	3016
f 1877 	1575 	3017
f 3017 	3016 	205
f 205 	3016 	3020
f 204 	193 	3017
f 3019 	3021 	3015
f 69 	3059 	3016
f 35 	235 	69
f 3021 	3005 	3014
f 3014 	3015 	3021
f 2496 	208 	3023
f 3015 	3018 	3019
f 3020 	3016 	3059
f 69 	3017 	1575
f 2409 	1570 	3028
f 2596 	3067 	1802
f 3027 	2720 	2709
f 3027 	2709 	3026
f 3028 	2953 	3027
f 3023 	2217 	2496
f 774 	2919 	827
f 2709 	3024 	3026
f 1040 	3024 	2709
f 3025 	3024 	1041
f 1040 	1041 	3024
f 3022 	3020 	3059
f 166 	2409 	3028
f 3065 	3029 	3027
f 3028 	3027 	3029
f 3026 	3065 	3027
f 3030 	2960 	3045
f 3028 	3029 	166
f 3023 	3022 	3059
f 2963 	3031 	2965
f 2965 	3032 	2982
f 3035 	3025 	3034
f 3034 	3025 	1045
f 3036 	3025 	3035
f 1041 	1045 	3025
f 3037 	3025 	3036
f 3046 	3025 	3037
f 3032 	3033 	2982
f 3038 	3039 	1054
f 3039 	3040 	1054
f 3041 	1054 	3040
f 1051 	1054 	3041
f 3041 	3034 	1051
f 1045 	1051 	3034
f 3034 	3041 	3040
f 3034 	3040 	3035
f 3035 	3040 	3039
f 3035 	3039 	3036
f 3036 	3039 	3038
f 3036 	3038 	3037
f 180 	3065 	3043
f 150 	235 	35
f 2965 	3031 	3032
f 180 	3043 	428
f 3024 	428 	3043
f 3030 	3031 	2963
f 3024 	188 	428
f 3026 	3043 	3065
f 3059 	69 	235
f 3026 	3024 	3043
f 3025 	3046 	188
f 3025 	188 	3024
f 3033 	3030 	3042
f 3032 	3031 	3033
f 3030 	3033 	3031
f 3044 	188 	3046
f 3044 	3048 	3049
f 3049 	3048 	1064
f 3048 	3051 	1064
f 1054 	1064 	3051
f 3038 	1054 	3051
f 3005 	3021 	3052
f 3051 	3048 	3044
f 3051 	3044 	3046
f 3037 	3038 	3051
f 3037 	3051 	3046
f 3050 	3052 	3021
f 3058 	3049 	1064
f 3050 	3047 	3052
f 3050 	3021 	3019
f 3054 	3053 	198
f 198 	202 	3054
f 1861 	1265 	1842
f 3005 	3052 	3055
f 3055 	3007 	3005
f 3055 	3056 	3007
f 3054 	202 	188
f 3044 	3054 	188
f 3056 	3045 	3009
f 3058 	3057 	3054
f 3045 	3004 	3009
f 3054 	3057 	3053
f 3054 	3044 	3049
f 3058 	3054 	3049
f 240 	3062 	223
f 3058 	1064 	3057
f 2960 	3004 	3045
f 3047 	3030 	3045
f 3047 	3045 	3056
f 3047 	3056 	3055
f 3047 	3055 	3052
f 235 	3053 	3059
f 3072 	2920 	3060
f 235 	198 	3053
f 2902 	3061 	3060
f 2902 	2857 	3061
f 3062 	1075 	3059
f 1071 	3059 	1075
f 3057 	3062 	3053
f 2976 	3063 	3061
f 2976 	2985 	3063
f 3063 	3064 	3061
f 3062 	3059 	3053
f 3064 	3060 	3061
f 3062 	240 	1075
f 2748 	1075 	240
f 3057 	223 	3062
f 223 	3057 	1076
f 1064 	1065 	3057
f 2985 	3033 	3063
f 1076 	2750 	223
f 3065 	172 	3029
f 3033 	3042 	3063
f 3066 	3067 	431
f 3042 	3064 	3063
f 3066 	431 	665
f 655 	3067 	3066
f 655 	3066 	665
f 2988 	1802 	3067
f 3070 	398 	3069
f 2670 	401 	3071
f 3071 	399 	3070
f 2907 	3060 	2920
f 3071 	3070 	1478
f 3018 	2888 	3073
f 2927 	3073 	2888
f 1478 	438 	3071
f 2670 	3071 	438
f 3075 	3076 	315
f 3073 	2927 	3074
f 3074 	2927 	2922
f 3075 	313 	3077
f 3081 	3077 	313
f 3074 	2920 	3072
f 315 	3076 	398
f 3064 	3078 	3060
f 1841 	1241 	1240
f 3068 	3077 	3086
f 3077 	3068 	3075
f 3068 	3069 	3075
f 398 	3076 	3069
f 3076 	3075 	3069
f 3078 	3072 	3060
f 3078 	3074 	3072
f 3080 	323 	3079
f 3074 	3082 	3073
f 3084 	3019 	3018
f 3085 	3086 	3081
f 3077 	3081 	3086
f 3085 	3080 	3083
f 3081 	3080 	3085
f 3079 	3083 	3080
f 3073 	3084 	3018
f 3082 	3084 	3073
f 1525 	3086 	3085
f 3083 	1524 	3085
f 3078 	3082 	3074
f 20 	3083 	3079
f 19 	1524 	3083
f 3050 	3019 	3084
f 209 	484 	3087
f 3087 	228 	209
f 3088 	267 	228
f 3088 	228 	3087
f 3121 	3088 	3087
f 544 	2396 	3088
f 3088 	2396 	267
f 3121 	544 	3088
f 3091 	3064 	3042
f 3089 	3092 	3098
f 3090 	3093 	3092
f 3090 	3092 	3089
f 3090 	53 	3093
f 3091 	3047 	3082
f 53 	3090 	3100
f 79 	544 	3093
f 3084 	3082 	3047
f 3047 	3050 	3084
f 3096 	3120 	3095
f 3094 	3097 	3098
f 3082 	3078 	3091
f 3064 	3091 	3078
f 3098 	3099 	3094
f 3097 	3089 	3098
f 3047 	3091 	3030
f 3042 	3030 	3091
f 3097 	3100 	3089
f 3100 	3090 	3089
f 3099 	3095 	3094
f 3099 	3105 	3096
f 3099 	3096 	3095
f 2731 	3130 	2730
f 3106 	2730 	3104
f 3098 	3107 	3105
f 3098 	3105 	3099
f 3098 	3092 	3107
f 3108 	3101 	2781
f 2786 	3128 	2785
f 3109 	2785 	3102
f 3107 	544 	3105
f 3092 	544 	3107
f 3108 	3109 	3102
f 3108 	3102 	3101
f 118 	3100 	3094
f 3095 	3111 	3094
f 3110 	3094 	3111
f 2781 	2785 	3109
f 2781 	3109 	3108
f 3103 	2732 	3112
f 481 	3113 	3114
f 3112 	3106 	3104
f 3112 	3104 	3103
f 3111 	3113 	3110
f 2732 	2730 	3106
f 2732 	3106 	3112
f 3111 	3114 	3113
f 3111 	3095 	3120
f 119 	111 	3115
f 3124 	3114 	3111
f 3110 	118 	3094
f 3113 	118 	3110
f 481 	578 	3113
f 3114 	3117 	481
f 2660 	3118 	3116
f 3124 	3117 	3114
f 119 	3115 	3116
f 119 	3116 	3118
f 3111 	3120 	3124
f 481 	3117 	484
f 3118 	3119 	117
f 3118 	117 	119
f 3087 	484 	3117
f 932 	880 	1558
f 2660 	1033 	3118
f 1558 	880 	1535
f 3087 	3117 	3121
f 3123 	3125 	120
f 3117 	3124 	3121
f 3119 	3123 	120
f 3119 	120 	117
f 3121 	3124 	544
f 3124 	3120 	544
f 3120 	3096 	544
f 3096 	3105 	544
f 3125 	3123 	1614
f 3119 	1556 	3123
f 3113 	578 	118
f 118 	53 	3100
f 3092 	3093 	544
f 3097 	3094 	3100
f 943 	2917 	1547
f 19 	3083 	20
f 3125 	122 	120
f 10 	31 	34
f 10 	34 	11
f 797 	932 	1558
f 3125 	3126 	123
f 3125 	123 	122
f 1080 	1077 	34
f 1958 	1961 	759
f 3125 	1614 	3126
f 1864 	759 	758
f 1547 	3122 	1859
f 797 	805 	932
f 2928 	1859 	3122
f 3128 	2949 	3127
f 2948 	3127 	2949
f 3127 	3131 	3132
f 3127 	3132 	3128
f 1961 	788 	759
f 3129 	3133 	3134
f 3129 	3134 	3130
f 3131 	3101 	3132
f 3102 	3132 	3101
f 3104 	3134 	3133
f 3104 	3133 	3103
f 791 	684 	902
f 3134 	2730 	3130
f 3104 	2730 	3134
f 902 	930 	791
f 3101 	3131 	2781
f 2948 	2783 	3127
f 3131 	3127 	2781
f 806 	776 	932
f 783 	932 	776
f 2786 	2949 	3128
f 3132 	2785 	3128
f 3102 	2785 	3132
f 932 	783 	795
f 3103 	3133 	2732
f 3129 	2732 	3133
f 791 	932 	795
f 806 	932 	805
f 685 	788 	1961
f 685 	1961 	679
f 657 	679 	1961
f 1284 	576 	340
f 932 	791 	930
f 955 	1240 	956
f 2929 	2911 	827
f 584 	580 	365
f 1841 	1849 	1262
f 1841 	1262 	1254
f 365 	587 	584
f 1841 	1254 	1241
f 587 	340 	576
f 587 	367 	340
f 1842 	1265 	1262
f 1842 	1262 	1849
f 1482 	1498 	770
f 532 	360 	369
f 884 	770 	1498
f 365 	777 	532
f 780 	775 	95
f 365 	532 	369
f 95 	1482 	780
f 684 	2317 	902
f 95 	775 	774
f 1961 	510 	657
f 1431 	1432 	1861
f 1431 	1861 	1285
f 1864 	680 	1285
f 1344 	1342 	331
f 569 	1344 	331
f 1341 	339 	1348
f 174 	3136 	535
f 340 	339 	1284
f 339 	1341 	1284
f 1430 	331 	1345
f 688 	1125 	2366
f 1535 	880 	1536
f 884 	1536 	880
f 796 	680 	1864
f 3135 	3140 	105
f 2280 	3135 	1925
f 102 	94 	2019
f 1861 	1432 	1265
f 1498 	1536 	884
f 758 	796 	1864
f 510 	2470 	509
f 175 	509 	3135
f 2019 	532 	535
f 1133 	2366 	1031
f 684 	688 	2366
f 2366 	1125 	1031
f 3136 	174 	175
f 3137 	3136 	3138
f 3136 	175 	3135
f 3136 	3135 	3138
f 3137 	2019 	3136
f 3138 	102 	3137
f 1925 	3135 	509
f 3139 	96 	102
f 3138 	3139 	102
f 167 	174 	535
f 105 	96 	3135
f 3135 	3139 	3138
f 102 	2019 	3137
f 1133 	558 	2366
f 558 	2373 	2366
f 30 	3141 	49
f 49 	3141 	3135
f 3142 	105 	3140
f 24 	3142 	3140
f 3141 	3140 	3135
f 2280 	49 	3135
f 1934 	30 	49
f 3141 	30 	27
f 3140 	3141 	27
f 96 	3142 	94
f 24 	3140 	27
f 2287 	2211 	27
f 96 	105 	3142
f 3142 	24 	94
f 24 	2019 	94
f 2211 	2084 	27
# 6364 faces

 #end of obj_0

